solid OpenSCAD_Model
  facet normal -0.0654873 -0.997853 0
    outer loop
      vertex -36.3916 -17.9743 0
      vertex -36 -18 20
      vertex -36.3916 -17.9743 20
    endloop
  endfacet
  facet normal -0.0654873 -0.997853 -0
    outer loop
      vertex -36 -18 20
      vertex -36.3916 -17.9743 0
      vertex -36 -18 0
    endloop
  endfacet
  facet normal 0.321574 -0.946885 0
    outer loop
      vertex 36.7765 -17.8978 0
      vertex 37.1481 -17.7716 20
      vertex 36.7765 -17.8978 20
    endloop
  endfacet
  facet normal 0.321574 -0.946885 0
    outer loop
      vertex 37.1481 -17.7716 20
      vertex 36.7765 -17.8978 0
      vertex 37.1481 -17.7716 0
    endloop
  endfacet
  facet normal 0 -1 0
    outer loop
      vertex -36 -18 0
      vertex 36 -18 20
      vertex -36 -18 20
    endloop
  endfacet
  facet normal 0 -1 -0
    outer loop
      vertex 36 -18 20
      vertex -36 -18 0
      vertex 36 -18 0
    endloop
  endfacet
  facet normal 0.19494 -0.980815 0
    outer loop
      vertex 36.3916 -17.9743 0
      vertex 36.7765 -17.8978 20
      vertex 36.3916 -17.9743 20
    endloop
  endfacet
  facet normal 0.19494 -0.980815 0
    outer loop
      vertex 36.7765 -17.8978 20
      vertex 36.3916 -17.9743 0
      vertex 36.7765 -17.8978 0
    endloop
  endfacet
  facet normal -0.19494 -0.980815 0
    outer loop
      vertex -36.7765 -17.8978 0
      vertex -36.3916 -17.9743 20
      vertex -36.7765 -17.8978 20
    endloop
  endfacet
  facet normal -0.19494 -0.980815 -0
    outer loop
      vertex -36.3916 -17.9743 20
      vertex -36.7765 -17.8978 0
      vertex -36.3916 -17.9743 0
    endloop
  endfacet
  facet normal -0.659478 0.751724 0
    outer loop
      vertex -37.8263 17.3801 0
      vertex -38.1213 17.1213 20
      vertex -37.8263 17.3801 20
    endloop
  endfacet
  facet normal -0.659478 0.751724 0
    outer loop
      vertex -38.1213 17.1213 20
      vertex -37.8263 17.3801 0
      vertex -38.1213 17.1213 0
    endloop
  endfacet
  facet normal 0.0654873 -0.997853 0
    outer loop
      vertex 36 -18 0
      vertex 36.3916 -17.9743 20
      vertex 36 -18 20
    endloop
  endfacet
  facet normal 0.0654873 -0.997853 0
    outer loop
      vertex 36.3916 -17.9743 20
      vertex 36 -18 0
      vertex 36.3916 -17.9743 0
    endloop
  endfacet
  facet normal 0.321574 0.946885 -0
    outer loop
      vertex 37.1481 17.7716 0
      vertex 36.7765 17.8978 20
      vertex 37.1481 17.7716 20
    endloop
  endfacet
  facet normal 0.321574 0.946885 0
    outer loop
      vertex 36.7765 17.8978 20
      vertex 37.1481 17.7716 0
      vertex 36.7765 17.8978 0
    endloop
  endfacet
  facet normal 0.946885 0.321574 0
    outer loop
      vertex 38.8978 15.7765 20
      vertex 38.7716 16.1481 0
      vertex 38.7716 16.1481 20
    endloop
  endfacet
  facet normal 0.946885 0.321574 0
    outer loop
      vertex 38.7716 16.1481 0
      vertex 38.8978 15.7765 20
      vertex 38.8978 15.7765 0
    endloop
  endfacet
  facet normal -0.0654873 0.997853 0
    outer loop
      vertex -36 18 0
      vertex -36.3916 17.9743 20
      vertex -36 18 20
    endloop
  endfacet
  facet normal -0.0654873 0.997853 0
    outer loop
      vertex -36.3916 17.9743 20
      vertex -36 18 0
      vertex -36.3916 17.9743 0
    endloop
  endfacet
  facet normal -1 0 0
    outer loop
      vertex -39 15 0
      vertex -39 6 7
      vertex -39 15 20
    endloop
  endfacet
  facet normal -1 0 0
    outer loop
      vertex -39 15 0
      vertex -39 -6 7
      vertex -39 6 7
    endloop
  endfacet
  facet normal -1 0 0
    outer loop
      vertex -39 -15 20
      vertex -39 -6 7
      vertex -39 -15 0
    endloop
  endfacet
  facet normal -1 0 0
    outer loop
      vertex -39 -15 0
      vertex -39 -6 7
      vertex -39 15 0
    endloop
  endfacet
  facet normal -1 0 0
    outer loop
      vertex -39 6 15
      vertex -39 15 20
      vertex -39 6 7
    endloop
  endfacet
  facet normal -1 0 0
    outer loop
      vertex -39 -6 15
      vertex -39 15 20
      vertex -39 6 15
    endloop
  endfacet
  facet normal -1 0 0
    outer loop
      vertex -39 -6 15
      vertex -39 -15 20
      vertex -39 15 20
    endloop
  endfacet
  facet normal -1 0 0
    outer loop
      vertex -39 -6 7
      vertex -39 -15 20
      vertex -39 -6 15
    endloop
  endfacet
  facet normal -0.321574 0.946885 0
    outer loop
      vertex -36.7765 17.8978 0
      vertex -37.1481 17.7716 20
      vertex -36.7765 17.8978 20
    endloop
  endfacet
  facet normal -0.321574 0.946885 0
    outer loop
      vertex -37.1481 17.7716 20
      vertex -36.7765 17.8978 0
      vertex -37.1481 17.7716 0
    endloop
  endfacet
  facet normal 0.555523 0.831501 -0
    outer loop
      vertex 37.8263 17.3801 0
      vertex 37.5 17.5981 20
      vertex 37.8263 17.3801 20
    endloop
  endfacet
  facet normal 0.555523 0.831501 0
    outer loop
      vertex 37.5 17.5981 20
      vertex 37.8263 17.3801 0
      vertex 37.5 17.5981 0
    endloop
  endfacet
  facet normal 0 0 1
    outer loop
      vertex 36.8478 14.7654 20
      vertex 39 15 20
      vertex 38.9743 15.3916 20
    endloop
  endfacet
  facet normal 0 0 1
    outer loop
      vertex 39 15 20
      vertex 37 14 20
      vertex 39 -15 20
    endloop
  endfacet
  facet normal 0 0 1
    outer loop
      vertex 36.8478 14.7654 20
      vertex 38.9743 15.3916 20
      vertex 38.8978 15.7765 20
    endloop
  endfacet
  facet normal -0 0 1
    outer loop
      vertex 37 -14 20
      vertex 39 -15 20
      vertex 37 14 20
    endloop
  endfacet
  facet normal 0 0 1
    outer loop
      vertex 36.7321 15 20
      vertex 38.8978 15.7765 20
      vertex 38.7716 16.1481 20
    endloop
  endfacet
  facet normal -0 0 1
    outer loop
      vertex 36.9829 -14.261 20
      vertex 39 -15 20
      vertex 37 -14 20
    endloop
  endfacet
  facet normal 0 0 1
    outer loop
      vertex 36.5867 15.2175 20
      vertex 38.7716 16.1481 20
      vertex 38.5981 16.5 20
    endloop
  endfacet
  facet normal -0 0 1
    outer loop
      vertex 36.9319 -14.5176 20
      vertex 39 -15 20
      vertex 36.9829 -14.261 20
    endloop
  endfacet
  facet normal 0 0 1
    outer loop
      vertex 36.5867 15.2175 20
      vertex 38.5981 16.5 20
      vertex 38.3801 16.8263 20
    endloop
  endfacet
  facet normal -0 0 1
    outer loop
      vertex 36.8478 -14.7654 20
      vertex 39 -15 20
      vertex 36.9319 -14.5176 20
    endloop
  endfacet
  facet normal 0 0 1
    outer loop
      vertex 36.4142 15.4142 20
      vertex 38.3801 16.8263 20
      vertex 38.1213 17.1213 20
    endloop
  endfacet
  facet normal 0 0 1
    outer loop
      vertex 39 -15 20
      vertex 36.8478 -14.7654 20
      vertex 38.9743 -15.3916 20
    endloop
  endfacet
  facet normal 0 0 1
    outer loop
      vertex 36.4142 15.4142 20
      vertex 38.1213 17.1213 20
      vertex 37.8263 17.3801 20
    endloop
  endfacet
  facet normal 0 0 1
    outer loop
      vertex 38.9743 -15.3916 20
      vertex 36.8478 -14.7654 20
      vertex 38.8978 -15.7765 20
    endloop
  endfacet
  facet normal 0 0 1
    outer loop
      vertex 36.2175 15.5867 20
      vertex 37.8263 17.3801 20
      vertex 37.5 17.5981 20
    endloop
  endfacet
  facet normal -0 0 1
    outer loop
      vertex 36.7321 -15 20
      vertex 38.8978 -15.7765 20
      vertex 36.8478 -14.7654 20
    endloop
  endfacet
  facet normal 0 0 1
    outer loop
      vertex 36.2175 15.5867 20
      vertex 37.5 17.5981 20
      vertex 37.1481 17.7716 20
    endloop
  endfacet
  facet normal 0 0 1
    outer loop
      vertex 38.8978 -15.7765 20
      vertex 36.7321 -15 20
      vertex 38.7716 -16.1481 20
    endloop
  endfacet
  facet normal -0 0 1
    outer loop
      vertex 36.5867 -15.2175 20
      vertex 38.7716 -16.1481 20
      vertex 36.7321 -15 20
    endloop
  endfacet
  facet normal 0 0 1
    outer loop
      vertex 39 15 20
      vertex 36.9829 14.261 20
      vertex 37 14 20
    endloop
  endfacet
  facet normal 0 0 1
    outer loop
      vertex 39 15 20
      vertex 36.9319 14.5176 20
      vertex 36.9829 14.261 20
    endloop
  endfacet
  facet normal 0 0 1
    outer loop
      vertex 39 15 20
      vertex 36.8478 14.7654 20
      vertex 36.9319 14.5176 20
    endloop
  endfacet
  facet normal 0 0 1
    outer loop
      vertex 36 15.7321 20
      vertex 37.1481 17.7716 20
      vertex 36.7765 17.8978 20
    endloop
  endfacet
  facet normal 0 0 1
    outer loop
      vertex 38.8978 15.7765 20
      vertex 36.7321 15 20
      vertex 36.8478 14.7654 20
    endloop
  endfacet
  facet normal 0 0 1
    outer loop
      vertex 38.7716 16.1481 20
      vertex 36.5867 15.2175 20
      vertex 36.7321 15 20
    endloop
  endfacet
  facet normal 0 0 1
    outer loop
      vertex 38.3801 16.8263 20
      vertex 36.4142 15.4142 20
      vertex 36.5867 15.2175 20
    endloop
  endfacet
  facet normal 0 0 1
    outer loop
      vertex 35.7654 15.8478 20
      vertex 36.7765 17.8978 20
      vertex 36.3916 17.9743 20
    endloop
  endfacet
  facet normal 0 0 1
    outer loop
      vertex 37.8263 17.3801 20
      vertex 36.2175 15.5867 20
      vertex 36.4142 15.4142 20
    endloop
  endfacet
  facet normal 0 0 1
    outer loop
      vertex 35.7654 15.8478 20
      vertex 36.3916 17.9743 20
      vertex 36 18 20
    endloop
  endfacet
  facet normal 0 0 1
    outer loop
      vertex 37.1481 17.7716 20
      vertex 36 15.7321 20
      vertex 36.2175 15.5867 20
    endloop
  endfacet
  facet normal 0 0 1
    outer loop
      vertex 36.7765 17.8978 20
      vertex 35.7654 15.8478 20
      vertex 36 15.7321 20
    endloop
  endfacet
  facet normal 0 0 1
    outer loop
      vertex 36 18 20
      vertex 35.5176 15.9319 20
      vertex 35.7654 15.8478 20
    endloop
  endfacet
  facet normal 0 0 1
    outer loop
      vertex 36 18 20
      vertex 35.261 15.9829 20
      vertex 35.5176 15.9319 20
    endloop
  endfacet
  facet normal 0 0 1
    outer loop
      vertex 36 18 20
      vertex 35 16 20
      vertex 35.261 15.9829 20
    endloop
  endfacet
  facet normal 0 0 1
    outer loop
      vertex 36 18 20
      vertex -35 16 20
      vertex 35 16 20
    endloop
  endfacet
  facet normal -0 0 1
    outer loop
      vertex -36 18 20
      vertex -35 16 20
      vertex 36 18 20
    endloop
  endfacet
  facet normal 0 0 1
    outer loop
      vertex -36 18 20
      vertex -35.261 15.9829 20
      vertex -35 16 20
    endloop
  endfacet
  facet normal 0 0 1
    outer loop
      vertex -36 18 20
      vertex -35.5176 15.9319 20
      vertex -35.261 15.9829 20
    endloop
  endfacet
  facet normal 0 0 1
    outer loop
      vertex -36 18 20
      vertex -35.7654 15.8478 20
      vertex -35.5176 15.9319 20
    endloop
  endfacet
  facet normal -0 0 1
    outer loop
      vertex -36.3916 17.9743 20
      vertex -35.7654 15.8478 20
      vertex -36 18 20
    endloop
  endfacet
  facet normal -0 0 1
    outer loop
      vertex -36.7765 17.8978 20
      vertex -35.7654 15.8478 20
      vertex -36.3916 17.9743 20
    endloop
  endfacet
  facet normal 0 0 1
    outer loop
      vertex -35.7654 15.8478 20
      vertex -36.7765 17.8978 20
      vertex -36 15.7321 20
    endloop
  endfacet
  facet normal -0 0 1
    outer loop
      vertex -37.1481 17.7716 20
      vertex -36 15.7321 20
      vertex -36.7765 17.8978 20
    endloop
  endfacet
  facet normal 0 0 1
    outer loop
      vertex -36 15.7321 20
      vertex -37.1481 17.7716 20
      vertex -36.2175 15.5867 20
    endloop
  endfacet
  facet normal -0 0 1
    outer loop
      vertex -37.5 17.5981 20
      vertex -36.2175 15.5867 20
      vertex -37.1481 17.7716 20
    endloop
  endfacet
  facet normal -0 0 1
    outer loop
      vertex -37.8263 17.3801 20
      vertex -36.2175 15.5867 20
      vertex -37.5 17.5981 20
    endloop
  endfacet
  facet normal 0 0 1
    outer loop
      vertex -36.2175 15.5867 20
      vertex -37.8263 17.3801 20
      vertex -36.4142 15.4142 20
    endloop
  endfacet
  facet normal -0 0 1
    outer loop
      vertex -38.1213 17.1213 20
      vertex -36.4142 15.4142 20
      vertex -37.8263 17.3801 20
    endloop
  endfacet
  facet normal -0 0 1
    outer loop
      vertex -38.3801 16.8263 20
      vertex -36.4142 15.4142 20
      vertex -38.1213 17.1213 20
    endloop
  endfacet
  facet normal 0 0 1
    outer loop
      vertex -36.4142 15.4142 20
      vertex -38.3801 16.8263 20
      vertex -36.5867 15.2175 20
    endloop
  endfacet
  facet normal -0 0 1
    outer loop
      vertex -38.7716 16.1481 20
      vertex -36.5867 15.2175 20
      vertex -38.5981 16.5 20
    endloop
  endfacet
  facet normal -0 0 1
    outer loop
      vertex -38.5981 16.5 20
      vertex -36.5867 15.2175 20
      vertex -38.3801 16.8263 20
    endloop
  endfacet
  facet normal 0 0 1
    outer loop
      vertex 38.7716 -16.1481 20
      vertex 36.5867 -15.2175 20
      vertex 38.5981 -16.5 20
    endloop
  endfacet
  facet normal 0 0 1
    outer loop
      vertex 38.5981 -16.5 20
      vertex 36.5867 -15.2175 20
      vertex 38.3801 -16.8263 20
    endloop
  endfacet
  facet normal -0 0 1
    outer loop
      vertex 36.4142 -15.4142 20
      vertex 38.3801 -16.8263 20
      vertex 36.5867 -15.2175 20
    endloop
  endfacet
  facet normal 0 0 1
    outer loop
      vertex 38.3801 -16.8263 20
      vertex 36.4142 -15.4142 20
      vertex 38.1213 -17.1213 20
    endloop
  endfacet
  facet normal 0 0 1
    outer loop
      vertex 38.1213 -17.1213 20
      vertex 36.4142 -15.4142 20
      vertex 37.8263 -17.3801 20
    endloop
  endfacet
  facet normal -0 0 1
    outer loop
      vertex 36.2175 -15.5867 20
      vertex 37.8263 -17.3801 20
      vertex 36.4142 -15.4142 20
    endloop
  endfacet
  facet normal 0 0 1
    outer loop
      vertex 37.8263 -17.3801 20
      vertex 36.2175 -15.5867 20
      vertex 37.5 -17.5981 20
    endloop
  endfacet
  facet normal 0 0 1
    outer loop
      vertex 37.5 -17.5981 20
      vertex 36.2175 -15.5867 20
      vertex 37.1481 -17.7716 20
    endloop
  endfacet
  facet normal -0 0 1
    outer loop
      vertex 36 -15.7321 20
      vertex 37.1481 -17.7716 20
      vertex 36.2175 -15.5867 20
    endloop
  endfacet
  facet normal 0 0 1
    outer loop
      vertex 37.1481 -17.7716 20
      vertex 36 -15.7321 20
      vertex 36.7765 -17.8978 20
    endloop
  endfacet
  facet normal -0 0 1
    outer loop
      vertex 35.7654 -15.8478 20
      vertex 36.7765 -17.8978 20
      vertex 36 -15.7321 20
    endloop
  endfacet
  facet normal 0 0 1
    outer loop
      vertex 36.7765 -17.8978 20
      vertex 35.7654 -15.8478 20
      vertex 36.3916 -17.9743 20
    endloop
  endfacet
  facet normal 0 0 1
    outer loop
      vertex 36.3916 -17.9743 20
      vertex 35.7654 -15.8478 20
      vertex 36 -18 20
    endloop
  endfacet
  facet normal -0 0 1
    outer loop
      vertex 35.5176 -15.9319 20
      vertex 36 -18 20
      vertex 35.7654 -15.8478 20
    endloop
  endfacet
  facet normal -0 0 1
    outer loop
      vertex 35.261 -15.9829 20
      vertex 36 -18 20
      vertex 35.5176 -15.9319 20
    endloop
  endfacet
  facet normal -0 0 1
    outer loop
      vertex 35 -16 20
      vertex 36 -18 20
      vertex 35.261 -15.9829 20
    endloop
  endfacet
  facet normal -0 0 1
    outer loop
      vertex -35 -16 20
      vertex 36 -18 20
      vertex 35 -16 20
    endloop
  endfacet
  facet normal 0 0 1
    outer loop
      vertex -35 -16 20
      vertex -36 -18 20
      vertex 36 -18 20
    endloop
  endfacet
  facet normal 0 0 1
    outer loop
      vertex -35.261 -15.9829 20
      vertex -36 -18 20
      vertex -35 -16 20
    endloop
  endfacet
  facet normal 0 0 1
    outer loop
      vertex -35.5176 -15.9319 20
      vertex -36 -18 20
      vertex -35.261 -15.9829 20
    endloop
  endfacet
  facet normal 0 0 1
    outer loop
      vertex -35.7654 -15.8478 20
      vertex -36 -18 20
      vertex -35.5176 -15.9319 20
    endloop
  endfacet
  facet normal 0 0 1
    outer loop
      vertex -36.7765 -17.8978 20
      vertex -35.7654 -15.8478 20
      vertex -36 -15.7321 20
    endloop
  endfacet
  facet normal 0 0 1
    outer loop
      vertex -37.1481 -17.7716 20
      vertex -36 -15.7321 20
      vertex -36.2175 -15.5867 20
    endloop
  endfacet
  facet normal 0 0 1
    outer loop
      vertex -35.7654 -15.8478 20
      vertex -36.3916 -17.9743 20
      vertex -36 -18 20
    endloop
  endfacet
  facet normal 0 0 1
    outer loop
      vertex -37.8263 -17.3801 20
      vertex -36.2175 -15.5867 20
      vertex -36.4142 -15.4142 20
    endloop
  endfacet
  facet normal 0 0 1
    outer loop
      vertex -38.3801 -16.8263 20
      vertex -36.4142 -15.4142 20
      vertex -36.5867 -15.2175 20
    endloop
  endfacet
  facet normal 0 0 1
    outer loop
      vertex -38.7716 -16.1481 20
      vertex -36.5867 -15.2175 20
      vertex -36.7321 -15 20
    endloop
  endfacet
  facet normal 0 0 1
    outer loop
      vertex -35.7654 -15.8478 20
      vertex -36.7765 -17.8978 20
      vertex -36.3916 -17.9743 20
    endloop
  endfacet
  facet normal 0 0 1
    outer loop
      vertex -38.8978 -15.7765 20
      vertex -36.7321 -15 20
      vertex -36.8478 -14.7654 20
    endloop
  endfacet
  facet normal 0 0 1
    outer loop
      vertex -39 -15 20
      vertex -36.8478 -14.7654 20
      vertex -36.9319 -14.5176 20
    endloop
  endfacet
  facet normal 0 0 1
    outer loop
      vertex -39 -15 20
      vertex -36.9319 -14.5176 20
      vertex -36.9829 -14.261 20
    endloop
  endfacet
  facet normal 0 0 1
    outer loop
      vertex -39 -15 20
      vertex -36.9829 -14.261 20
      vertex -37 -14 20
    endloop
  endfacet
  facet normal 0 0 1
    outer loop
      vertex -36 -15.7321 20
      vertex -37.1481 -17.7716 20
      vertex -36.7765 -17.8978 20
    endloop
  endfacet
  facet normal 0 0 1
    outer loop
      vertex -37 14 20
      vertex -39 15 20
      vertex -37 -14 20
    endloop
  endfacet
  facet normal 0 0 1
    outer loop
      vertex -36.5867 15.2175 20
      vertex -38.7716 16.1481 20
      vertex -36.7321 15 20
    endloop
  endfacet
  facet normal 0 0 1
    outer loop
      vertex -39 -15 20
      vertex -37 -14 20
      vertex -39 15 20
    endloop
  endfacet
  facet normal -0 0 1
    outer loop
      vertex -38.8978 15.7765 20
      vertex -36.7321 15 20
      vertex -38.7716 16.1481 20
    endloop
  endfacet
  facet normal 0 0 1
    outer loop
      vertex -36.8478 -14.7654 20
      vertex -39 -15 20
      vertex -38.9743 -15.3916 20
    endloop
  endfacet
  facet normal 0 0 1
    outer loop
      vertex -36.7321 15 20
      vertex -38.8978 15.7765 20
      vertex -36.8478 14.7654 20
    endloop
  endfacet
  facet normal 0 0 1
    outer loop
      vertex -36.2175 -15.5867 20
      vertex -37.5 -17.5981 20
      vertex -37.1481 -17.7716 20
    endloop
  endfacet
  facet normal -0 0 1
    outer loop
      vertex -38.9743 15.3916 20
      vertex -36.8478 14.7654 20
      vertex -38.8978 15.7765 20
    endloop
  endfacet
  facet normal 0 0 1
    outer loop
      vertex -36.2175 -15.5867 20
      vertex -37.8263 -17.3801 20
      vertex -37.5 -17.5981 20
    endloop
  endfacet
  facet normal -0 0 1
    outer loop
      vertex -39 15 20
      vertex -36.8478 14.7654 20
      vertex -38.9743 15.3916 20
    endloop
  endfacet
  facet normal 0 0 1
    outer loop
      vertex -36.4142 -15.4142 20
      vertex -38.1213 -17.1213 20
      vertex -37.8263 -17.3801 20
    endloop
  endfacet
  facet normal 0 0 1
    outer loop
      vertex -36.8478 14.7654 20
      vertex -39 15 20
      vertex -36.9319 14.5176 20
    endloop
  endfacet
  facet normal 0 0 1
    outer loop
      vertex -36.4142 -15.4142 20
      vertex -38.3801 -16.8263 20
      vertex -38.1213 -17.1213 20
    endloop
  endfacet
  facet normal 0 0 1
    outer loop
      vertex -36.9319 14.5176 20
      vertex -39 15 20
      vertex -36.9829 14.261 20
    endloop
  endfacet
  facet normal 0 0 1
    outer loop
      vertex -36.5867 -15.2175 20
      vertex -38.5981 -16.5 20
      vertex -38.3801 -16.8263 20
    endloop
  endfacet
  facet normal 0 0 1
    outer loop
      vertex -36.9829 14.261 20
      vertex -39 15 20
      vertex -37 14 20
    endloop
  endfacet
  facet normal 0 0 1
    outer loop
      vertex -36.5867 -15.2175 20
      vertex -38.7716 -16.1481 20
      vertex -38.5981 -16.5 20
    endloop
  endfacet
  facet normal 0 0 1
    outer loop
      vertex -36.7321 -15 20
      vertex -38.8978 -15.7765 20
      vertex -38.7716 -16.1481 20
    endloop
  endfacet
  facet normal 0 0 1
    outer loop
      vertex -36.8478 -14.7654 20
      vertex -38.9743 -15.3916 20
      vertex -38.8978 -15.7765 20
    endloop
  endfacet
  facet normal 0 1 -0
    outer loop
      vertex 36 18 0
      vertex -36 18 20
      vertex 36 18 20
    endloop
  endfacet
  facet normal 0 1 0
    outer loop
      vertex -36 18 20
      vertex 36 18 0
      vertex -36 18 0
    endloop
  endfacet
  facet normal 0.659478 -0.751724 0
    outer loop
      vertex 37.8263 -17.3801 0
      vertex 38.1213 -17.1213 20
      vertex 37.8263 -17.3801 20
    endloop
  endfacet
  facet normal 0.659478 -0.751724 0
    outer loop
      vertex 38.1213 -17.1213 20
      vertex 37.8263 -17.3801 0
      vertex 38.1213 -17.1213 0
    endloop
  endfacet
  facet normal -0.321574 -0.946885 0
    outer loop
      vertex -37.1481 -17.7716 0
      vertex -36.7765 -17.8978 20
      vertex -37.1481 -17.7716 20
    endloop
  endfacet
  facet normal -0.321574 -0.946885 -0
    outer loop
      vertex -36.7765 -17.8978 20
      vertex -37.1481 -17.7716 0
      vertex -36.7765 -17.8978 0
    endloop
  endfacet
  facet normal -0.946885 0.321574 0
    outer loop
      vertex -38.8978 15.7765 0
      vertex -38.7716 16.1481 20
      vertex -38.7716 16.1481 0
    endloop
  endfacet
  facet normal -0.946885 0.321574 0
    outer loop
      vertex -38.7716 16.1481 20
      vertex -38.8978 15.7765 0
      vertex -38.8978 15.7765 20
    endloop
  endfacet
  facet normal -0.896911 0.442211 0
    outer loop
      vertex -38.7716 16.1481 0
      vertex -38.5981 16.5 20
      vertex -38.5981 16.5 0
    endloop
  endfacet
  facet normal -0.896911 0.442211 0
    outer loop
      vertex -38.5981 16.5 20
      vertex -38.7716 16.1481 0
      vertex -38.7716 16.1481 20
    endloop
  endfacet
  facet normal 1 -0 0
    outer loop
      vertex 39 -15 20
      vertex 39 15 0
      vertex 39 15 20
    endloop
  endfacet
  facet normal 1 0 0
    outer loop
      vertex 39 15 0
      vertex 39 -15 20
      vertex 39 -15 0
    endloop
  endfacet
  facet normal -0.442211 0.896911 0
    outer loop
      vertex -37.1481 17.7716 0
      vertex -37.5 17.5981 20
      vertex -37.1481 17.7716 20
    endloop
  endfacet
  facet normal -0.442211 0.896911 0
    outer loop
      vertex -37.5 17.5981 20
      vertex -37.1481 17.7716 0
      vertex -37.5 17.5981 0
    endloop
  endfacet
  facet normal 0.831501 -0.555523 0
    outer loop
      vertex 38.3801 -16.8263 20
      vertex 38.5981 -16.5 0
      vertex 38.5981 -16.5 20
    endloop
  endfacet
  facet normal 0.831501 -0.555523 0
    outer loop
      vertex 38.5981 -16.5 0
      vertex 38.3801 -16.8263 20
      vertex 38.3801 -16.8263 0
    endloop
  endfacet
  facet normal 0.19494 0.980815 -0
    outer loop
      vertex 36.7765 17.8978 0
      vertex 36.3916 17.9743 20
      vertex 36.7765 17.8978 20
    endloop
  endfacet
  facet normal 0.19494 0.980815 0
    outer loop
      vertex 36.3916 17.9743 20
      vertex 36.7765 17.8978 0
      vertex 36.3916 17.9743 0
    endloop
  endfacet
  facet normal 0.751724 -0.659478 0
    outer loop
      vertex 38.1213 -17.1213 20
      vertex 38.3801 -16.8263 0
      vertex 38.3801 -16.8263 20
    endloop
  endfacet
  facet normal 0.751724 -0.659478 0
    outer loop
      vertex 38.3801 -16.8263 0
      vertex 38.1213 -17.1213 20
      vertex 38.1213 -17.1213 0
    endloop
  endfacet
  facet normal -0.19494 0.980815 0
    outer loop
      vertex -36.3916 17.9743 0
      vertex -36.7765 17.8978 20
      vertex -36.3916 17.9743 20
    endloop
  endfacet
  facet normal -0.19494 0.980815 0
    outer loop
      vertex -36.7765 17.8978 20
      vertex -36.3916 17.9743 0
      vertex -36.7765 17.8978 0
    endloop
  endfacet
  facet normal 0.997853 -0.0654873 0
    outer loop
      vertex 38.9743 -15.3916 20
      vertex 39 -15 0
      vertex 39 -15 20
    endloop
  endfacet
  facet normal 0.997853 -0.0654873 0
    outer loop
      vertex 39 -15 0
      vertex 38.9743 -15.3916 20
      vertex 38.9743 -15.3916 0
    endloop
  endfacet
  facet normal -0.980815 0.19494 0
    outer loop
      vertex -38.9743 15.3916 0
      vertex -38.8978 15.7765 20
      vertex -38.8978 15.7765 0
    endloop
  endfacet
  facet normal -0.980815 0.19494 0
    outer loop
      vertex -38.8978 15.7765 20
      vertex -38.9743 15.3916 0
      vertex -38.9743 15.3916 20
    endloop
  endfacet
  facet normal -0.555523 0.831501 0
    outer loop
      vertex -37.5 17.5981 0
      vertex -37.8263 17.3801 20
      vertex -37.5 17.5981 20
    endloop
  endfacet
  facet normal -0.555523 0.831501 0
    outer loop
      vertex -37.8263 17.3801 20
      vertex -37.5 17.5981 0
      vertex -37.8263 17.3801 0
    endloop
  endfacet
  facet normal -0.997853 -0.0654873 0
    outer loop
      vertex -38.9743 -15.3916 0
      vertex -39 -15 20
      vertex -39 -15 0
    endloop
  endfacet
  facet normal -0.997853 -0.0654873 0
    outer loop
      vertex -39 -15 20
      vertex -38.9743 -15.3916 0
      vertex -38.9743 -15.3916 20
    endloop
  endfacet
  facet normal 0.751724 0.659478 0
    outer loop
      vertex 38.3801 16.8263 20
      vertex 38.1213 17.1213 0
      vertex 38.1213 17.1213 20
    endloop
  endfacet
  facet normal 0.751724 0.659478 0
    outer loop
      vertex 38.1213 17.1213 0
      vertex 38.3801 16.8263 20
      vertex 38.3801 16.8263 0
    endloop
  endfacet
  facet normal 0.0654873 0.997853 -0
    outer loop
      vertex 36.3916 17.9743 0
      vertex 36 18 20
      vertex 36.3916 17.9743 20
    endloop
  endfacet
  facet normal 0.0654873 0.997853 0
    outer loop
      vertex 36 18 20
      vertex 36.3916 17.9743 0
      vertex 36 18 0
    endloop
  endfacet
  facet normal -0.751724 0.659478 0
    outer loop
      vertex -38.3801 16.8263 0
      vertex -38.1213 17.1213 20
      vertex -38.1213 17.1213 0
    endloop
  endfacet
  facet normal -0.751724 0.659478 0
    outer loop
      vertex -38.1213 17.1213 20
      vertex -38.3801 16.8263 0
      vertex -38.3801 16.8263 20
    endloop
  endfacet
  facet normal 0.831501 0.555523 0
    outer loop
      vertex 38.5981 16.5 20
      vertex 38.3801 16.8263 0
      vertex 38.3801 16.8263 20
    endloop
  endfacet
  facet normal 0.831501 0.555523 0
    outer loop
      vertex 38.3801 16.8263 0
      vertex 38.5981 16.5 20
      vertex 38.5981 16.5 0
    endloop
  endfacet
  facet normal -0.831501 0.555523 0
    outer loop
      vertex -38.5981 16.5 0
      vertex -38.3801 16.8263 20
      vertex -38.3801 16.8263 0
    endloop
  endfacet
  facet normal -0.831501 0.555523 0
    outer loop
      vertex -38.3801 16.8263 20
      vertex -38.5981 16.5 0
      vertex -38.5981 16.5 20
    endloop
  endfacet
  facet normal 0.980815 -0.19494 0
    outer loop
      vertex 38.8978 -15.7765 20
      vertex 38.9743 -15.3916 0
      vertex 38.9743 -15.3916 20
    endloop
  endfacet
  facet normal 0.980815 -0.19494 0
    outer loop
      vertex 38.9743 -15.3916 0
      vertex 38.8978 -15.7765 20
      vertex 38.8978 -15.7765 0
    endloop
  endfacet
  facet normal -0.751724 -0.659478 0
    outer loop
      vertex -38.1213 -17.1213 0
      vertex -38.3801 -16.8263 20
      vertex -38.3801 -16.8263 0
    endloop
  endfacet
  facet normal -0.751724 -0.659478 0
    outer loop
      vertex -38.3801 -16.8263 20
      vertex -38.1213 -17.1213 0
      vertex -38.1213 -17.1213 20
    endloop
  endfacet
  facet normal 0.659478 0.751724 -0
    outer loop
      vertex 38.1213 17.1213 0
      vertex 37.8263 17.3801 20
      vertex 38.1213 17.1213 20
    endloop
  endfacet
  facet normal 0.659478 0.751724 0
    outer loop
      vertex 37.8263 17.3801 20
      vertex 38.1213 17.1213 0
      vertex 37.8263 17.3801 0
    endloop
  endfacet
  facet normal 0.896911 0.442211 0
    outer loop
      vertex 38.7716 16.1481 20
      vertex 38.5981 16.5 0
      vertex 38.5981 16.5 20
    endloop
  endfacet
  facet normal 0.896911 0.442211 0
    outer loop
      vertex 38.5981 16.5 0
      vertex 38.7716 16.1481 20
      vertex 38.7716 16.1481 0
    endloop
  endfacet
  facet normal 0.980815 0.19494 0
    outer loop
      vertex 38.9743 15.3916 20
      vertex 38.8978 15.7765 0
      vertex 38.8978 15.7765 20
    endloop
  endfacet
  facet normal 0.980815 0.19494 0
    outer loop
      vertex 38.8978 15.7765 0
      vertex 38.9743 15.3916 20
      vertex 38.9743 15.3916 0
    endloop
  endfacet
  facet normal 0.946885 -0.321574 0
    outer loop
      vertex 38.7716 -16.1481 20
      vertex 38.8978 -15.7765 0
      vertex 38.8978 -15.7765 20
    endloop
  endfacet
  facet normal 0.946885 -0.321574 0
    outer loop
      vertex 38.8978 -15.7765 0
      vertex 38.7716 -16.1481 20
      vertex 38.7716 -16.1481 0
    endloop
  endfacet
  facet normal 0.896911 -0.442211 0
    outer loop
      vertex 38.5981 -16.5 20
      vertex 38.7716 -16.1481 0
      vertex 38.7716 -16.1481 20
    endloop
  endfacet
  facet normal 0.896911 -0.442211 0
    outer loop
      vertex 38.7716 -16.1481 0
      vertex 38.5981 -16.5 20
      vertex 38.5981 -16.5 0
    endloop
  endfacet
  facet normal -0.997853 0.0654873 0
    outer loop
      vertex -39 15 0
      vertex -38.9743 15.3916 20
      vertex -38.9743 15.3916 0
    endloop
  endfacet
  facet normal -0.997853 0.0654873 0
    outer loop
      vertex -38.9743 15.3916 20
      vertex -39 15 0
      vertex -39 15 20
    endloop
  endfacet
  facet normal 0.997853 0.0654873 0
    outer loop
      vertex 39 15 20
      vertex 38.9743 15.3916 0
      vertex 38.9743 15.3916 20
    endloop
  endfacet
  facet normal 0.997853 0.0654873 0
    outer loop
      vertex 38.9743 15.3916 0
      vertex 39 15 20
      vertex 39 15 0
    endloop
  endfacet
  facet normal -0.442211 -0.896911 0
    outer loop
      vertex -37.5 -17.5981 0
      vertex -37.1481 -17.7716 20
      vertex -37.5 -17.5981 20
    endloop
  endfacet
  facet normal -0.442211 -0.896911 -0
    outer loop
      vertex -37.1481 -17.7716 20
      vertex -37.5 -17.5981 0
      vertex -37.1481 -17.7716 0
    endloop
  endfacet
  facet normal 0.555523 -0.831501 0
    outer loop
      vertex 37.5 -17.5981 0
      vertex 37.8263 -17.3801 20
      vertex 37.5 -17.5981 20
    endloop
  endfacet
  facet normal 0.555523 -0.831501 0
    outer loop
      vertex 37.8263 -17.3801 20
      vertex 37.5 -17.5981 0
      vertex 37.8263 -17.3801 0
    endloop
  endfacet
  facet normal -0.555523 -0.831501 0
    outer loop
      vertex -37.8263 -17.3801 0
      vertex -37.5 -17.5981 20
      vertex -37.8263 -17.3801 20
    endloop
  endfacet
  facet normal -0.555523 -0.831501 -0
    outer loop
      vertex -37.5 -17.5981 20
      vertex -37.8263 -17.3801 0
      vertex -37.5 -17.5981 0
    endloop
  endfacet
  facet normal 0.442211 0.896911 -0
    outer loop
      vertex 37.5 17.5981 0
      vertex 37.1481 17.7716 20
      vertex 37.5 17.5981 20
    endloop
  endfacet
  facet normal 0.442211 0.896911 0
    outer loop
      vertex 37.1481 17.7716 20
      vertex 37.5 17.5981 0
      vertex 37.1481 17.7716 0
    endloop
  endfacet
  facet normal -0.896911 -0.442211 0
    outer loop
      vertex -38.5981 -16.5 0
      vertex -38.7716 -16.1481 20
      vertex -38.7716 -16.1481 0
    endloop
  endfacet
  facet normal -0.896911 -0.442211 0
    outer loop
      vertex -38.7716 -16.1481 20
      vertex -38.5981 -16.5 0
      vertex -38.5981 -16.5 20
    endloop
  endfacet
  facet normal -0.980815 -0.19494 0
    outer loop
      vertex -38.8978 -15.7765 0
      vertex -38.9743 -15.3916 20
      vertex -38.9743 -15.3916 0
    endloop
  endfacet
  facet normal -0.980815 -0.19494 0
    outer loop
      vertex -38.9743 -15.3916 20
      vertex -38.8978 -15.7765 0
      vertex -38.8978 -15.7765 20
    endloop
  endfacet
  facet normal -0.831501 -0.555523 0
    outer loop
      vertex -38.3801 -16.8263 0
      vertex -38.5981 -16.5 20
      vertex -38.5981 -16.5 0
    endloop
  endfacet
  facet normal -0.831501 -0.555523 0
    outer loop
      vertex -38.5981 -16.5 20
      vertex -38.3801 -16.8263 0
      vertex -38.3801 -16.8263 20
    endloop
  endfacet
  facet normal -0.659478 -0.751724 0
    outer loop
      vertex -38.1213 -17.1213 0
      vertex -37.8263 -17.3801 20
      vertex -38.1213 -17.1213 20
    endloop
  endfacet
  facet normal -0.659478 -0.751724 -0
    outer loop
      vertex -37.8263 -17.3801 20
      vertex -38.1213 -17.1213 0
      vertex -37.8263 -17.3801 0
    endloop
  endfacet
  facet normal 0.442211 -0.896911 0
    outer loop
      vertex 37.1481 -17.7716 0
      vertex 37.5 -17.5981 20
      vertex 37.1481 -17.7716 20
    endloop
  endfacet
  facet normal 0.442211 -0.896911 0
    outer loop
      vertex 37.5 -17.5981 20
      vertex 37.1481 -17.7716 0
      vertex 37.5 -17.5981 0
    endloop
  endfacet
  facet normal -0.946885 -0.321574 0
    outer loop
      vertex -38.7716 -16.1481 0
      vertex -38.8978 -15.7765 20
      vertex -38.8978 -15.7765 0
    endloop
  endfacet
  facet normal -0.946885 -0.321574 0
    outer loop
      vertex -38.8978 -15.7765 20
      vertex -38.7716 -16.1481 0
      vertex -38.7716 -16.1481 20
    endloop
  endfacet
  facet normal 0 0 -1
    outer loop
      vertex 36 -18 0
      vertex 39 -15 0
      vertex 38.9743 -15.3916 0
    endloop
  endfacet
  facet normal 0 0 -1
    outer loop
      vertex 39 -15 0
      vertex 30 -12 0
      vertex 39 15 0
    endloop
  endfacet
  facet normal 0 0 -1
    outer loop
      vertex 36 -18 0
      vertex 38.9743 -15.3916 0
      vertex 38.8978 -15.7765 0
    endloop
  endfacet
  facet normal 0 0 -1
    outer loop
      vertex 30 12 0
      vertex 39 15 0
      vertex 30 -12 0
    endloop
  endfacet
  facet normal 0 0 -1
    outer loop
      vertex 36 -18 0
      vertex 38.8978 -15.7765 0
      vertex 38.7716 -16.1481 0
    endloop
  endfacet
  facet normal 0 0 -1
    outer loop
      vertex 29.9914 12.1305 0
      vertex 39 15 0
      vertex 30 12 0
    endloop
  endfacet
  facet normal 0 0 -1
    outer loop
      vertex 36 -18 0
      vertex 38.7716 -16.1481 0
      vertex 38.5981 -16.5 0
    endloop
  endfacet
  facet normal 0 0 -1
    outer loop
      vertex 29.9659 12.2588 0
      vertex 39 15 0
      vertex 29.9914 12.1305 0
    endloop
  endfacet
  facet normal 0 0 -1
    outer loop
      vertex 36 -18 0
      vertex 38.5981 -16.5 0
      vertex 38.3801 -16.8263 0
    endloop
  endfacet
  facet normal 0 -0 -1
    outer loop
      vertex 36 18 0
      vertex 39 15 0
      vertex 29.9659 12.2588 0
    endloop
  endfacet
  facet normal 0 0 -1
    outer loop
      vertex 36 -18 0
      vertex 38.3801 -16.8263 0
      vertex 38.1213 -17.1213 0
    endloop
  endfacet
  facet normal 0 0 -1
    outer loop
      vertex 39 15 0
      vertex 36 18 0
      vertex 38.9743 15.3916 0
    endloop
  endfacet
  facet normal 0 0 -1
    outer loop
      vertex 36 -18 0
      vertex 38.1213 -17.1213 0
      vertex 37.8263 -17.3801 0
    endloop
  endfacet
  facet normal 0 0 -1
    outer loop
      vertex 38.9743 15.3916 0
      vertex 36 18 0
      vertex 38.8978 15.7765 0
    endloop
  endfacet
  facet normal 0 0 -1
    outer loop
      vertex 36 -18 0
      vertex 37.8263 -17.3801 0
      vertex 37.5 -17.5981 0
    endloop
  endfacet
  facet normal 0 0 -1
    outer loop
      vertex 38.7716 16.1481 0
      vertex 36 18 0
      vertex 38.5981 16.5 0
    endloop
  endfacet
  facet normal 0 0 -1
    outer loop
      vertex 36 -18 0
      vertex 37.5 -17.5981 0
      vertex 37.1481 -17.7716 0
    endloop
  endfacet
  facet normal 0 0 -1
    outer loop
      vertex 38.5981 16.5 0
      vertex 36 18 0
      vertex 38.3801 16.8263 0
    endloop
  endfacet
  facet normal 0 0 -1
    outer loop
      vertex 36 -18 0
      vertex 37.1481 -17.7716 0
      vertex 36.7765 -17.8978 0
    endloop
  endfacet
  facet normal 0 0 -1
    outer loop
      vertex 38.3801 16.8263 0
      vertex 36 18 0
      vertex 38.1213 17.1213 0
    endloop
  endfacet
  facet normal 0 0 -1
    outer loop
      vertex 36 -18 0
      vertex 36.7765 -17.8978 0
      vertex 36.3916 -17.9743 0
    endloop
  endfacet
  facet normal 0 0 -1
    outer loop
      vertex 38.1213 17.1213 0
      vertex 36 18 0
      vertex 37.8263 17.3801 0
    endloop
  endfacet
  facet normal -0 0 -1
    outer loop
      vertex 39 -15 0
      vertex 36 -18 0
      vertex 29.9659 -12.2588 0
    endloop
  endfacet
  facet normal 0 0 -1
    outer loop
      vertex 37.8263 17.3801 0
      vertex 36 18 0
      vertex 37.5 17.5981 0
    endloop
  endfacet
  facet normal 0 0 -1
    outer loop
      vertex 37.1481 17.7716 0
      vertex 36 18 0
      vertex 36.7765 17.8978 0
    endloop
  endfacet
  facet normal 0 0 -1
    outer loop
      vertex 39 -15 0
      vertex 29.9914 -12.1305 0
      vertex 30 -12 0
    endloop
  endfacet
  facet normal 0 0 -1
    outer loop
      vertex 39 -15 0
      vertex 29.9659 -12.2588 0
      vertex 29.9914 -12.1305 0
    endloop
  endfacet
  facet normal 0 0 -1
    outer loop
      vertex 36 -18 0
      vertex 29.9239 -12.3827 0
      vertex 29.9659 -12.2588 0
    endloop
  endfacet
  facet normal 0 0 -1
    outer loop
      vertex 36 -18 0
      vertex 29.866 -12.5 0
      vertex 29.9239 -12.3827 0
    endloop
  endfacet
  facet normal 0 0 -1
    outer loop
      vertex 36 -18 0
      vertex 29.7934 -12.6088 0
      vertex 29.866 -12.5 0
    endloop
  endfacet
  facet normal 0 0 -1
    outer loop
      vertex 36 -18 0
      vertex 29.7071 -12.7071 0
      vertex 29.7934 -12.6088 0
    endloop
  endfacet
  facet normal 0 0 -1
    outer loop
      vertex 36 -18 0
      vertex 29.6088 -12.7934 0
      vertex 29.7071 -12.7071 0
    endloop
  endfacet
  facet normal 0 0 -1
    outer loop
      vertex 36 -18 0
      vertex 29.5 -12.866 0
      vertex 29.6088 -12.7934 0
    endloop
  endfacet
  facet normal 0 0 -1
    outer loop
      vertex 36 -18 0
      vertex 29.3827 -12.9239 0
      vertex 29.5 -12.866 0
    endloop
  endfacet
  facet normal 0 0 -1
    outer loop
      vertex 36 -18 0
      vertex 29.2588 -12.9659 0
      vertex 29.3827 -12.9239 0
    endloop
  endfacet
  facet normal 0 0 -1
    outer loop
      vertex 36 -18 0
      vertex 29.1305 -12.9914 0
      vertex 29.2588 -12.9659 0
    endloop
  endfacet
  facet normal 0 0 -1
    outer loop
      vertex 36 -18 0
      vertex 29 -13 0
      vertex 29.1305 -12.9914 0
    endloop
  endfacet
  facet normal 0 0 -1
    outer loop
      vertex 36 -18 0
      vertex -29 -13 0
      vertex 29 -13 0
    endloop
  endfacet
  facet normal 0 0 -1
    outer loop
      vertex -36 -18 0
      vertex -29 -13 0
      vertex 36 -18 0
    endloop
  endfacet
  facet normal -0 0 -1
    outer loop
      vertex -29.9914 -12.1305 0
      vertex -39 -15 0
      vertex -30 -12 0
    endloop
  endfacet
  facet normal -0 0 -1
    outer loop
      vertex -29.9659 -12.2588 0
      vertex -39 -15 0
      vertex -29.9914 -12.1305 0
    endloop
  endfacet
  facet normal 0 0 -1
    outer loop
      vertex -39 -15 0
      vertex -29.9659 -12.2588 0
      vertex -36 -18 0
    endloop
  endfacet
  facet normal -0 0 -1
    outer loop
      vertex -29.9239 -12.3827 0
      vertex -36 -18 0
      vertex -29.9659 -12.2588 0
    endloop
  endfacet
  facet normal -0 0 -1
    outer loop
      vertex -29.866 -12.5 0
      vertex -36 -18 0
      vertex -29.9239 -12.3827 0
    endloop
  endfacet
  facet normal -0 0 -1
    outer loop
      vertex -29.7934 -12.6088 0
      vertex -36 -18 0
      vertex -29.866 -12.5 0
    endloop
  endfacet
  facet normal -0 0 -1
    outer loop
      vertex -29.7071 -12.7071 0
      vertex -36 -18 0
      vertex -29.7934 -12.6088 0
    endloop
  endfacet
  facet normal -0 0 -1
    outer loop
      vertex -29.6088 -12.7934 0
      vertex -36 -18 0
      vertex -29.7071 -12.7071 0
    endloop
  endfacet
  facet normal -0 0 -1
    outer loop
      vertex -29.5 -12.866 0
      vertex -36 -18 0
      vertex -29.6088 -12.7934 0
    endloop
  endfacet
  facet normal -0 0 -1
    outer loop
      vertex -29.3827 -12.9239 0
      vertex -36 -18 0
      vertex -29.5 -12.866 0
    endloop
  endfacet
  facet normal -0 0 -1
    outer loop
      vertex -29.2588 -12.9659 0
      vertex -36 -18 0
      vertex -29.3827 -12.9239 0
    endloop
  endfacet
  facet normal -0 0 -1
    outer loop
      vertex -29.1305 -12.9914 0
      vertex -36 -18 0
      vertex -29.2588 -12.9659 0
    endloop
  endfacet
  facet normal -0 0 -1
    outer loop
      vertex -29 -13 0
      vertex -36 -18 0
      vertex -29.1305 -12.9914 0
    endloop
  endfacet
  facet normal 0 0 -1
    outer loop
      vertex 36.7765 17.8978 0
      vertex 36 18 0
      vertex 36.3916 17.9743 0
    endloop
  endfacet
  facet normal 0 0 -1
    outer loop
      vertex 37.5 17.5981 0
      vertex 36 18 0
      vertex 37.1481 17.7716 0
    endloop
  endfacet
  facet normal 0 0 -1
    outer loop
      vertex 38.8978 15.7765 0
      vertex 36 18 0
      vertex 38.7716 16.1481 0
    endloop
  endfacet
  facet normal 0 0 -1
    outer loop
      vertex 29.9239 12.3827 0
      vertex 36 18 0
      vertex 29.9659 12.2588 0
    endloop
  endfacet
  facet normal 0 0 -1
    outer loop
      vertex 29.866 12.5 0
      vertex 36 18 0
      vertex 29.9239 12.3827 0
    endloop
  endfacet
  facet normal 0 0 -1
    outer loop
      vertex 29.7934 12.6088 0
      vertex 36 18 0
      vertex 29.866 12.5 0
    endloop
  endfacet
  facet normal 0 0 -1
    outer loop
      vertex 29.7071 12.7071 0
      vertex 36 18 0
      vertex 29.7934 12.6088 0
    endloop
  endfacet
  facet normal 0 0 -1
    outer loop
      vertex 29.6088 12.7934 0
      vertex 36 18 0
      vertex 29.7071 12.7071 0
    endloop
  endfacet
  facet normal 0 0 -1
    outer loop
      vertex 29.5 12.866 0
      vertex 36 18 0
      vertex 29.6088 12.7934 0
    endloop
  endfacet
  facet normal 0 0 -1
    outer loop
      vertex 29.3827 12.9239 0
      vertex 36 18 0
      vertex 29.5 12.866 0
    endloop
  endfacet
  facet normal 0 0 -1
    outer loop
      vertex 29.2588 12.9659 0
      vertex 36 18 0
      vertex 29.3827 12.9239 0
    endloop
  endfacet
  facet normal 0 0 -1
    outer loop
      vertex 29.1305 12.9914 0
      vertex 36 18 0
      vertex 29.2588 12.9659 0
    endloop
  endfacet
  facet normal 0 0 -1
    outer loop
      vertex 29 13 0
      vertex 36 18 0
      vertex 29.1305 12.9914 0
    endloop
  endfacet
  facet normal 0 0 -1
    outer loop
      vertex -29 13 0
      vertex 36 18 0
      vertex 29 13 0
    endloop
  endfacet
  facet normal 0 0 -1
    outer loop
      vertex -36 18 0
      vertex -29 13 0
      vertex -29.1305 12.9914 0
    endloop
  endfacet
  facet normal -0 0 -1
    outer loop
      vertex -30 -12 0
      vertex -39 -15 0
      vertex -30 12 0
    endloop
  endfacet
  facet normal 0 0 -1
    outer loop
      vertex -39 15 0
      vertex -30 12 0
      vertex -39 -15 0
    endloop
  endfacet
  facet normal 0 0 -1
    outer loop
      vertex -29 13 0
      vertex -36 18 0
      vertex 36 18 0
    endloop
  endfacet
  facet normal 0 0 -1
    outer loop
      vertex -29.2588 12.9659 0
      vertex -36 18 0
      vertex -29.1305 12.9914 0
    endloop
  endfacet
  facet normal 0 0 -1
    outer loop
      vertex -29.3827 12.9239 0
      vertex -36 18 0
      vertex -29.2588 12.9659 0
    endloop
  endfacet
  facet normal 0 0 -1
    outer loop
      vertex -29.5 12.866 0
      vertex -36 18 0
      vertex -29.3827 12.9239 0
    endloop
  endfacet
  facet normal 0 0 -1
    outer loop
      vertex -29.6088 12.7934 0
      vertex -36 18 0
      vertex -29.5 12.866 0
    endloop
  endfacet
  facet normal 0 0 -1
    outer loop
      vertex -29.7071 12.7071 0
      vertex -36 18 0
      vertex -29.6088 12.7934 0
    endloop
  endfacet
  facet normal 0 0 -1
    outer loop
      vertex -29.7934 12.6088 0
      vertex -36 18 0
      vertex -29.7071 12.7071 0
    endloop
  endfacet
  facet normal 0 0 -1
    outer loop
      vertex -29.866 12.5 0
      vertex -36 18 0
      vertex -29.7934 12.6088 0
    endloop
  endfacet
  facet normal 0 0 -1
    outer loop
      vertex -29.9239 12.3827 0
      vertex -36 18 0
      vertex -29.866 12.5 0
    endloop
  endfacet
  facet normal 0 0 -1
    outer loop
      vertex -29.9659 12.2588 0
      vertex -36 18 0
      vertex -29.9239 12.3827 0
    endloop
  endfacet
  facet normal 0 0 -1
    outer loop
      vertex -30 12 0
      vertex -39 15 0
      vertex -29.9914 12.1305 0
    endloop
  endfacet
  facet normal 0 0 -1
    outer loop
      vertex -39 -15 0
      vertex -36 -18 0
      vertex -36.3916 -17.9743 0
    endloop
  endfacet
  facet normal 0 0 -1
    outer loop
      vertex -29.9914 12.1305 0
      vertex -39 15 0
      vertex -29.9659 12.2588 0
    endloop
  endfacet
  facet normal 0 0 -1
    outer loop
      vertex -39 -15 0
      vertex -36.3916 -17.9743 0
      vertex -36.7765 -17.8978 0
    endloop
  endfacet
  facet normal 0 0 -1
    outer loop
      vertex -29.9659 12.2588 0
      vertex -39 15 0
      vertex -36 18 0
    endloop
  endfacet
  facet normal 0 0 -1
    outer loop
      vertex -39 -15 0
      vertex -36.7765 -17.8978 0
      vertex -37.1481 -17.7716 0
    endloop
  endfacet
  facet normal 0 0 -1
    outer loop
      vertex -36 18 0
      vertex -39 15 0
      vertex -36.3916 17.9743 0
    endloop
  endfacet
  facet normal 0 0 -1
    outer loop
      vertex -39 -15 0
      vertex -37.1481 -17.7716 0
      vertex -37.5 -17.5981 0
    endloop
  endfacet
  facet normal 0 0 -1
    outer loop
      vertex -36.3916 17.9743 0
      vertex -39 15 0
      vertex -36.7765 17.8978 0
    endloop
  endfacet
  facet normal 0 0 -1
    outer loop
      vertex -39 -15 0
      vertex -37.5 -17.5981 0
      vertex -37.8263 -17.3801 0
    endloop
  endfacet
  facet normal 0 0 -1
    outer loop
      vertex -36.7765 17.8978 0
      vertex -39 15 0
      vertex -37.1481 17.7716 0
    endloop
  endfacet
  facet normal 0 0 -1
    outer loop
      vertex -39 -15 0
      vertex -37.8263 -17.3801 0
      vertex -38.1213 -17.1213 0
    endloop
  endfacet
  facet normal 0 0 -1
    outer loop
      vertex -37.1481 17.7716 0
      vertex -39 15 0
      vertex -37.5 17.5981 0
    endloop
  endfacet
  facet normal 0 0 -1
    outer loop
      vertex -39 -15 0
      vertex -38.1213 -17.1213 0
      vertex -38.3801 -16.8263 0
    endloop
  endfacet
  facet normal 0 0 -1
    outer loop
      vertex -37.5 17.5981 0
      vertex -39 15 0
      vertex -37.8263 17.3801 0
    endloop
  endfacet
  facet normal 0 0 -1
    outer loop
      vertex -39 -15 0
      vertex -38.3801 -16.8263 0
      vertex -38.5981 -16.5 0
    endloop
  endfacet
  facet normal 0 0 -1
    outer loop
      vertex -37.8263 17.3801 0
      vertex -39 15 0
      vertex -38.1213 17.1213 0
    endloop
  endfacet
  facet normal 0 0 -1
    outer loop
      vertex -39 -15 0
      vertex -38.5981 -16.5 0
      vertex -38.7716 -16.1481 0
    endloop
  endfacet
  facet normal 0 0 -1
    outer loop
      vertex -38.1213 17.1213 0
      vertex -39 15 0
      vertex -38.3801 16.8263 0
    endloop
  endfacet
  facet normal 0 0 -1
    outer loop
      vertex -39 -15 0
      vertex -38.7716 -16.1481 0
      vertex -38.8978 -15.7765 0
    endloop
  endfacet
  facet normal 0 0 -1
    outer loop
      vertex -38.3801 16.8263 0
      vertex -39 15 0
      vertex -38.5981 16.5 0
    endloop
  endfacet
  facet normal 0 0 -1
    outer loop
      vertex -39 -15 0
      vertex -38.8978 -15.7765 0
      vertex -38.9743 -15.3916 0
    endloop
  endfacet
  facet normal 0 0 -1
    outer loop
      vertex -38.5981 16.5 0
      vertex -39 15 0
      vertex -38.7716 16.1481 0
    endloop
  endfacet
  facet normal 0 0 -1
    outer loop
      vertex -38.7716 16.1481 0
      vertex -39 15 0
      vertex -38.8978 15.7765 0
    endloop
  endfacet
  facet normal 0 0 -1
    outer loop
      vertex -38.8978 15.7765 0
      vertex -39 15 0
      vertex -38.9743 15.3916 0
    endloop
  endfacet
  facet normal 0.0653771 0.997861 -0
    outer loop
      vertex -35 -16 3
      vertex -35.261 -15.9829 20
      vertex -35 -16 20
    endloop
  endfacet
  facet normal 0.0653771 0.997861 0
    outer loop
      vertex -35.261 -15.9829 20
      vertex -35 -16 3
      vertex -35.261 -15.9829 3
    endloop
  endfacet
  facet normal -0.0653771 0.997861 0
    outer loop
      vertex 35.261 -15.9829 3
      vertex 35 -16 20
      vertex 35.261 -15.9829 20
    endloop
  endfacet
  facet normal -0.0653771 0.997861 0
    outer loop
      vertex 35 -16 20
      vertex 35.261 -15.9829 3
      vertex 35 -16 3
    endloop
  endfacet
  facet normal -0.555758 0.831344 0
    outer loop
      vertex 36.2175 -15.5867 3
      vertex 36 -15.7321 20
      vertex 36.2175 -15.5867 20
    endloop
  endfacet
  facet normal -0.555758 0.831344 0
    outer loop
      vertex 36 -15.7321 20
      vertex 36.2175 -15.5867 3
      vertex 36 -15.7321 3
    endloop
  endfacet
  facet normal 0 1 -0
    outer loop
      vertex 35 -16 3
      vertex -35 -16 20
      vertex 35 -16 20
    endloop
  endfacet
  facet normal 0 1 0
    outer loop
      vertex -35 -16 20
      vertex 35 -16 3
      vertex -35 -16 3
    endloop
  endfacet
  facet normal -0.997861 0.0653771 0
    outer loop
      vertex 36.9829 -14.261 3
      vertex 37 -14 20
      vertex 37 -14 3
    endloop
  endfacet
  facet normal -0.997861 0.0653771 0
    outer loop
      vertex 37 -14 20
      vertex 36.9829 -14.261 3
      vertex 36.9829 -14.261 20
    endloop
  endfacet
  facet normal -0.19494 -0.980815 0
    outer loop
      vertex 35.261 15.9829 3
      vertex 35.5176 15.9319 20
      vertex 35.261 15.9829 20
    endloop
  endfacet
  facet normal -0.19494 -0.980815 -0
    outer loop
      vertex 35.5176 15.9319 20
      vertex 35.261 15.9829 3
      vertex 35.5176 15.9319 3
    endloop
  endfacet
  facet normal -0.0653771 -0.997861 0
    outer loop
      vertex 35 16 3
      vertex 35.261 15.9829 20
      vertex 35 16 20
    endloop
  endfacet
  facet normal -0.0653771 -0.997861 -0
    outer loop
      vertex 35.261 15.9829 20
      vertex 35 16 3
      vertex 35.261 15.9829 3
    endloop
  endfacet
  facet normal 0.831344 0.555758 0
    outer loop
      vertex -36.5867 -15.2175 20
      vertex -36.7321 -15 3
      vertex -36.7321 -15 20
    endloop
  endfacet
  facet normal 0.831344 0.555758 0
    outer loop
      vertex -36.7321 -15 3
      vertex -36.5867 -15.2175 20
      vertex -36.5867 -15.2175 3
    endloop
  endfacet
  facet normal 0 -1 0
    outer loop
      vertex -35 16 3
      vertex 35 16 20
      vertex -35 16 20
    endloop
  endfacet
  facet normal 0 -1 -0
    outer loop
      vertex 35 16 20
      vertex -35 16 3
      vertex 35 16 3
    endloop
  endfacet
  facet normal -0.321382 -0.94695 0
    outer loop
      vertex 35.5176 15.9319 3
      vertex 35.7654 15.8478 20
      vertex 35.5176 15.9319 20
    endloop
  endfacet
  facet normal -0.321382 -0.94695 -0
    outer loop
      vertex 35.7654 15.8478 20
      vertex 35.5176 15.9319 3
      vertex 35.7654 15.8478 3
    endloop
  endfacet
  facet normal 0.997861 0.0653771 0
    outer loop
      vertex -36.9829 -14.261 20
      vertex -37 -14 3
      vertex -37 -14 20
    endloop
  endfacet
  facet normal 0.997861 0.0653771 0
    outer loop
      vertex -37 -14 3
      vertex -36.9829 -14.261 20
      vertex -36.9829 -14.261 3
    endloop
  endfacet
  facet normal -0.89686 -0.442314 0
    outer loop
      vertex 36.8478 14.7654 3
      vertex 36.7321 15 20
      vertex 36.7321 15 3
    endloop
  endfacet
  facet normal -0.89686 -0.442314 0
    outer loop
      vertex 36.7321 15 20
      vertex 36.8478 14.7654 3
      vertex 36.8478 14.7654 20
    endloop
  endfacet
  facet normal -0.751842 0.659343 0
    outer loop
      vertex 36.4142 -15.4142 3
      vertex 36.5867 -15.2175 20
      vertex 36.5867 -15.2175 3
    endloop
  endfacet
  facet normal -0.751842 0.659343 0
    outer loop
      vertex 36.5867 -15.2175 20
      vertex 36.4142 -15.4142 3
      vertex 36.4142 -15.4142 20
    endloop
  endfacet
  facet normal 0.19494 -0.980815 0
    outer loop
      vertex -35.5176 15.9319 3
      vertex -35.261 15.9829 20
      vertex -35.5176 15.9319 20
    endloop
  endfacet
  facet normal 0.19494 -0.980815 0
    outer loop
      vertex -35.261 15.9829 20
      vertex -35.5176 15.9319 3
      vertex -35.261 15.9829 3
    endloop
  endfacet
  facet normal 0.997861 -0.0653771 0
    outer loop
      vertex -37 14 20
      vertex -36.9829 14.261 3
      vertex -36.9829 14.261 20
    endloop
  endfacet
  facet normal 0.997861 -0.0653771 0
    outer loop
      vertex -36.9829 14.261 3
      vertex -37 14 20
      vertex -37 14 3
    endloop
  endfacet
  facet normal 0.321382 -0.94695 0
    outer loop
      vertex -35.7654 15.8478 3
      vertex -35.5176 15.9319 20
      vertex -35.7654 15.8478 20
    endloop
  endfacet
  facet normal 0.321382 -0.94695 0
    outer loop
      vertex -35.5176 15.9319 20
      vertex -35.7654 15.8478 3
      vertex -35.5176 15.9319 3
    endloop
  endfacet
  facet normal 1 0 0
    outer loop
      vertex -37 14 20
      vertex -37 6 15
      vertex -37 14 3
    endloop
  endfacet
  facet normal 1 0 0
    outer loop
      vertex -37 14 20
      vertex -37 -6 15
      vertex -37 6 15
    endloop
  endfacet
  facet normal 1 0 0
    outer loop
      vertex -37 -14 3
      vertex -37 -6 15
      vertex -37 -14 20
    endloop
  endfacet
  facet normal 1 -0 0
    outer loop
      vertex -37 -14 20
      vertex -37 -6 15
      vertex -37 14 20
    endloop
  endfacet
  facet normal 1 -0 0
    outer loop
      vertex -37 6 7
      vertex -37 14 3
      vertex -37 6 15
    endloop
  endfacet
  facet normal 1 -0 0
    outer loop
      vertex -37 -6 7
      vertex -37 14 3
      vertex -37 6 7
    endloop
  endfacet
  facet normal 1 0 0
    outer loop
      vertex -37 -6 7
      vertex -37 -14 3
      vertex -37 14 3
    endloop
  endfacet
  facet normal 1 0 0
    outer loop
      vertex -37 -6 15
      vertex -37 -14 3
      vertex -37 -6 7
    endloop
  endfacet
  facet normal 0.0653771 -0.997861 0
    outer loop
      vertex -35.261 15.9829 3
      vertex -35 16 20
      vertex -35.261 15.9829 20
    endloop
  endfacet
  facet normal 0.0653771 -0.997861 0
    outer loop
      vertex -35 16 20
      vertex -35.261 15.9829 3
      vertex -35 16 3
    endloop
  endfacet
  facet normal 0.659343 0.751842 -0
    outer loop
      vertex -36.2175 -15.5867 3
      vertex -36.4142 -15.4142 20
      vertex -36.2175 -15.5867 20
    endloop
  endfacet
  facet normal 0.659343 0.751842 0
    outer loop
      vertex -36.4142 -15.4142 20
      vertex -36.2175 -15.5867 3
      vertex -36.4142 -15.4142 3
    endloop
  endfacet
  facet normal 0.19494 0.980815 -0
    outer loop
      vertex -35.261 -15.9829 3
      vertex -35.5176 -15.9319 20
      vertex -35.261 -15.9829 20
    endloop
  endfacet
  facet normal 0.19494 0.980815 0
    outer loop
      vertex -35.5176 -15.9319 20
      vertex -35.261 -15.9829 3
      vertex -35.5176 -15.9319 3
    endloop
  endfacet
  facet normal -0.89686 0.442314 0
    outer loop
      vertex 36.7321 -15 3
      vertex 36.8478 -14.7654 20
      vertex 36.8478 -14.7654 3
    endloop
  endfacet
  facet normal -0.89686 0.442314 0
    outer loop
      vertex 36.8478 -14.7654 20
      vertex 36.7321 -15 3
      vertex 36.7321 -15 20
    endloop
  endfacet
  facet normal -1 0 0
    outer loop
      vertex 37 -14 3
      vertex 37 14 20
      vertex 37 14 3
    endloop
  endfacet
  facet normal -1 -0 0
    outer loop
      vertex 37 14 20
      vertex 37 -14 3
      vertex 37 -14 20
    endloop
  endfacet
  facet normal 0.321382 0.94695 -0
    outer loop
      vertex -35.5176 -15.9319 3
      vertex -35.7654 -15.8478 20
      vertex -35.5176 -15.9319 20
    endloop
  endfacet
  facet normal 0.321382 0.94695 0
    outer loop
      vertex -35.7654 -15.8478 20
      vertex -35.5176 -15.9319 3
      vertex -35.7654 -15.8478 3
    endloop
  endfacet
  facet normal -0.321382 0.94695 0
    outer loop
      vertex 35.7654 -15.8478 3
      vertex 35.5176 -15.9319 20
      vertex 35.7654 -15.8478 20
    endloop
  endfacet
  facet normal -0.321382 0.94695 0
    outer loop
      vertex 35.5176 -15.9319 20
      vertex 35.7654 -15.8478 3
      vertex 35.5176 -15.9319 3
    endloop
  endfacet
  facet normal 0.89686 0.442314 0
    outer loop
      vertex -36.7321 -15 20
      vertex -36.8478 -14.7654 3
      vertex -36.8478 -14.7654 20
    endloop
  endfacet
  facet normal 0.89686 0.442314 0
    outer loop
      vertex -36.8478 -14.7654 3
      vertex -36.7321 -15 20
      vertex -36.7321 -15 3
    endloop
  endfacet
  facet normal 0.659343 -0.751842 0
    outer loop
      vertex -36.4142 15.4142 3
      vertex -36.2175 15.5867 20
      vertex -36.4142 15.4142 20
    endloop
  endfacet
  facet normal 0.659343 -0.751842 0
    outer loop
      vertex -36.2175 15.5867 20
      vertex -36.4142 15.4142 3
      vertex -36.2175 15.5867 3
    endloop
  endfacet
  facet normal 0.442314 -0.89686 0
    outer loop
      vertex -36 15.7321 3
      vertex -35.7654 15.8478 20
      vertex -36 15.7321 20
    endloop
  endfacet
  facet normal 0.442314 -0.89686 0
    outer loop
      vertex -35.7654 15.8478 20
      vertex -36 15.7321 3
      vertex -35.7654 15.8478 3
    endloop
  endfacet
  facet normal 0.89686 -0.442314 0
    outer loop
      vertex -36.8478 14.7654 20
      vertex -36.7321 15 3
      vertex -36.7321 15 20
    endloop
  endfacet
  facet normal 0.89686 -0.442314 0
    outer loop
      vertex -36.7321 15 3
      vertex -36.8478 14.7654 20
      vertex -36.8478 14.7654 3
    endloop
  endfacet
  facet normal 0.980815 0.19494 0
    outer loop
      vertex -36.9319 -14.5176 20
      vertex -36.9829 -14.261 3
      vertex -36.9829 -14.261 20
    endloop
  endfacet
  facet normal 0.980815 0.19494 0
    outer loop
      vertex -36.9829 -14.261 3
      vertex -36.9319 -14.5176 20
      vertex -36.9319 -14.5176 3
    endloop
  endfacet
  facet normal -0.831344 0.555758 0
    outer loop
      vertex 36.5867 -15.2175 3
      vertex 36.7321 -15 20
      vertex 36.7321 -15 3
    endloop
  endfacet
  facet normal -0.831344 0.555758 0
    outer loop
      vertex 36.7321 -15 20
      vertex 36.5867 -15.2175 3
      vertex 36.5867 -15.2175 20
    endloop
  endfacet
  facet normal -0.19494 0.980815 0
    outer loop
      vertex 35.5176 -15.9319 3
      vertex 35.261 -15.9829 20
      vertex 35.5176 -15.9319 20
    endloop
  endfacet
  facet normal -0.19494 0.980815 0
    outer loop
      vertex 35.261 -15.9829 20
      vertex 35.5176 -15.9319 3
      vertex 35.261 -15.9829 3
    endloop
  endfacet
  facet normal -0.442314 -0.89686 0
    outer loop
      vertex 35.7654 15.8478 3
      vertex 36 15.7321 20
      vertex 35.7654 15.8478 20
    endloop
  endfacet
  facet normal -0.442314 -0.89686 -0
    outer loop
      vertex 36 15.7321 20
      vertex 35.7654 15.8478 3
      vertex 36 15.7321 3
    endloop
  endfacet
  facet normal -0.659343 0.751842 0
    outer loop
      vertex 36.4142 -15.4142 3
      vertex 36.2175 -15.5867 20
      vertex 36.4142 -15.4142 20
    endloop
  endfacet
  facet normal -0.659343 0.751842 0
    outer loop
      vertex 36.2175 -15.5867 20
      vertex 36.4142 -15.4142 3
      vertex 36.2175 -15.5867 3
    endloop
  endfacet
  facet normal 0.442314 0.89686 -0
    outer loop
      vertex -35.7654 -15.8478 3
      vertex -36 -15.7321 20
      vertex -35.7654 -15.8478 20
    endloop
  endfacet
  facet normal 0.442314 0.89686 0
    outer loop
      vertex -36 -15.7321 20
      vertex -35.7654 -15.8478 3
      vertex -36 -15.7321 3
    endloop
  endfacet
  facet normal 0.94695 0.321382 0
    outer loop
      vertex -36.8478 -14.7654 20
      vertex -36.9319 -14.5176 3
      vertex -36.9319 -14.5176 20
    endloop
  endfacet
  facet normal 0.94695 0.321382 0
    outer loop
      vertex -36.9319 -14.5176 3
      vertex -36.8478 -14.7654 20
      vertex -36.8478 -14.7654 3
    endloop
  endfacet
  facet normal 0.555758 -0.831344 0
    outer loop
      vertex -36.2175 15.5867 3
      vertex -36 15.7321 20
      vertex -36.2175 15.5867 20
    endloop
  endfacet
  facet normal 0.555758 -0.831344 0
    outer loop
      vertex -36 15.7321 20
      vertex -36.2175 15.5867 3
      vertex -36 15.7321 3
    endloop
  endfacet
  facet normal -0.442314 0.89686 0
    outer loop
      vertex 36 -15.7321 3
      vertex 35.7654 -15.8478 20
      vertex 36 -15.7321 20
    endloop
  endfacet
  facet normal -0.442314 0.89686 0
    outer loop
      vertex 35.7654 -15.8478 20
      vertex 36 -15.7321 3
      vertex 35.7654 -15.8478 3
    endloop
  endfacet
  facet normal 0.94695 -0.321382 0
    outer loop
      vertex -36.9319 14.5176 20
      vertex -36.8478 14.7654 3
      vertex -36.8478 14.7654 20
    endloop
  endfacet
  facet normal 0.94695 -0.321382 0
    outer loop
      vertex -36.8478 14.7654 3
      vertex -36.9319 14.5176 20
      vertex -36.9319 14.5176 3
    endloop
  endfacet
  facet normal 0.980815 -0.19494 0
    outer loop
      vertex -36.9829 14.261 20
      vertex -36.9319 14.5176 3
      vertex -36.9319 14.5176 20
    endloop
  endfacet
  facet normal 0.980815 -0.19494 0
    outer loop
      vertex -36.9319 14.5176 3
      vertex -36.9829 14.261 20
      vertex -36.9829 14.261 3
    endloop
  endfacet
  facet normal 0.751842 -0.659343 0
    outer loop
      vertex -36.5867 15.2175 20
      vertex -36.4142 15.4142 3
      vertex -36.4142 15.4142 20
    endloop
  endfacet
  facet normal 0.751842 -0.659343 0
    outer loop
      vertex -36.4142 15.4142 3
      vertex -36.5867 15.2175 20
      vertex -36.5867 15.2175 3
    endloop
  endfacet
  facet normal 0.831344 -0.555758 0
    outer loop
      vertex -36.7321 15 20
      vertex -36.5867 15.2175 3
      vertex -36.5867 15.2175 20
    endloop
  endfacet
  facet normal 0.831344 -0.555758 0
    outer loop
      vertex -36.5867 15.2175 3
      vertex -36.7321 15 20
      vertex -36.7321 15 3
    endloop
  endfacet
  facet normal -0.980815 0.19494 0
    outer loop
      vertex 36.9319 -14.5176 3
      vertex 36.9829 -14.261 20
      vertex 36.9829 -14.261 3
    endloop
  endfacet
  facet normal -0.980815 0.19494 0
    outer loop
      vertex 36.9829 -14.261 20
      vertex 36.9319 -14.5176 3
      vertex 36.9319 -14.5176 20
    endloop
  endfacet
  facet normal -0.997861 -0.0653771 0
    outer loop
      vertex 37 14 3
      vertex 36.9829 14.261 20
      vertex 36.9829 14.261 3
    endloop
  endfacet
  facet normal -0.997861 -0.0653771 0
    outer loop
      vertex 36.9829 14.261 20
      vertex 37 14 3
      vertex 37 14 20
    endloop
  endfacet
  facet normal -0.659343 -0.751842 0
    outer loop
      vertex 36.2175 15.5867 3
      vertex 36.4142 15.4142 20
      vertex 36.2175 15.5867 20
    endloop
  endfacet
  facet normal -0.659343 -0.751842 -0
    outer loop
      vertex 36.4142 15.4142 20
      vertex 36.2175 15.5867 3
      vertex 36.4142 15.4142 3
    endloop
  endfacet
  facet normal 0.555758 0.831344 -0
    outer loop
      vertex -36 -15.7321 3
      vertex -36.2175 -15.5867 20
      vertex -36 -15.7321 20
    endloop
  endfacet
  facet normal 0.555758 0.831344 0
    outer loop
      vertex -36.2175 -15.5867 20
      vertex -36 -15.7321 3
      vertex -36.2175 -15.5867 3
    endloop
  endfacet
  facet normal -0.94695 -0.321382 0
    outer loop
      vertex 36.9319 14.5176 3
      vertex 36.8478 14.7654 20
      vertex 36.8478 14.7654 3
    endloop
  endfacet
  facet normal -0.94695 -0.321382 0
    outer loop
      vertex 36.8478 14.7654 20
      vertex 36.9319 14.5176 3
      vertex 36.9319 14.5176 20
    endloop
  endfacet
  facet normal -0.555758 -0.831344 0
    outer loop
      vertex 36 15.7321 3
      vertex 36.2175 15.5867 20
      vertex 36 15.7321 20
    endloop
  endfacet
  facet normal -0.555758 -0.831344 -0
    outer loop
      vertex 36.2175 15.5867 20
      vertex 36 15.7321 3
      vertex 36.2175 15.5867 3
    endloop
  endfacet
  facet normal 0 0 1
    outer loop
      vertex -30.8903 11.0433 3
      vertex -30 12 3
      vertex -30.7852 11.353 3
    endloop
  endfacet
  facet normal 0 0 1
    outer loop
      vertex -30 -12 3
      vertex -30.7214 -11.6737 3
      vertex -30.7 -12 3
    endloop
  endfacet
  facet normal 0 0 1
    outer loop
      vertex -31.0349 10.75 3
      vertex -30 12 3
      vertex -30.8903 11.0433 3
    endloop
  endfacet
  facet normal 0 0 1
    outer loop
      vertex -30 -12 3
      vertex -30.7852 -11.353 3
      vertex -30.7214 -11.6737 3
    endloop
  endfacet
  facet normal 0 0 1
    outer loop
      vertex -31.2166 10.4781 3
      vertex -30 12 3
      vertex -31.0349 10.75 3
    endloop
  endfacet
  facet normal 0 0 1
    outer loop
      vertex -30 -12 3
      vertex -30.8903 -11.0433 3
      vertex -30.7852 -11.353 3
    endloop
  endfacet
  facet normal 0 0 1
    outer loop
      vertex -30 12 3
      vertex -31.2166 10.4781 3
      vertex -30 -12 3
    endloop
  endfacet
  facet normal 0 0 1
    outer loop
      vertex -30 -12 3
      vertex -31.0349 -10.75 3
      vertex -30.8903 -11.0433 3
    endloop
  endfacet
  facet normal -0 0 1
    outer loop
      vertex -31.2166 -10.4781 3
      vertex -30 -12 3
      vertex -31.2166 10.4781 3
    endloop
  endfacet
  facet normal 0 0 1
    outer loop
      vertex -30 -12 3
      vertex -31.2166 -10.4781 3
      vertex -31.0349 -10.75 3
    endloop
  endfacet
  facet normal -0 0 1
    outer loop
      vertex -31.4322 10.2322 3
      vertex -31.2166 -10.4781 3
      vertex -31.2166 10.4781 3
    endloop
  endfacet
  facet normal 0 0 1
    outer loop
      vertex -31.4322 10.2322 3
      vertex -31.4322 -10.2322 3
      vertex -31.2166 -10.4781 3
    endloop
  endfacet
  facet normal -0 0 1
    outer loop
      vertex -31.6781 10.0166 3
      vertex -31.4322 -10.2322 3
      vertex -31.4322 10.2322 3
    endloop
  endfacet
  facet normal 0 0 1
    outer loop
      vertex -31.6781 10.0166 3
      vertex -31.6781 -10.0166 3
      vertex -31.4322 -10.2322 3
    endloop
  endfacet
  facet normal -0 0 1
    outer loop
      vertex -31.95 9.83494 3
      vertex -31.6781 -10.0166 3
      vertex -31.6781 10.0166 3
    endloop
  endfacet
  facet normal 0 0 1
    outer loop
      vertex -31.95 9.83494 3
      vertex -31.95 -9.83494 3
      vertex -31.6781 -10.0166 3
    endloop
  endfacet
  facet normal -0 0 1
    outer loop
      vertex -32.2433 9.6903 3
      vertex -31.95 -9.83494 3
      vertex -31.95 9.83494 3
    endloop
  endfacet
  facet normal 0 0 1
    outer loop
      vertex -32.2433 9.6903 3
      vertex -32.2433 -9.6903 3
      vertex -31.95 -9.83494 3
    endloop
  endfacet
  facet normal -0 0 1
    outer loop
      vertex -32.553 9.58519 3
      vertex -32.2433 -9.6903 3
      vertex -32.2433 9.6903 3
    endloop
  endfacet
  facet normal 0 0 1
    outer loop
      vertex -32.553 9.58519 3
      vertex -32.553 -9.58519 3
      vertex -32.2433 -9.6903 3
    endloop
  endfacet
  facet normal -0 0 1
    outer loop
      vertex -32.8737 9.52139 3
      vertex -32.553 -9.58519 3
      vertex -32.553 9.58519 3
    endloop
  endfacet
  facet normal 0 0 1
    outer loop
      vertex -32.8737 9.52139 3
      vertex -32.8737 -9.52139 3
      vertex -32.553 -9.58519 3
    endloop
  endfacet
  facet normal -0 0 1
    outer loop
      vertex -33.2 9.5 3
      vertex -32.8737 -9.52139 3
      vertex -32.8737 9.52139 3
    endloop
  endfacet
  facet normal 0 0 1
    outer loop
      vertex -33.2 9.5 3
      vertex -33.2 -9.5 3
      vertex -32.8737 -9.52139 3
    endloop
  endfacet
  facet normal 0 0 1
    outer loop
      vertex -33.5263 9.52139 3
      vertex -33.2 -9.5 3
      vertex -33.2 9.5 3
    endloop
  endfacet
  facet normal 0 0 1
    outer loop
      vertex -33.5263 9.52139 3
      vertex -33.5263 -9.52139 3
      vertex -33.2 -9.5 3
    endloop
  endfacet
  facet normal 0 0 1
    outer loop
      vertex -33.847 9.58519 3
      vertex -33.5263 -9.52139 3
      vertex -33.5263 9.52139 3
    endloop
  endfacet
  facet normal 0 0 1
    outer loop
      vertex -33.847 9.58519 3
      vertex -33.847 -9.58519 3
      vertex -33.5263 -9.52139 3
    endloop
  endfacet
  facet normal 0 0 1
    outer loop
      vertex -34.1567 9.6903 3
      vertex -33.847 -9.58519 3
      vertex -33.847 9.58519 3
    endloop
  endfacet
  facet normal 0 0 1
    outer loop
      vertex -34.1567 9.6903 3
      vertex -34.1567 -9.6903 3
      vertex -33.847 -9.58519 3
    endloop
  endfacet
  facet normal 0 0 1
    outer loop
      vertex -34.45 9.83494 3
      vertex -34.1567 -9.6903 3
      vertex -34.1567 9.6903 3
    endloop
  endfacet
  facet normal 0 0 1
    outer loop
      vertex -34.45 9.83494 3
      vertex -34.45 -9.83494 3
      vertex -34.1567 -9.6903 3
    endloop
  endfacet
  facet normal 0 0 1
    outer loop
      vertex -34.7219 10.0166 3
      vertex -34.45 -9.83494 3
      vertex -34.45 9.83494 3
    endloop
  endfacet
  facet normal 0 0 1
    outer loop
      vertex -34.7219 10.0166 3
      vertex -34.7219 -10.0166 3
      vertex -34.45 -9.83494 3
    endloop
  endfacet
  facet normal 0 0 1
    outer loop
      vertex -34.9678 10.2322 3
      vertex -34.7219 -10.0166 3
      vertex -34.7219 10.0166 3
    endloop
  endfacet
  facet normal 0 0 1
    outer loop
      vertex -34.9678 10.2322 3
      vertex -34.9678 -10.2322 3
      vertex -34.7219 -10.0166 3
    endloop
  endfacet
  facet normal 0 0 1
    outer loop
      vertex -35.1834 10.4781 3
      vertex -34.9678 -10.2322 3
      vertex -34.9678 10.2322 3
    endloop
  endfacet
  facet normal 0 0 1
    outer loop
      vertex -35.1834 10.4781 3
      vertex -35.1834 -10.4781 3
      vertex -34.9678 -10.2322 3
    endloop
  endfacet
  facet normal 0 0 1
    outer loop
      vertex -35.3651 10.75 3
      vertex -35.1834 -10.4781 3
      vertex -35.1834 10.4781 3
    endloop
  endfacet
  facet normal 0 0 1
    outer loop
      vertex -35.3651 10.75 3
      vertex -35.3651 -10.75 3
      vertex -35.1834 -10.4781 3
    endloop
  endfacet
  facet normal 0 0 1
    outer loop
      vertex -35.5097 11.0433 3
      vertex -35.3651 -10.75 3
      vertex -35.3651 10.75 3
    endloop
  endfacet
  facet normal 0 0 1
    outer loop
      vertex -35.5097 11.0433 3
      vertex -35.5097 -11.0433 3
      vertex -35.3651 -10.75 3
    endloop
  endfacet
  facet normal 0 0 1
    outer loop
      vertex -37 14 3
      vertex -35.5097 11.0433 3
      vertex -35.6148 11.353 3
    endloop
  endfacet
  facet normal 0 0 1
    outer loop
      vertex -35.5097 11.0433 3
      vertex -37 14 3
      vertex -35.5097 -11.0433 3
    endloop
  endfacet
  facet normal 0 0 1
    outer loop
      vertex -37 14 3
      vertex -35.6148 11.353 3
      vertex -35.6786 11.6737 3
    endloop
  endfacet
  facet normal 0 0 1
    outer loop
      vertex -37 -14 3
      vertex -35.5097 -11.0433 3
      vertex -37 14 3
    endloop
  endfacet
  facet normal 0 0 1
    outer loop
      vertex -37 14 3
      vertex -35.6786 11.6737 3
      vertex -35.7 12 3
    endloop
  endfacet
  facet normal 0 0 1
    outer loop
      vertex -35.5097 -11.0433 3
      vertex -37 -14 3
      vertex -35.6148 -11.353 3
    endloop
  endfacet
  facet normal 0 0 1
    outer loop
      vertex 35.5097 11.0433 3
      vertex 37 14 3
      vertex 35.6148 11.353 3
    endloop
  endfacet
  facet normal 0 0 1
    outer loop
      vertex 37 -14 3
      vertex 35.6786 -11.6737 3
      vertex 35.7 -12 3
    endloop
  endfacet
  facet normal 0 0 1
    outer loop
      vertex 37 14 3
      vertex 35.5097 11.0433 3
      vertex 37 -14 3
    endloop
  endfacet
  facet normal 0 0 1
    outer loop
      vertex 37 -14 3
      vertex 35.6148 -11.353 3
      vertex 35.6786 -11.6737 3
    endloop
  endfacet
  facet normal -0 0 1
    outer loop
      vertex 35.5097 -11.0433 3
      vertex 37 -14 3
      vertex 35.5097 11.0433 3
    endloop
  endfacet
  facet normal 0 0 1
    outer loop
      vertex 37 -14 3
      vertex 35.5097 -11.0433 3
      vertex 35.6148 -11.353 3
    endloop
  endfacet
  facet normal -0 0 1
    outer loop
      vertex 35.3651 10.75 3
      vertex 35.5097 -11.0433 3
      vertex 35.5097 11.0433 3
    endloop
  endfacet
  facet normal 0 0 1
    outer loop
      vertex 35.3651 10.75 3
      vertex 35.3651 -10.75 3
      vertex 35.5097 -11.0433 3
    endloop
  endfacet
  facet normal -0 0 1
    outer loop
      vertex 35.1834 10.4781 3
      vertex 35.3651 -10.75 3
      vertex 35.3651 10.75 3
    endloop
  endfacet
  facet normal 0 0 1
    outer loop
      vertex 35.1834 10.4781 3
      vertex 35.1834 -10.4781 3
      vertex 35.3651 -10.75 3
    endloop
  endfacet
  facet normal -0 0 1
    outer loop
      vertex 34.9678 10.2322 3
      vertex 35.1834 -10.4781 3
      vertex 35.1834 10.4781 3
    endloop
  endfacet
  facet normal 0 0 1
    outer loop
      vertex 34.9678 10.2322 3
      vertex 34.9678 -10.2322 3
      vertex 35.1834 -10.4781 3
    endloop
  endfacet
  facet normal -0 0 1
    outer loop
      vertex 34.7219 10.0166 3
      vertex 34.9678 -10.2322 3
      vertex 34.9678 10.2322 3
    endloop
  endfacet
  facet normal 0 0 1
    outer loop
      vertex 34.7219 10.0166 3
      vertex 34.7219 -10.0166 3
      vertex 34.9678 -10.2322 3
    endloop
  endfacet
  facet normal -0 0 1
    outer loop
      vertex 34.45 9.83494 3
      vertex 34.7219 -10.0166 3
      vertex 34.7219 10.0166 3
    endloop
  endfacet
  facet normal 0 0 1
    outer loop
      vertex 34.45 9.83494 3
      vertex 34.45 -9.83494 3
      vertex 34.7219 -10.0166 3
    endloop
  endfacet
  facet normal -0 0 1
    outer loop
      vertex 34.1567 9.6903 3
      vertex 34.45 -9.83494 3
      vertex 34.45 9.83494 3
    endloop
  endfacet
  facet normal 0 0 1
    outer loop
      vertex 34.1567 9.6903 3
      vertex 34.1567 -9.6903 3
      vertex 34.45 -9.83494 3
    endloop
  endfacet
  facet normal -0 0 1
    outer loop
      vertex 33.847 9.58519 3
      vertex 34.1567 -9.6903 3
      vertex 34.1567 9.6903 3
    endloop
  endfacet
  facet normal 0 0 1
    outer loop
      vertex 33.847 9.58519 3
      vertex 33.847 -9.58519 3
      vertex 34.1567 -9.6903 3
    endloop
  endfacet
  facet normal -0 0 1
    outer loop
      vertex 33.5263 9.52139 3
      vertex 33.847 -9.58519 3
      vertex 33.847 9.58519 3
    endloop
  endfacet
  facet normal 0 0 1
    outer loop
      vertex 33.5263 9.52139 3
      vertex 33.5263 -9.52139 3
      vertex 33.847 -9.58519 3
    endloop
  endfacet
  facet normal -0 0 1
    outer loop
      vertex 33.2 9.5 3
      vertex 33.5263 -9.52139 3
      vertex 33.5263 9.52139 3
    endloop
  endfacet
  facet normal 0 0 1
    outer loop
      vertex 33.2 9.5 3
      vertex 33.2 -9.5 3
      vertex 33.5263 -9.52139 3
    endloop
  endfacet
  facet normal 0 0 1
    outer loop
      vertex 32.8737 9.52139 3
      vertex 33.2 -9.5 3
      vertex 33.2 9.5 3
    endloop
  endfacet
  facet normal 0 0 1
    outer loop
      vertex 32.8737 9.52139 3
      vertex 32.8737 -9.52139 3
      vertex 33.2 -9.5 3
    endloop
  endfacet
  facet normal 0 0 1
    outer loop
      vertex 32.553 9.58519 3
      vertex 32.8737 -9.52139 3
      vertex 32.8737 9.52139 3
    endloop
  endfacet
  facet normal 0 0 1
    outer loop
      vertex 32.553 9.58519 3
      vertex 32.553 -9.58519 3
      vertex 32.8737 -9.52139 3
    endloop
  endfacet
  facet normal 0 0 1
    outer loop
      vertex 32.2433 9.6903 3
      vertex 32.553 -9.58519 3
      vertex 32.553 9.58519 3
    endloop
  endfacet
  facet normal 0 0 1
    outer loop
      vertex 32.2433 9.6903 3
      vertex 32.2433 -9.6903 3
      vertex 32.553 -9.58519 3
    endloop
  endfacet
  facet normal 0 0 1
    outer loop
      vertex 31.95 9.83494 3
      vertex 32.2433 -9.6903 3
      vertex 32.2433 9.6903 3
    endloop
  endfacet
  facet normal 0 0 1
    outer loop
      vertex 31.95 9.83494 3
      vertex 31.95 -9.83494 3
      vertex 32.2433 -9.6903 3
    endloop
  endfacet
  facet normal 0 0 1
    outer loop
      vertex 31.6781 10.0166 3
      vertex 31.95 -9.83494 3
      vertex 31.95 9.83494 3
    endloop
  endfacet
  facet normal 0 0 1
    outer loop
      vertex 31.6781 10.0166 3
      vertex 31.6781 -10.0166 3
      vertex 31.95 -9.83494 3
    endloop
  endfacet
  facet normal 0 0 1
    outer loop
      vertex 31.4322 10.2322 3
      vertex 31.6781 -10.0166 3
      vertex 31.6781 10.0166 3
    endloop
  endfacet
  facet normal 0 0 1
    outer loop
      vertex 31.4322 10.2322 3
      vertex 31.4322 -10.2322 3
      vertex 31.6781 -10.0166 3
    endloop
  endfacet
  facet normal 0 0 1
    outer loop
      vertex 31.2166 10.4781 3
      vertex 31.4322 -10.2322 3
      vertex 31.4322 10.2322 3
    endloop
  endfacet
  facet normal 0 0 1
    outer loop
      vertex 31.2166 10.4781 3
      vertex 31.2166 -10.4781 3
      vertex 31.4322 -10.2322 3
    endloop
  endfacet
  facet normal 0 0 1
    outer loop
      vertex 30 12 3
      vertex 31.2166 10.4781 3
      vertex 31.0349 10.75 3
    endloop
  endfacet
  facet normal 0 0 1
    outer loop
      vertex 31.2166 10.4781 3
      vertex 30 12 3
      vertex 31.2166 -10.4781 3
    endloop
  endfacet
  facet normal 0 0 1
    outer loop
      vertex 30 12 3
      vertex 31.0349 10.75 3
      vertex 30.8903 11.0433 3
    endloop
  endfacet
  facet normal 0 0 1
    outer loop
      vertex 30 -12 3
      vertex 31.2166 -10.4781 3
      vertex 30 12 3
    endloop
  endfacet
  facet normal 0 0 1
    outer loop
      vertex 30 12 3
      vertex 30.8903 11.0433 3
      vertex 30.7852 11.353 3
    endloop
  endfacet
  facet normal 0 0 1
    outer loop
      vertex 31.2166 -10.4781 3
      vertex 30 -12 3
      vertex 31.0349 -10.75 3
    endloop
  endfacet
  facet normal 0 0 1
    outer loop
      vertex 30 12 3
      vertex 30.7852 11.353 3
      vertex 30.7214 11.6737 3
    endloop
  endfacet
  facet normal 0 0 1
    outer loop
      vertex 31.0349 -10.75 3
      vertex 30 -12 3
      vertex 30.8903 -11.0433 3
    endloop
  endfacet
  facet normal -0 0 1
    outer loop
      vertex 30 12 3
      vertex 30.7214 11.6737 3
      vertex 30.7 12 3
    endloop
  endfacet
  facet normal 0 0 1
    outer loop
      vertex 30.8903 -11.0433 3
      vertex 30 -12 3
      vertex 30.7852 -11.353 3
    endloop
  endfacet
  facet normal 0 0 1
    outer loop
      vertex 35.1834 13.5219 3
      vertex 37 14 3
      vertex 36.9829 14.261 3
    endloop
  endfacet
  facet normal 0 0 1
    outer loop
      vertex 35.6786 11.6737 3
      vertex 37 14 3
      vertex 35.7 12 3
    endloop
  endfacet
  facet normal 0 0 1
    outer loop
      vertex 35.1834 13.5219 3
      vertex 36.9829 14.261 3
      vertex 36.9319 14.5176 3
    endloop
  endfacet
  facet normal 0 0 1
    outer loop
      vertex 35.6148 11.353 3
      vertex 37 14 3
      vertex 35.6786 11.6737 3
    endloop
  endfacet
  facet normal 0 0 1
    outer loop
      vertex 35.1834 13.5219 3
      vertex 36.9319 14.5176 3
      vertex 36.8478 14.7654 3
    endloop
  endfacet
  facet normal -0 0 1
    outer loop
      vertex 35.6786 -12.3263 3
      vertex 37 -14 3
      vertex 35.7 -12 3
    endloop
  endfacet
  facet normal 0 0 1
    outer loop
      vertex 34.9678 13.7678 3
      vertex 36.8478 14.7654 3
      vertex 36.7321 15 3
    endloop
  endfacet
  facet normal -0 0 1
    outer loop
      vertex 35.6148 -12.647 3
      vertex 37 -14 3
      vertex 35.6786 -12.3263 3
    endloop
  endfacet
  facet normal 0 0 1
    outer loop
      vertex 34.9678 13.7678 3
      vertex 36.7321 15 3
      vertex 36.5867 15.2175 3
    endloop
  endfacet
  facet normal -0 0 1
    outer loop
      vertex 35.5097 -12.9567 3
      vertex 37 -14 3
      vertex 35.6148 -12.647 3
    endloop
  endfacet
  facet normal 0 0 1
    outer loop
      vertex 34.9678 13.7678 3
      vertex 36.5867 15.2175 3
      vertex 36.4142 15.4142 3
    endloop
  endfacet
  facet normal -0 0 1
    outer loop
      vertex 35.3651 -13.25 3
      vertex 37 -14 3
      vertex 35.5097 -12.9567 3
    endloop
  endfacet
  facet normal 0 0 1
    outer loop
      vertex 34.9678 13.7678 3
      vertex 36.4142 15.4142 3
      vertex 36.2175 15.5867 3
    endloop
  endfacet
  facet normal -0 0 1
    outer loop
      vertex 35.1834 -13.5219 3
      vertex 37 -14 3
      vertex 35.3651 -13.25 3
    endloop
  endfacet
  facet normal 0 0 1
    outer loop
      vertex 34.7219 13.9834 3
      vertex 36.2175 15.5867 3
      vertex 36 15.7321 3
    endloop
  endfacet
  facet normal 0 0 1
    outer loop
      vertex 37 -14 3
      vertex 35.1834 -13.5219 3
      vertex 36.9829 -14.261 3
    endloop
  endfacet
  facet normal 0 0 1
    outer loop
      vertex 34.7219 13.9834 3
      vertex 36 15.7321 3
      vertex 35.7654 15.8478 3
    endloop
  endfacet
  facet normal 0 0 1
    outer loop
      vertex 36.9829 -14.261 3
      vertex 35.1834 -13.5219 3
      vertex 36.9319 -14.5176 3
    endloop
  endfacet
  facet normal 0 0 1
    outer loop
      vertex 36.9319 -14.5176 3
      vertex 35.1834 -13.5219 3
      vertex 36.8478 -14.7654 3
    endloop
  endfacet
  facet normal 0 0 1
    outer loop
      vertex 37 14 3
      vertex 35.6786 12.3263 3
      vertex 35.7 12 3
    endloop
  endfacet
  facet normal 0 0 1
    outer loop
      vertex 37 14 3
      vertex 35.6148 12.647 3
      vertex 35.6786 12.3263 3
    endloop
  endfacet
  facet normal 0 0 1
    outer loop
      vertex 34.7219 13.9834 3
      vertex 35.7654 15.8478 3
      vertex 35.5176 15.9319 3
    endloop
  endfacet
  facet normal 0 0 1
    outer loop
      vertex 37 14 3
      vertex 35.5097 12.9567 3
      vertex 35.6148 12.647 3
    endloop
  endfacet
  facet normal 0 0 1
    outer loop
      vertex 37 14 3
      vertex 35.3651 13.25 3
      vertex 35.5097 12.9567 3
    endloop
  endfacet
  facet normal 0 0 1
    outer loop
      vertex 34.7219 13.9834 3
      vertex 35.5176 15.9319 3
      vertex 35.261 15.9829 3
    endloop
  endfacet
  facet normal 0 0 1
    outer loop
      vertex 37 14 3
      vertex 35.1834 13.5219 3
      vertex 35.3651 13.25 3
    endloop
  endfacet
  facet normal 0 0 1
    outer loop
      vertex 34.45 14.1651 3
      vertex 35.261 15.9829 3
      vertex 35 16 3
    endloop
  endfacet
  facet normal 0 0 1
    outer loop
      vertex 36.8478 14.7654 3
      vertex 34.9678 13.7678 3
      vertex 35.1834 13.5219 3
    endloop
  endfacet
  facet normal 0 0 1
    outer loop
      vertex 36.2175 15.5867 3
      vertex 34.7219 13.9834 3
      vertex 34.9678 13.7678 3
    endloop
  endfacet
  facet normal 0 0 1
    outer loop
      vertex 35.261 15.9829 3
      vertex 34.45 14.1651 3
      vertex 34.7219 13.9834 3
    endloop
  endfacet
  facet normal 0 0 1
    outer loop
      vertex 35 16 3
      vertex 34.1567 14.3097 3
      vertex 34.45 14.1651 3
    endloop
  endfacet
  facet normal 0 0 1
    outer loop
      vertex 35 16 3
      vertex 33.847 14.4148 3
      vertex 34.1567 14.3097 3
    endloop
  endfacet
  facet normal 0 0 1
    outer loop
      vertex 35 16 3
      vertex 33.5263 14.4786 3
      vertex 33.847 14.4148 3
    endloop
  endfacet
  facet normal 0 0 1
    outer loop
      vertex 35 16 3
      vertex 33.2 14.5 3
      vertex 33.5263 14.4786 3
    endloop
  endfacet
  facet normal 0 0 1
    outer loop
      vertex 35 16 3
      vertex 32.8737 14.4786 3
      vertex 33.2 14.5 3
    endloop
  endfacet
  facet normal 0 0 1
    outer loop
      vertex 35 16 3
      vertex 32.553 14.4148 3
      vertex 32.8737 14.4786 3
    endloop
  endfacet
  facet normal 0 0 1
    outer loop
      vertex 35 16 3
      vertex 32.2433 14.3097 3
      vertex 32.553 14.4148 3
    endloop
  endfacet
  facet normal 0 0 1
    outer loop
      vertex 35 16 3
      vertex 31.95 14.1651 3
      vertex 32.2433 14.3097 3
    endloop
  endfacet
  facet normal 0 0 1
    outer loop
      vertex 30.7852 -11.353 3
      vertex 30 -12 3
      vertex 30.7214 -11.6737 3
    endloop
  endfacet
  facet normal -0 0 1
    outer loop
      vertex 29.9914 12.1305 3
      vertex 30.7 12 3
      vertex 30.7214 12.3263 3
    endloop
  endfacet
  facet normal -0 0 1
    outer loop
      vertex 29.9239 12.3827 3
      vertex 30.7214 12.3263 3
      vertex 30.7852 12.647 3
    endloop
  endfacet
  facet normal 0 0 1
    outer loop
      vertex 29.7934 12.6088 3
      vertex 30.7852 12.647 3
      vertex 30.8903 12.9567 3
    endloop
  endfacet
  facet normal 0 0 1
    outer loop
      vertex 29.6088 12.7934 3
      vertex 30.8903 12.9567 3
      vertex 31.0349 13.25 3
    endloop
  endfacet
  facet normal 0 0 1
    outer loop
      vertex 29.3827 12.9239 3
      vertex 31.0349 13.25 3
      vertex 31.2166 13.5219 3
    endloop
  endfacet
  facet normal 0 0 1
    outer loop
      vertex 30.7 12 3
      vertex 29.9914 12.1305 3
      vertex 30 12 3
    endloop
  endfacet
  facet normal 0 0 1
    outer loop
      vertex 29.2588 12.9659 3
      vertex 31.2166 13.5219 3
      vertex 31.4322 13.7678 3
    endloop
  endfacet
  facet normal 0 0 1
    outer loop
      vertex 30.7214 12.3263 3
      vertex 29.9659 12.2588 3
      vertex 29.9914 12.1305 3
    endloop
  endfacet
  facet normal 0 0 1
    outer loop
      vertex 30.7214 12.3263 3
      vertex 29.9239 12.3827 3
      vertex 29.9659 12.2588 3
    endloop
  endfacet
  facet normal 0 0 1
    outer loop
      vertex 30.7852 12.647 3
      vertex 29.866 12.5 3
      vertex 29.9239 12.3827 3
    endloop
  endfacet
  facet normal 0 0 1
    outer loop
      vertex 29 13 3
      vertex 31.4322 13.7678 3
      vertex 31.6781 13.9834 3
    endloop
  endfacet
  facet normal 0 0 1
    outer loop
      vertex 30.7852 12.647 3
      vertex 29.7934 12.6088 3
      vertex 29.866 12.5 3
    endloop
  endfacet
  facet normal 0 0 1
    outer loop
      vertex 30.8903 12.9567 3
      vertex 29.7071 12.7071 3
      vertex 29.7934 12.6088 3
    endloop
  endfacet
  facet normal 0 0 1
    outer loop
      vertex 29 13 3
      vertex 31.6781 13.9834 3
      vertex 31.95 14.1651 3
    endloop
  endfacet
  facet normal 0 0 1
    outer loop
      vertex 30.8903 12.9567 3
      vertex 29.6088 12.7934 3
      vertex 29.7071 12.7071 3
    endloop
  endfacet
  facet normal 0 0 1
    outer loop
      vertex 29 13 3
      vertex 31.95 14.1651 3
      vertex 35 16 3
    endloop
  endfacet
  facet normal 0 0 1
    outer loop
      vertex 31.0349 13.25 3
      vertex 29.5 12.866 3
      vertex 29.6088 12.7934 3
    endloop
  endfacet
  facet normal 0 0 1
    outer loop
      vertex 31.0349 13.25 3
      vertex 29.3827 12.9239 3
      vertex 29.5 12.866 3
    endloop
  endfacet
  facet normal 0 0 1
    outer loop
      vertex 31.2166 13.5219 3
      vertex 29.2588 12.9659 3
      vertex 29.3827 12.9239 3
    endloop
  endfacet
  facet normal 0 0 1
    outer loop
      vertex 31.4322 13.7678 3
      vertex 29.1305 12.9914 3
      vertex 29.2588 12.9659 3
    endloop
  endfacet
  facet normal 0 0 1
    outer loop
      vertex 31.4322 13.7678 3
      vertex 29 13 3
      vertex 29.1305 12.9914 3
    endloop
  endfacet
  facet normal 0 0 1
    outer loop
      vertex 35 16 3
      vertex -29 13 3
      vertex 29 13 3
    endloop
  endfacet
  facet normal 0 0 1
    outer loop
      vertex -30.7214 11.6737 3
      vertex -30 12 3
      vertex -30.7 12 3
    endloop
  endfacet
  facet normal 0 0 1
    outer loop
      vertex -29.9914 12.1305 3
      vertex -30.7 12 3
      vertex -30 12 3
    endloop
  endfacet
  facet normal 0 0 1
    outer loop
      vertex -30.7214 12.3263 3
      vertex -29.9914 12.1305 3
      vertex -29.9659 12.2588 3
    endloop
  endfacet
  facet normal -0 0 1
    outer loop
      vertex -30.7214 12.3263 3
      vertex -29.9659 12.2588 3
      vertex -29.9239 12.3827 3
    endloop
  endfacet
  facet normal 0 0 1
    outer loop
      vertex -30.7852 12.647 3
      vertex -29.9239 12.3827 3
      vertex -29.866 12.5 3
    endloop
  endfacet
  facet normal 0 0 1
    outer loop
      vertex -30.7852 12.647 3
      vertex -29.866 12.5 3
      vertex -29.7934 12.6088 3
    endloop
  endfacet
  facet normal 0 0 1
    outer loop
      vertex -30.8903 12.9567 3
      vertex -29.7934 12.6088 3
      vertex -29.7071 12.7071 3
    endloop
  endfacet
  facet normal 0 0 1
    outer loop
      vertex -30.8903 12.9567 3
      vertex -29.7071 12.7071 3
      vertex -29.6088 12.7934 3
    endloop
  endfacet
  facet normal 0 0 1
    outer loop
      vertex -29.9914 12.1305 3
      vertex -30.7214 12.3263 3
      vertex -30.7 12 3
    endloop
  endfacet
  facet normal 0 0 1
    outer loop
      vertex -31.0349 13.25 3
      vertex -29.6088 12.7934 3
      vertex -29.5 12.866 3
    endloop
  endfacet
  facet normal 0 0 1
    outer loop
      vertex -31.0349 13.25 3
      vertex -29.5 12.866 3
      vertex -29.3827 12.9239 3
    endloop
  endfacet
  facet normal 0 0 1
    outer loop
      vertex -29.9239 12.3827 3
      vertex -30.7852 12.647 3
      vertex -30.7214 12.3263 3
    endloop
  endfacet
  facet normal 0 0 1
    outer loop
      vertex -31.2166 13.5219 3
      vertex -29.3827 12.9239 3
      vertex -29.2588 12.9659 3
    endloop
  endfacet
  facet normal 0 0 1
    outer loop
      vertex -29.7934 12.6088 3
      vertex -30.8903 12.9567 3
      vertex -30.7852 12.647 3
    endloop
  endfacet
  facet normal 0 0 1
    outer loop
      vertex -31.4322 13.7678 3
      vertex -29.2588 12.9659 3
      vertex -29.1305 12.9914 3
    endloop
  endfacet
  facet normal 0 0 1
    outer loop
      vertex -31.4322 13.7678 3
      vertex -29.1305 12.9914 3
      vertex -29 13 3
    endloop
  endfacet
  facet normal -0 0 1
    outer loop
      vertex -35 16 3
      vertex -29 13 3
      vertex 35 16 3
    endloop
  endfacet
  facet normal 0 0 1
    outer loop
      vertex -29.6088 12.7934 3
      vertex -31.0349 13.25 3
      vertex -30.8903 12.9567 3
    endloop
  endfacet
  facet normal 0 0 1
    outer loop
      vertex -29.3827 12.9239 3
      vertex -31.2166 13.5219 3
      vertex -31.0349 13.25 3
    endloop
  endfacet
  facet normal 0 0 1
    outer loop
      vertex -29.2588 12.9659 3
      vertex -31.4322 13.7678 3
      vertex -31.2166 13.5219 3
    endloop
  endfacet
  facet normal 0 0 1
    outer loop
      vertex -29 13 3
      vertex -31.6781 13.9834 3
      vertex -31.4322 13.7678 3
    endloop
  endfacet
  facet normal 0 0 1
    outer loop
      vertex -29 13 3
      vertex -31.95 14.1651 3
      vertex -31.6781 13.9834 3
    endloop
  endfacet
  facet normal 0 0 1
    outer loop
      vertex -29 13 3
      vertex -35 16 3
      vertex -31.95 14.1651 3
    endloop
  endfacet
  facet normal 0 0 1
    outer loop
      vertex -31.95 14.1651 3
      vertex -35 16 3
      vertex -32.2433 14.3097 3
    endloop
  endfacet
  facet normal 0 0 1
    outer loop
      vertex -32.2433 14.3097 3
      vertex -35 16 3
      vertex -32.553 14.4148 3
    endloop
  endfacet
  facet normal 0 0 1
    outer loop
      vertex -32.553 14.4148 3
      vertex -35 16 3
      vertex -32.8737 14.4786 3
    endloop
  endfacet
  facet normal 0 0 1
    outer loop
      vertex -32.8737 14.4786 3
      vertex -35 16 3
      vertex -33.2 14.5 3
    endloop
  endfacet
  facet normal 0 0 1
    outer loop
      vertex -35 16 3
      vertex -33.5263 14.4786 3
      vertex -33.2 14.5 3
    endloop
  endfacet
  facet normal 0 0 1
    outer loop
      vertex -35 16 3
      vertex -33.847 14.4148 3
      vertex -33.5263 14.4786 3
    endloop
  endfacet
  facet normal 0 0 1
    outer loop
      vertex -35 16 3
      vertex -34.1567 14.3097 3
      vertex -33.847 14.4148 3
    endloop
  endfacet
  facet normal 0 0 1
    outer loop
      vertex -35 16 3
      vertex -34.45 14.1651 3
      vertex -34.1567 14.3097 3
    endloop
  endfacet
  facet normal -0 0 1
    outer loop
      vertex -35.261 15.9829 3
      vertex -34.45 14.1651 3
      vertex -35 16 3
    endloop
  endfacet
  facet normal 0 0 1
    outer loop
      vertex -34.45 14.1651 3
      vertex -35.261 15.9829 3
      vertex -34.7219 13.9834 3
    endloop
  endfacet
  facet normal -0 0 1
    outer loop
      vertex -35.5176 15.9319 3
      vertex -34.7219 13.9834 3
      vertex -35.261 15.9829 3
    endloop
  endfacet
  facet normal -0 0 1
    outer loop
      vertex -35.7654 15.8478 3
      vertex -34.7219 13.9834 3
      vertex -35.5176 15.9319 3
    endloop
  endfacet
  facet normal -0 0 1
    outer loop
      vertex -36 15.7321 3
      vertex -34.7219 13.9834 3
      vertex -35.7654 15.8478 3
    endloop
  endfacet
  facet normal -0 0 1
    outer loop
      vertex -36.2175 15.5867 3
      vertex -34.7219 13.9834 3
      vertex -36 15.7321 3
    endloop
  endfacet
  facet normal 0 0 1
    outer loop
      vertex -34.7219 13.9834 3
      vertex -36.2175 15.5867 3
      vertex -34.9678 13.7678 3
    endloop
  endfacet
  facet normal -0 0 1
    outer loop
      vertex -36.4142 15.4142 3
      vertex -34.9678 13.7678 3
      vertex -36.2175 15.5867 3
    endloop
  endfacet
  facet normal -0 0 1
    outer loop
      vertex -36.5867 15.2175 3
      vertex -34.9678 13.7678 3
      vertex -36.4142 15.4142 3
    endloop
  endfacet
  facet normal -0 0 1
    outer loop
      vertex -36.7321 15 3
      vertex -34.9678 13.7678 3
      vertex -36.5867 15.2175 3
    endloop
  endfacet
  facet normal 0 0 1
    outer loop
      vertex -35.6786 12.3263 3
      vertex -37 14 3
      vertex -35.7 12 3
    endloop
  endfacet
  facet normal -0 0 1
    outer loop
      vertex -36.8478 14.7654 3
      vertex -34.9678 13.7678 3
      vertex -36.7321 15 3
    endloop
  endfacet
  facet normal -0 0 1
    outer loop
      vertex 34.9678 -13.7678 3
      vertex 36.8478 -14.7654 3
      vertex 35.1834 -13.5219 3
    endloop
  endfacet
  facet normal 0 0 1
    outer loop
      vertex 36.8478 -14.7654 3
      vertex 34.9678 -13.7678 3
      vertex 36.7321 -15 3
    endloop
  endfacet
  facet normal 0 0 1
    outer loop
      vertex 36.7321 -15 3
      vertex 34.9678 -13.7678 3
      vertex 36.5867 -15.2175 3
    endloop
  endfacet
  facet normal 0 0 1
    outer loop
      vertex 36.5867 -15.2175 3
      vertex 34.9678 -13.7678 3
      vertex 36.4142 -15.4142 3
    endloop
  endfacet
  facet normal 0 0 1
    outer loop
      vertex 36.4142 -15.4142 3
      vertex 34.9678 -13.7678 3
      vertex 36.2175 -15.5867 3
    endloop
  endfacet
  facet normal -0 0 1
    outer loop
      vertex 34.7219 -13.9834 3
      vertex 36.2175 -15.5867 3
      vertex 34.9678 -13.7678 3
    endloop
  endfacet
  facet normal 0 0 1
    outer loop
      vertex 36.2175 -15.5867 3
      vertex 34.7219 -13.9834 3
      vertex 36 -15.7321 3
    endloop
  endfacet
  facet normal 0 0 1
    outer loop
      vertex 36 -15.7321 3
      vertex 34.7219 -13.9834 3
      vertex 35.7654 -15.8478 3
    endloop
  endfacet
  facet normal 0 0 1
    outer loop
      vertex 35.7654 -15.8478 3
      vertex 34.7219 -13.9834 3
      vertex 35.5176 -15.9319 3
    endloop
  endfacet
  facet normal 0 0 1
    outer loop
      vertex 35.5176 -15.9319 3
      vertex 34.7219 -13.9834 3
      vertex 35.261 -15.9829 3
    endloop
  endfacet
  facet normal -0 0 1
    outer loop
      vertex 34.45 -14.1651 3
      vertex 35.261 -15.9829 3
      vertex 34.7219 -13.9834 3
    endloop
  endfacet
  facet normal 0 0 1
    outer loop
      vertex 35.261 -15.9829 3
      vertex 34.45 -14.1651 3
      vertex 35 -16 3
    endloop
  endfacet
  facet normal -0 0 1
    outer loop
      vertex 34.1567 -14.3097 3
      vertex 35 -16 3
      vertex 34.45 -14.1651 3
    endloop
  endfacet
  facet normal -0 0 1
    outer loop
      vertex 33.847 -14.4148 3
      vertex 35 -16 3
      vertex 34.1567 -14.3097 3
    endloop
  endfacet
  facet normal -0 0 1
    outer loop
      vertex 33.5263 -14.4786 3
      vertex 35 -16 3
      vertex 33.847 -14.4148 3
    endloop
  endfacet
  facet normal -0 0 1
    outer loop
      vertex 33.2 -14.5 3
      vertex 35 -16 3
      vertex 33.5263 -14.4786 3
    endloop
  endfacet
  facet normal 0 0 1
    outer loop
      vertex 32.8737 -14.4786 3
      vertex 35 -16 3
      vertex 33.2 -14.5 3
    endloop
  endfacet
  facet normal 0 0 1
    outer loop
      vertex 32.553 -14.4148 3
      vertex 35 -16 3
      vertex 32.8737 -14.4786 3
    endloop
  endfacet
  facet normal 0 0 1
    outer loop
      vertex 32.2433 -14.3097 3
      vertex 35 -16 3
      vertex 32.553 -14.4148 3
    endloop
  endfacet
  facet normal 0 0 1
    outer loop
      vertex 31.95 -14.1651 3
      vertex 35 -16 3
      vertex 32.2433 -14.3097 3
    endloop
  endfacet
  facet normal 0 0 1
    outer loop
      vertex 30.7214 -11.6737 3
      vertex 30 -12 3
      vertex 30.7 -12 3
    endloop
  endfacet
  facet normal 0 0 1
    outer loop
      vertex 29.9914 -12.1305 3
      vertex 30.7 -12 3
      vertex 30 -12 3
    endloop
  endfacet
  facet normal 0 0 1
    outer loop
      vertex 30.7 -12 3
      vertex 29.9914 -12.1305 3
      vertex 30.7214 -12.3263 3
    endloop
  endfacet
  facet normal -0 0 1
    outer loop
      vertex 29.9659 -12.2588 3
      vertex 30.7214 -12.3263 3
      vertex 29.9914 -12.1305 3
    endloop
  endfacet
  facet normal 0 0 1
    outer loop
      vertex 29.9239 -12.3827 3
      vertex 30.7214 -12.3263 3
      vertex 29.9659 -12.2588 3
    endloop
  endfacet
  facet normal 0 0 1
    outer loop
      vertex 30.7214 -12.3263 3
      vertex 29.9239 -12.3827 3
      vertex 30.7852 -12.647 3
    endloop
  endfacet
  facet normal -0 0 1
    outer loop
      vertex 29.866 -12.5 3
      vertex 30.7852 -12.647 3
      vertex 29.9239 -12.3827 3
    endloop
  endfacet
  facet normal -0 0 1
    outer loop
      vertex 29.7934 -12.6088 3
      vertex 30.7852 -12.647 3
      vertex 29.866 -12.5 3
    endloop
  endfacet
  facet normal 0 0 1
    outer loop
      vertex 30.7852 -12.647 3
      vertex 29.7934 -12.6088 3
      vertex 30.8903 -12.9567 3
    endloop
  endfacet
  facet normal -0 0 1
    outer loop
      vertex 29.7071 -12.7071 3
      vertex 30.8903 -12.9567 3
      vertex 29.7934 -12.6088 3
    endloop
  endfacet
  facet normal -0 0 1
    outer loop
      vertex 29.6088 -12.7934 3
      vertex 30.8903 -12.9567 3
      vertex 29.7071 -12.7071 3
    endloop
  endfacet
  facet normal 0 0 1
    outer loop
      vertex 30.8903 -12.9567 3
      vertex 29.6088 -12.7934 3
      vertex 31.0349 -13.25 3
    endloop
  endfacet
  facet normal -0 0 1
    outer loop
      vertex 29.5 -12.866 3
      vertex 31.0349 -13.25 3
      vertex 29.6088 -12.7934 3
    endloop
  endfacet
  facet normal -0 0 1
    outer loop
      vertex 29.3827 -12.9239 3
      vertex 31.0349 -13.25 3
      vertex 29.5 -12.866 3
    endloop
  endfacet
  facet normal 0 0 1
    outer loop
      vertex 31.0349 -13.25 3
      vertex 29.3827 -12.9239 3
      vertex 31.2166 -13.5219 3
    endloop
  endfacet
  facet normal -0 0 1
    outer loop
      vertex 29.2588 -12.9659 3
      vertex 31.2166 -13.5219 3
      vertex 29.3827 -12.9239 3
    endloop
  endfacet
  facet normal 0 0 1
    outer loop
      vertex 31.2166 -13.5219 3
      vertex 29.2588 -12.9659 3
      vertex 31.4322 -13.7678 3
    endloop
  endfacet
  facet normal -0 0 1
    outer loop
      vertex 29.1305 -12.9914 3
      vertex 31.4322 -13.7678 3
      vertex 29.2588 -12.9659 3
    endloop
  endfacet
  facet normal -0 0 1
    outer loop
      vertex 29 -13 3
      vertex 31.4322 -13.7678 3
      vertex 29.1305 -12.9914 3
    endloop
  endfacet
  facet normal 0 0 1
    outer loop
      vertex 31.4322 -13.7678 3
      vertex 29 -13 3
      vertex 31.6781 -13.9834 3
    endloop
  endfacet
  facet normal 0 0 1
    outer loop
      vertex 31.6781 -13.9834 3
      vertex 29 -13 3
      vertex 31.95 -14.1651 3
    endloop
  endfacet
  facet normal 0 0 1
    outer loop
      vertex 31.95 -14.1651 3
      vertex 29 -13 3
      vertex 35 -16 3
    endloop
  endfacet
  facet normal -0 0 1
    outer loop
      vertex -29 -13 3
      vertex 35 -16 3
      vertex 29 -13 3
    endloop
  endfacet
  facet normal 0 0 1
    outer loop
      vertex -30.7852 11.353 3
      vertex -30 12 3
      vertex -30.7214 11.6737 3
    endloop
  endfacet
  facet normal -0 0 1
    outer loop
      vertex -30.7 -12 3
      vertex -29.9914 -12.1305 3
      vertex -30 -12 3
    endloop
  endfacet
  facet normal 0 0 1
    outer loop
      vertex -30.7214 -12.3263 3
      vertex -29.9914 -12.1305 3
      vertex -30.7 -12 3
    endloop
  endfacet
  facet normal 0 0 1
    outer loop
      vertex -29.9914 -12.1305 3
      vertex -30.7214 -12.3263 3
      vertex -29.9659 -12.2588 3
    endloop
  endfacet
  facet normal 0 0 1
    outer loop
      vertex -29.9659 -12.2588 3
      vertex -30.7214 -12.3263 3
      vertex -29.9239 -12.3827 3
    endloop
  endfacet
  facet normal 0 0 1
    outer loop
      vertex -30.7852 -12.647 3
      vertex -29.9239 -12.3827 3
      vertex -30.7214 -12.3263 3
    endloop
  endfacet
  facet normal 0 0 1
    outer loop
      vertex -29.9239 -12.3827 3
      vertex -30.7852 -12.647 3
      vertex -29.866 -12.5 3
    endloop
  endfacet
  facet normal 0 0 1
    outer loop
      vertex -29.866 -12.5 3
      vertex -30.7852 -12.647 3
      vertex -29.7934 -12.6088 3
    endloop
  endfacet
  facet normal 0 0 1
    outer loop
      vertex -30.8903 -12.9567 3
      vertex -29.7934 -12.6088 3
      vertex -30.7852 -12.647 3
    endloop
  endfacet
  facet normal 0 0 1
    outer loop
      vertex -29.7934 -12.6088 3
      vertex -30.8903 -12.9567 3
      vertex -29.7071 -12.7071 3
    endloop
  endfacet
  facet normal 0 0 1
    outer loop
      vertex -29.7071 -12.7071 3
      vertex -30.8903 -12.9567 3
      vertex -29.6088 -12.7934 3
    endloop
  endfacet
  facet normal 0 0 1
    outer loop
      vertex -31.0349 -13.25 3
      vertex -29.6088 -12.7934 3
      vertex -30.8903 -12.9567 3
    endloop
  endfacet
  facet normal 0 0 1
    outer loop
      vertex -29.6088 -12.7934 3
      vertex -31.0349 -13.25 3
      vertex -29.5 -12.866 3
    endloop
  endfacet
  facet normal 0 0 1
    outer loop
      vertex -29.5 -12.866 3
      vertex -31.0349 -13.25 3
      vertex -29.3827 -12.9239 3
    endloop
  endfacet
  facet normal 0 0 1
    outer loop
      vertex -31.2166 -13.5219 3
      vertex -29.3827 -12.9239 3
      vertex -31.0349 -13.25 3
    endloop
  endfacet
  facet normal 0 0 1
    outer loop
      vertex -29.3827 -12.9239 3
      vertex -31.2166 -13.5219 3
      vertex -29.2588 -12.9659 3
    endloop
  endfacet
  facet normal 0 0 1
    outer loop
      vertex -31.4322 -13.7678 3
      vertex -29.2588 -12.9659 3
      vertex -31.2166 -13.5219 3
    endloop
  endfacet
  facet normal 0 0 1
    outer loop
      vertex -29.2588 -12.9659 3
      vertex -31.4322 -13.7678 3
      vertex -29.1305 -12.9914 3
    endloop
  endfacet
  facet normal 0 0 1
    outer loop
      vertex -29.1305 -12.9914 3
      vertex -31.4322 -13.7678 3
      vertex -29 -13 3
    endloop
  endfacet
  facet normal 0 0 1
    outer loop
      vertex -31.6781 -13.9834 3
      vertex -29 -13 3
      vertex -31.4322 -13.7678 3
    endloop
  endfacet
  facet normal 0 0 1
    outer loop
      vertex -31.95 -14.1651 3
      vertex -29 -13 3
      vertex -31.6781 -13.9834 3
    endloop
  endfacet
  facet normal 0 0 1
    outer loop
      vertex -35 -16 3
      vertex -29 -13 3
      vertex -31.95 -14.1651 3
    endloop
  endfacet
  facet normal 0 0 1
    outer loop
      vertex -35 -16 3
      vertex -31.95 -14.1651 3
      vertex -32.2433 -14.3097 3
    endloop
  endfacet
  facet normal 0 0 1
    outer loop
      vertex -35 -16 3
      vertex -32.2433 -14.3097 3
      vertex -32.553 -14.4148 3
    endloop
  endfacet
  facet normal 0 0 1
    outer loop
      vertex -35 -16 3
      vertex -32.553 -14.4148 3
      vertex -32.8737 -14.4786 3
    endloop
  endfacet
  facet normal 0 0 1
    outer loop
      vertex -35 -16 3
      vertex -32.8737 -14.4786 3
      vertex -33.2 -14.5 3
    endloop
  endfacet
  facet normal 0 0 1
    outer loop
      vertex -29 -13 3
      vertex -35 -16 3
      vertex 35 -16 3
    endloop
  endfacet
  facet normal 0 0 1
    outer loop
      vertex -33.5263 -14.4786 3
      vertex -35 -16 3
      vertex -33.2 -14.5 3
    endloop
  endfacet
  facet normal 0 0 1
    outer loop
      vertex -33.847 -14.4148 3
      vertex -35 -16 3
      vertex -33.5263 -14.4786 3
    endloop
  endfacet
  facet normal 0 0 1
    outer loop
      vertex -34.1567 -14.3097 3
      vertex -35 -16 3
      vertex -33.847 -14.4148 3
    endloop
  endfacet
  facet normal 0 0 1
    outer loop
      vertex -34.45 -14.1651 3
      vertex -35 -16 3
      vertex -34.1567 -14.3097 3
    endloop
  endfacet
  facet normal 0 0 1
    outer loop
      vertex -35.261 -15.9829 3
      vertex -34.45 -14.1651 3
      vertex -34.7219 -13.9834 3
    endloop
  endfacet
  facet normal 0 0 1
    outer loop
      vertex -36.2175 -15.5867 3
      vertex -34.7219 -13.9834 3
      vertex -34.9678 -13.7678 3
    endloop
  endfacet
  facet normal 0 0 1
    outer loop
      vertex -36.8478 -14.7654 3
      vertex -34.9678 -13.7678 3
      vertex -35.1834 -13.5219 3
    endloop
  endfacet
  facet normal 0 0 1
    outer loop
      vertex -34.45 -14.1651 3
      vertex -35.261 -15.9829 3
      vertex -35 -16 3
    endloop
  endfacet
  facet normal 0 0 1
    outer loop
      vertex -37 -14 3
      vertex -35.1834 -13.5219 3
      vertex -35.3651 -13.25 3
    endloop
  endfacet
  facet normal 0 0 1
    outer loop
      vertex -37 -14 3
      vertex -35.3651 -13.25 3
      vertex -35.5097 -12.9567 3
    endloop
  endfacet
  facet normal 0 0 1
    outer loop
      vertex -34.7219 -13.9834 3
      vertex -35.5176 -15.9319 3
      vertex -35.261 -15.9829 3
    endloop
  endfacet
  facet normal 0 0 1
    outer loop
      vertex -37 -14 3
      vertex -35.5097 -12.9567 3
      vertex -35.6148 -12.647 3
    endloop
  endfacet
  facet normal 0 0 1
    outer loop
      vertex -37 -14 3
      vertex -35.6148 -12.647 3
      vertex -35.6786 -12.3263 3
    endloop
  endfacet
  facet normal 0 0 1
    outer loop
      vertex -37 -14 3
      vertex -35.6786 -12.3263 3
      vertex -35.7 -12 3
    endloop
  endfacet
  facet normal 0 0 1
    outer loop
      vertex -35.1834 -13.5219 3
      vertex -37 -14 3
      vertex -36.9829 -14.261 3
    endloop
  endfacet
  facet normal 0 0 1
    outer loop
      vertex -35.6148 -11.353 3
      vertex -37 -14 3
      vertex -35.6786 -11.6737 3
    endloop
  endfacet
  facet normal 0 0 1
    outer loop
      vertex -34.9678 13.7678 3
      vertex -36.8478 14.7654 3
      vertex -35.1834 13.5219 3
    endloop
  endfacet
  facet normal 0 0 1
    outer loop
      vertex -35.6786 -11.6737 3
      vertex -37 -14 3
      vertex -35.7 -12 3
    endloop
  endfacet
  facet normal -0 0 1
    outer loop
      vertex -36.9319 14.5176 3
      vertex -35.1834 13.5219 3
      vertex -36.8478 14.7654 3
    endloop
  endfacet
  facet normal 0 0 1
    outer loop
      vertex -34.7219 -13.9834 3
      vertex -35.7654 -15.8478 3
      vertex -35.5176 -15.9319 3
    endloop
  endfacet
  facet normal -0 0 1
    outer loop
      vertex -36.9829 14.261 3
      vertex -35.1834 13.5219 3
      vertex -36.9319 14.5176 3
    endloop
  endfacet
  facet normal 0 0 1
    outer loop
      vertex -34.7219 -13.9834 3
      vertex -36 -15.7321 3
      vertex -35.7654 -15.8478 3
    endloop
  endfacet
  facet normal -0 0 1
    outer loop
      vertex -37 14 3
      vertex -35.1834 13.5219 3
      vertex -36.9829 14.261 3
    endloop
  endfacet
  facet normal 0 0 1
    outer loop
      vertex -34.7219 -13.9834 3
      vertex -36.2175 -15.5867 3
      vertex -36 -15.7321 3
    endloop
  endfacet
  facet normal 0 0 1
    outer loop
      vertex -35.1834 13.5219 3
      vertex -37 14 3
      vertex -35.3651 13.25 3
    endloop
  endfacet
  facet normal 0 0 1
    outer loop
      vertex -34.9678 -13.7678 3
      vertex -36.4142 -15.4142 3
      vertex -36.2175 -15.5867 3
    endloop
  endfacet
  facet normal 0 0 1
    outer loop
      vertex -35.3651 13.25 3
      vertex -37 14 3
      vertex -35.5097 12.9567 3
    endloop
  endfacet
  facet normal 0 0 1
    outer loop
      vertex -34.9678 -13.7678 3
      vertex -36.5867 -15.2175 3
      vertex -36.4142 -15.4142 3
    endloop
  endfacet
  facet normal 0 0 1
    outer loop
      vertex -35.5097 12.9567 3
      vertex -37 14 3
      vertex -35.6148 12.647 3
    endloop
  endfacet
  facet normal 0 0 1
    outer loop
      vertex -34.9678 -13.7678 3
      vertex -36.7321 -15 3
      vertex -36.5867 -15.2175 3
    endloop
  endfacet
  facet normal 0 0 1
    outer loop
      vertex -35.6148 12.647 3
      vertex -37 14 3
      vertex -35.6786 12.3263 3
    endloop
  endfacet
  facet normal 0 0 1
    outer loop
      vertex -34.9678 -13.7678 3
      vertex -36.8478 -14.7654 3
      vertex -36.7321 -15 3
    endloop
  endfacet
  facet normal 0 0 1
    outer loop
      vertex -35.1834 -13.5219 3
      vertex -36.9319 -14.5176 3
      vertex -36.8478 -14.7654 3
    endloop
  endfacet
  facet normal 0 0 1
    outer loop
      vertex -35.1834 -13.5219 3
      vertex -36.9829 -14.261 3
      vertex -36.9319 -14.5176 3
    endloop
  endfacet
  facet normal -0.980815 -0.19494 0
    outer loop
      vertex 36.9829 14.261 3
      vertex 36.9319 14.5176 20
      vertex 36.9319 14.5176 3
    endloop
  endfacet
  facet normal -0.980815 -0.19494 0
    outer loop
      vertex 36.9319 14.5176 20
      vertex 36.9829 14.261 3
      vertex 36.9829 14.261 20
    endloop
  endfacet
  facet normal 0.751842 0.659343 0
    outer loop
      vertex -36.4142 -15.4142 20
      vertex -36.5867 -15.2175 3
      vertex -36.5867 -15.2175 20
    endloop
  endfacet
  facet normal 0.751842 0.659343 0
    outer loop
      vertex -36.5867 -15.2175 3
      vertex -36.4142 -15.4142 20
      vertex -36.4142 -15.4142 3
    endloop
  endfacet
  facet normal -0.831344 -0.555758 0
    outer loop
      vertex 36.7321 15 3
      vertex 36.5867 15.2175 20
      vertex 36.5867 15.2175 3
    endloop
  endfacet
  facet normal -0.831344 -0.555758 0
    outer loop
      vertex 36.5867 15.2175 20
      vertex 36.7321 15 3
      vertex 36.7321 15 20
    endloop
  endfacet
  facet normal -0.751842 -0.659343 0
    outer loop
      vertex 36.5867 15.2175 3
      vertex 36.4142 15.4142 20
      vertex 36.4142 15.4142 3
    endloop
  endfacet
  facet normal -0.751842 -0.659343 0
    outer loop
      vertex 36.4142 15.4142 20
      vertex 36.5867 15.2175 3
      vertex 36.5867 15.2175 20
    endloop
  endfacet
  facet normal -0.94695 0.321382 0
    outer loop
      vertex 36.8478 -14.7654 3
      vertex 36.9319 -14.5176 20
      vertex 36.9319 -14.5176 3
    endloop
  endfacet
  facet normal -0.94695 0.321382 0
    outer loop
      vertex 36.9319 -14.5176 20
      vertex 36.8478 -14.7654 3
      vertex 36.8478 -14.7654 20
    endloop
  endfacet
  facet normal 0.0657577 0.997836 -0
    outer loop
      vertex -29 -13 0
      vertex -29.1305 -12.9914 3
      vertex -29 -13 3
    endloop
  endfacet
  facet normal 0.0657577 0.997836 0
    outer loop
      vertex -29.1305 -12.9914 3
      vertex -29 -13 0
      vertex -29.1305 -12.9914 0
    endloop
  endfacet
  facet normal -0.321039 0.947066 0
    outer loop
      vertex 29.3827 -12.9239 0
      vertex 29.2588 -12.9659 3
      vertex 29.3827 -12.9239 3
    endloop
  endfacet
  facet normal -0.321039 0.947066 0
    outer loop
      vertex 29.2588 -12.9659 3
      vertex 29.3827 -12.9239 0
      vertex 29.2588 -12.9659 0
    endloop
  endfacet
  facet normal 0 1 -0
    outer loop
      vertex 29 -13 0
      vertex -29 -13 3
      vertex 29 -13 3
    endloop
  endfacet
  facet normal 0 1 0
    outer loop
      vertex -29 -13 3
      vertex 29 -13 0
      vertex -29 -13 0
    endloop
  endfacet
  facet normal -0.19494 0.980815 0
    outer loop
      vertex 29.2588 -12.9659 0
      vertex 29.1305 -12.9914 3
      vertex 29.2588 -12.9659 3
    endloop
  endfacet
  facet normal -0.19494 0.980815 0
    outer loop
      vertex 29.1305 -12.9914 3
      vertex 29.2588 -12.9659 0
      vertex 29.1305 -12.9914 0
    endloop
  endfacet
  facet normal 0.19494 0.980815 -0
    outer loop
      vertex -29.1305 -12.9914 0
      vertex -29.2588 -12.9659 3
      vertex -29.1305 -12.9914 3
    endloop
  endfacet
  facet normal 0.19494 0.980815 0
    outer loop
      vertex -29.2588 -12.9659 3
      vertex -29.1305 -12.9914 0
      vertex -29.2588 -12.9659 0
    endloop
  endfacet
  facet normal 0.659749 -0.751486 0
    outer loop
      vertex -29.7071 12.7071 0
      vertex -29.6088 12.7934 3
      vertex -29.7071 12.7071 3
    endloop
  endfacet
  facet normal 0.659749 -0.751486 0
    outer loop
      vertex -29.6088 12.7934 3
      vertex -29.7071 12.7071 0
      vertex -29.6088 12.7934 0
    endloop
  endfacet
  facet normal -0.0657577 0.997836 0
    outer loop
      vertex 29.1305 -12.9914 0
      vertex 29 -13 3
      vertex 29.1305 -12.9914 3
    endloop
  endfacet
  facet normal -0.0657577 0.997836 0
    outer loop
      vertex 29 -13 3
      vertex 29.1305 -12.9914 0
      vertex 29 -13 0
    endloop
  endfacet
  facet normal -0.321039 -0.947066 0
    outer loop
      vertex 29.2588 12.9659 0
      vertex 29.3827 12.9239 3
      vertex 29.2588 12.9659 3
    endloop
  endfacet
  facet normal -0.321039 -0.947066 -0
    outer loop
      vertex 29.3827 12.9239 3
      vertex 29.2588 12.9659 0
      vertex 29.3827 12.9239 0
    endloop
  endfacet
  facet normal -0.947066 -0.321039 0
    outer loop
      vertex 29.9659 12.2588 0
      vertex 29.9239 12.3827 3
      vertex 29.9239 12.3827 0
    endloop
  endfacet
  facet normal -0.947066 -0.321039 0
    outer loop
      vertex 29.9239 12.3827 3
      vertex 29.9659 12.2588 0
      vertex 29.9659 12.2588 3
    endloop
  endfacet
  facet normal 0.0657577 -0.997836 0
    outer loop
      vertex -29.1305 12.9914 0
      vertex -29 13 3
      vertex -29.1305 12.9914 3
    endloop
  endfacet
  facet normal 0.0657577 -0.997836 0
    outer loop
      vertex -29 13 3
      vertex -29.1305 12.9914 0
      vertex -29 13 0
    endloop
  endfacet
  facet normal 1 -0 0
    outer loop
      vertex -30 -12 3
      vertex -30 12 0
      vertex -30 12 3
    endloop
  endfacet
  facet normal 1 0 0
    outer loop
      vertex -30 12 0
      vertex -30 -12 3
      vertex -30 -12 0
    endloop
  endfacet
  facet normal 0.321039 -0.947066 0
    outer loop
      vertex -29.3827 12.9239 0
      vertex -29.2588 12.9659 3
      vertex -29.3827 12.9239 3
    endloop
  endfacet
  facet normal 0.321039 -0.947066 0
    outer loop
      vertex -29.2588 12.9659 3
      vertex -29.3827 12.9239 0
      vertex -29.2588 12.9659 0
    endloop
  endfacet
  facet normal -0.555053 -0.831815 0
    outer loop
      vertex 29.5 12.866 0
      vertex 29.6088 12.7934 3
      vertex 29.5 12.866 3
    endloop
  endfacet
  facet normal -0.555053 -0.831815 -0
    outer loop
      vertex 29.6088 12.7934 3
      vertex 29.5 12.866 0
      vertex 29.6088 12.7934 0
    endloop
  endfacet
  facet normal -0.442621 0.896709 0
    outer loop
      vertex 29.5 -12.866 0
      vertex 29.3827 -12.9239 3
      vertex 29.5 -12.866 3
    endloop
  endfacet
  facet normal -0.442621 0.896709 0
    outer loop
      vertex 29.3827 -12.9239 3
      vertex 29.5 -12.866 0
      vertex 29.3827 -12.9239 0
    endloop
  endfacet
  facet normal 0 -1 0
    outer loop
      vertex -29 13 0
      vertex 29 13 3
      vertex -29 13 3
    endloop
  endfacet
  facet normal 0 -1 -0
    outer loop
      vertex 29 13 3
      vertex -29 13 0
      vertex 29 13 0
    endloop
  endfacet
  facet normal -0.659749 0.751486 0
    outer loop
      vertex 29.7071 -12.7071 0
      vertex 29.6088 -12.7934 3
      vertex 29.7071 -12.7071 3
    endloop
  endfacet
  facet normal -0.659749 0.751486 0
    outer loop
      vertex 29.6088 -12.7934 3
      vertex 29.7071 -12.7071 0
      vertex 29.6088 -12.7934 0
    endloop
  endfacet
  facet normal 0.321039 0.947066 -0
    outer loop
      vertex -29.2588 -12.9659 0
      vertex -29.3827 -12.9239 3
      vertex -29.2588 -12.9659 3
    endloop
  endfacet
  facet normal 0.321039 0.947066 0
    outer loop
      vertex -29.3827 -12.9239 3
      vertex -29.2588 -12.9659 0
      vertex -29.3827 -12.9239 0
    endloop
  endfacet
  facet normal 0.947066 -0.321039 0
    outer loop
      vertex -29.9659 12.2588 3
      vertex -29.9239 12.3827 0
      vertex -29.9239 12.3827 3
    endloop
  endfacet
  facet normal 0.947066 -0.321039 0
    outer loop
      vertex -29.9239 12.3827 0
      vertex -29.9659 12.2588 3
      vertex -29.9659 12.2588 0
    endloop
  endfacet
  facet normal 0.896709 -0.442621 0
    outer loop
      vertex -29.9239 12.3827 3
      vertex -29.866 12.5 0
      vertex -29.866 12.5 3
    endloop
  endfacet
  facet normal 0.896709 -0.442621 0
    outer loop
      vertex -29.866 12.5 0
      vertex -29.9239 12.3827 3
      vertex -29.9239 12.3827 0
    endloop
  endfacet
  facet normal -1 0 0
    outer loop
      vertex 30 -12 0
      vertex 30 12 3
      vertex 30 12 0
    endloop
  endfacet
  facet normal -1 -0 0
    outer loop
      vertex 30 12 3
      vertex 30 -12 0
      vertex 30 -12 3
    endloop
  endfacet
  facet normal 0.442621 -0.896709 0
    outer loop
      vertex -29.5 12.866 0
      vertex -29.3827 12.9239 3
      vertex -29.5 12.866 3
    endloop
  endfacet
  facet normal 0.442621 -0.896709 0
    outer loop
      vertex -29.3827 12.9239 3
      vertex -29.5 12.866 0
      vertex -29.3827 12.9239 0
    endloop
  endfacet
  facet normal -0.831815 0.555053 0
    outer loop
      vertex 29.7934 -12.6088 0
      vertex 29.866 -12.5 3
      vertex 29.866 -12.5 0
    endloop
  endfacet
  facet normal -0.831815 0.555053 0
    outer loop
      vertex 29.866 -12.5 3
      vertex 29.7934 -12.6088 0
      vertex 29.7934 -12.6088 3
    endloop
  endfacet
  facet normal -0.19494 -0.980815 0
    outer loop
      vertex 29.1305 12.9914 0
      vertex 29.2588 12.9659 3
      vertex 29.1305 12.9914 3
    endloop
  endfacet
  facet normal -0.19494 -0.980815 -0
    outer loop
      vertex 29.2588 12.9659 3
      vertex 29.1305 12.9914 0
      vertex 29.2588 12.9659 0
    endloop
  endfacet
  facet normal -0.751486 0.659749 0
    outer loop
      vertex 29.7071 -12.7071 0
      vertex 29.7934 -12.6088 3
      vertex 29.7934 -12.6088 0
    endloop
  endfacet
  facet normal -0.751486 0.659749 0
    outer loop
      vertex 29.7934 -12.6088 3
      vertex 29.7071 -12.7071 0
      vertex 29.7071 -12.7071 3
    endloop
  endfacet
  facet normal 0.19494 -0.980815 0
    outer loop
      vertex -29.2588 12.9659 0
      vertex -29.1305 12.9914 3
      vertex -29.2588 12.9659 3
    endloop
  endfacet
  facet normal 0.19494 -0.980815 0
    outer loop
      vertex -29.1305 12.9914 3
      vertex -29.2588 12.9659 0
      vertex -29.1305 12.9914 0
    endloop
  endfacet
  facet normal -0.997836 0.0657577 0
    outer loop
      vertex 29.9914 -12.1305 0
      vertex 30 -12 3
      vertex 30 -12 0
    endloop
  endfacet
  facet normal -0.997836 0.0657577 0
    outer loop
      vertex 30 -12 3
      vertex 29.9914 -12.1305 0
      vertex 29.9914 -12.1305 3
    endloop
  endfacet
  facet normal 0.980815 -0.19494 0
    outer loop
      vertex -29.9914 12.1305 3
      vertex -29.9659 12.2588 0
      vertex -29.9659 12.2588 3
    endloop
  endfacet
  facet normal 0.980815 -0.19494 0
    outer loop
      vertex -29.9659 12.2588 0
      vertex -29.9914 12.1305 3
      vertex -29.9914 12.1305 0
    endloop
  endfacet
  facet normal 0.555053 -0.831815 0
    outer loop
      vertex -29.6088 12.7934 0
      vertex -29.5 12.866 3
      vertex -29.6088 12.7934 3
    endloop
  endfacet
  facet normal 0.555053 -0.831815 0
    outer loop
      vertex -29.5 12.866 3
      vertex -29.6088 12.7934 0
      vertex -29.5 12.866 0
    endloop
  endfacet
  facet normal 0.997836 0.0657577 0
    outer loop
      vertex -29.9914 -12.1305 3
      vertex -30 -12 0
      vertex -30 -12 3
    endloop
  endfacet
  facet normal 0.997836 0.0657577 0
    outer loop
      vertex -30 -12 0
      vertex -29.9914 -12.1305 3
      vertex -29.9914 -12.1305 0
    endloop
  endfacet
  facet normal -0.751486 -0.659749 0
    outer loop
      vertex 29.7934 12.6088 0
      vertex 29.7071 12.7071 3
      vertex 29.7071 12.7071 0
    endloop
  endfacet
  facet normal -0.751486 -0.659749 0
    outer loop
      vertex 29.7071 12.7071 3
      vertex 29.7934 12.6088 0
      vertex 29.7934 12.6088 3
    endloop
  endfacet
  facet normal -0.0657577 -0.997836 0
    outer loop
      vertex 29 13 0
      vertex 29.1305 12.9914 3
      vertex 29 13 3
    endloop
  endfacet
  facet normal -0.0657577 -0.997836 -0
    outer loop
      vertex 29.1305 12.9914 3
      vertex 29 13 0
      vertex 29.1305 12.9914 0
    endloop
  endfacet
  facet normal 0.751486 -0.659749 0
    outer loop
      vertex -29.7934 12.6088 3
      vertex -29.7071 12.7071 0
      vertex -29.7071 12.7071 3
    endloop
  endfacet
  facet normal 0.751486 -0.659749 0
    outer loop
      vertex -29.7071 12.7071 0
      vertex -29.7934 12.6088 3
      vertex -29.7934 12.6088 0
    endloop
  endfacet
  facet normal -0.831815 -0.555053 0
    outer loop
      vertex 29.866 12.5 0
      vertex 29.7934 12.6088 3
      vertex 29.7934 12.6088 0
    endloop
  endfacet
  facet normal -0.831815 -0.555053 0
    outer loop
      vertex 29.7934 12.6088 3
      vertex 29.866 12.5 0
      vertex 29.866 12.5 3
    endloop
  endfacet
  facet normal 0.831815 -0.555053 0
    outer loop
      vertex -29.866 12.5 3
      vertex -29.7934 12.6088 0
      vertex -29.7934 12.6088 3
    endloop
  endfacet
  facet normal 0.831815 -0.555053 0
    outer loop
      vertex -29.7934 12.6088 0
      vertex -29.866 12.5 3
      vertex -29.866 12.5 0
    endloop
  endfacet
  facet normal 0.751486 0.659749 0
    outer loop
      vertex -29.7071 -12.7071 3
      vertex -29.7934 -12.6088 0
      vertex -29.7934 -12.6088 3
    endloop
  endfacet
  facet normal 0.751486 0.659749 0
    outer loop
      vertex -29.7934 -12.6088 0
      vertex -29.7071 -12.7071 3
      vertex -29.7071 -12.7071 0
    endloop
  endfacet
  facet normal -0.659749 -0.751486 0
    outer loop
      vertex 29.6088 12.7934 0
      vertex 29.7071 12.7071 3
      vertex 29.6088 12.7934 3
    endloop
  endfacet
  facet normal -0.659749 -0.751486 -0
    outer loop
      vertex 29.7071 12.7071 3
      vertex 29.6088 12.7934 0
      vertex 29.7071 12.7071 0
    endloop
  endfacet
  facet normal -0.896709 -0.442621 0
    outer loop
      vertex 29.9239 12.3827 0
      vertex 29.866 12.5 3
      vertex 29.866 12.5 0
    endloop
  endfacet
  facet normal -0.896709 -0.442621 0
    outer loop
      vertex 29.866 12.5 3
      vertex 29.9239 12.3827 0
      vertex 29.9239 12.3827 3
    endloop
  endfacet
  facet normal -0.980815 -0.19494 0
    outer loop
      vertex 29.9914 12.1305 0
      vertex 29.9659 12.2588 3
      vertex 29.9659 12.2588 0
    endloop
  endfacet
  facet normal -0.980815 -0.19494 0
    outer loop
      vertex 29.9659 12.2588 3
      vertex 29.9914 12.1305 0
      vertex 29.9914 12.1305 3
    endloop
  endfacet
  facet normal -0.947066 0.321039 0
    outer loop
      vertex 29.9239 -12.3827 0
      vertex 29.9659 -12.2588 3
      vertex 29.9659 -12.2588 0
    endloop
  endfacet
  facet normal -0.947066 0.321039 0
    outer loop
      vertex 29.9659 -12.2588 3
      vertex 29.9239 -12.3827 0
      vertex 29.9239 -12.3827 3
    endloop
  endfacet
  facet normal -0.896709 0.442621 0
    outer loop
      vertex 29.866 -12.5 0
      vertex 29.9239 -12.3827 3
      vertex 29.9239 -12.3827 0
    endloop
  endfacet
  facet normal -0.896709 0.442621 0
    outer loop
      vertex 29.9239 -12.3827 3
      vertex 29.866 -12.5 0
      vertex 29.866 -12.5 3
    endloop
  endfacet
  facet normal 0.997836 -0.0657577 0
    outer loop
      vertex -30 12 3
      vertex -29.9914 12.1305 0
      vertex -29.9914 12.1305 3
    endloop
  endfacet
  facet normal 0.997836 -0.0657577 0
    outer loop
      vertex -29.9914 12.1305 0
      vertex -30 12 3
      vertex -30 12 0
    endloop
  endfacet
  facet normal -0.997836 -0.0657577 0
    outer loop
      vertex 30 12 0
      vertex 29.9914 12.1305 3
      vertex 29.9914 12.1305 0
    endloop
  endfacet
  facet normal -0.997836 -0.0657577 0
    outer loop
      vertex 29.9914 12.1305 3
      vertex 30 12 0
      vertex 30 12 3
    endloop
  endfacet
  facet normal 0.442621 0.896709 -0
    outer loop
      vertex -29.3827 -12.9239 0
      vertex -29.5 -12.866 3
      vertex -29.3827 -12.9239 3
    endloop
  endfacet
  facet normal 0.442621 0.896709 0
    outer loop
      vertex -29.5 -12.866 3
      vertex -29.3827 -12.9239 0
      vertex -29.5 -12.866 0
    endloop
  endfacet
  facet normal -0.555053 0.831815 0
    outer loop
      vertex 29.6088 -12.7934 0
      vertex 29.5 -12.866 3
      vertex 29.6088 -12.7934 3
    endloop
  endfacet
  facet normal -0.555053 0.831815 0
    outer loop
      vertex 29.5 -12.866 3
      vertex 29.6088 -12.7934 0
      vertex 29.5 -12.866 0
    endloop
  endfacet
  facet normal 0.555053 0.831815 -0
    outer loop
      vertex -29.5 -12.866 0
      vertex -29.6088 -12.7934 3
      vertex -29.5 -12.866 3
    endloop
  endfacet
  facet normal 0.555053 0.831815 0
    outer loop
      vertex -29.6088 -12.7934 3
      vertex -29.5 -12.866 0
      vertex -29.6088 -12.7934 0
    endloop
  endfacet
  facet normal -0.442621 -0.896709 0
    outer loop
      vertex 29.3827 12.9239 0
      vertex 29.5 12.866 3
      vertex 29.3827 12.9239 3
    endloop
  endfacet
  facet normal -0.442621 -0.896709 -0
    outer loop
      vertex 29.5 12.866 3
      vertex 29.3827 12.9239 0
      vertex 29.5 12.866 0
    endloop
  endfacet
  facet normal 0.896709 0.442621 0
    outer loop
      vertex -29.866 -12.5 3
      vertex -29.9239 -12.3827 0
      vertex -29.9239 -12.3827 3
    endloop
  endfacet
  facet normal 0.896709 0.442621 0
    outer loop
      vertex -29.9239 -12.3827 0
      vertex -29.866 -12.5 3
      vertex -29.866 -12.5 0
    endloop
  endfacet
  facet normal 0.980815 0.19494 0
    outer loop
      vertex -29.9659 -12.2588 3
      vertex -29.9914 -12.1305 0
      vertex -29.9914 -12.1305 3
    endloop
  endfacet
  facet normal 0.980815 0.19494 0
    outer loop
      vertex -29.9914 -12.1305 0
      vertex -29.9659 -12.2588 3
      vertex -29.9659 -12.2588 0
    endloop
  endfacet
  facet normal 0.831815 0.555053 0
    outer loop
      vertex -29.7934 -12.6088 3
      vertex -29.866 -12.5 0
      vertex -29.866 -12.5 3
    endloop
  endfacet
  facet normal 0.831815 0.555053 0
    outer loop
      vertex -29.866 -12.5 0
      vertex -29.7934 -12.6088 3
      vertex -29.7934 -12.6088 0
    endloop
  endfacet
  facet normal 0.659749 0.751486 -0
    outer loop
      vertex -29.6088 -12.7934 0
      vertex -29.7071 -12.7071 3
      vertex -29.6088 -12.7934 3
    endloop
  endfacet
  facet normal 0.659749 0.751486 0
    outer loop
      vertex -29.7071 -12.7071 3
      vertex -29.6088 -12.7934 0
      vertex -29.7071 -12.7071 0
    endloop
  endfacet
  facet normal 0.947066 0.321039 0
    outer loop
      vertex -29.9239 -12.3827 3
      vertex -29.9659 -12.2588 0
      vertex -29.9659 -12.2588 3
    endloop
  endfacet
  facet normal 0.947066 0.321039 0
    outer loop
      vertex -29.9659 -12.2588 0
      vertex -29.9239 -12.3827 3
      vertex -29.9239 -12.3827 0
    endloop
  endfacet
  facet normal -0.980815 0.19494 0
    outer loop
      vertex 29.9659 -12.2588 0
      vertex 29.9914 -12.1305 3
      vertex 29.9914 -12.1305 0
    endloop
  endfacet
  facet normal -0.980815 0.19494 0
    outer loop
      vertex 29.9914 -12.1305 3
      vertex 29.9659 -12.2588 0
      vertex 29.9659 -12.2588 3
    endloop
  endfacet
  facet normal 0 0 -1
    outer loop
      vertex -39 -6 15
      vertex -37 6 15
      vertex -37 -6 15
    endloop
  endfacet
  facet normal -0 0 -1
    outer loop
      vertex -37 6 15
      vertex -39 -6 15
      vertex -39 6 15
    endloop
  endfacet
  facet normal -0 0 1
    outer loop
      vertex -39 6 7
      vertex -37 -6 7
      vertex -37 6 7
    endloop
  endfacet
  facet normal 0 0 1
    outer loop
      vertex -37 -6 7
      vertex -39 6 7
      vertex -39 -6 7
    endloop
  endfacet
  facet normal 0 -1 0
    outer loop
      vertex -39 6 7
      vertex -37 6 15
      vertex -39 6 15
    endloop
  endfacet
  facet normal 0 -1 -0
    outer loop
      vertex -37 6 15
      vertex -39 6 7
      vertex -37 6 7
    endloop
  endfacet
  facet normal 0 1 -0
    outer loop
      vertex -37 -6 7
      vertex -39 -6 15
      vertex -37 -6 15
    endloop
  endfacet
  facet normal 0 1 0
    outer loop
      vertex -39 -6 15
      vertex -37 -6 7
      vertex -39 -6 7
    endloop
  endfacet
  facet normal -0.442191 -0.896921 0
    outer loop
      vertex -34.45 -14.1651 3
      vertex -34.1567 -14.3097 4.5
      vertex -34.45 -14.1651 4.5
    endloop
  endfacet
  facet normal -0.442191 -0.896921 -0
    outer loop
      vertex -34.1567 -14.3097 4.5
      vertex -34.45 -14.1651 3
      vertex -34.1567 -14.3097 3
    endloop
  endfacet
  facet normal -0.321387 0.946948 0
    outer loop
      vertex -33.847 -9.58519 3
      vertex -34.1567 -9.6903 4.5
      vertex -33.847 -9.58519 4.5
    endloop
  endfacet
  facet normal -0.321387 0.946948 0
    outer loop
      vertex -34.1567 -9.6903 4.5
      vertex -33.847 -9.58519 3
      vertex -34.1567 -9.6903 3
    endloop
  endfacet
  facet normal 0.659262 0.751913 -0
    outer loop
      vertex -31.4322 -10.2322 3
      vertex -31.6781 -10.0166 4.5
      vertex -31.4322 -10.2322 4.5
    endloop
  endfacet
  facet normal 0.659262 0.751913 0
    outer loop
      vertex -31.6781 -10.0166 4.5
      vertex -31.4322 -10.2322 3
      vertex -31.6781 -10.0166 3
    endloop
  endfacet
  facet normal -0.997856 0.0654432 0
    outer loop
      vertex -35.7 -12 3
      vertex -35.6786 -11.6737 4.5
      vertex -35.6786 -11.6737 3
    endloop
  endfacet
  facet normal -0.997856 0.0654432 0
    outer loop
      vertex -35.6786 -11.6737 4.5
      vertex -35.7 -12 3
      vertex -35.7 -12 4.5
    endloop
  endfacet
  facet normal -0.751913 0.659262 0
    outer loop
      vertex -35.1834 -10.4781 3
      vertex -34.9678 -10.2322 4.5
      vertex -34.9678 -10.2322 3
    endloop
  endfacet
  facet normal -0.751913 0.659262 0
    outer loop
      vertex -34.9678 -10.2322 4.5
      vertex -35.1834 -10.4781 3
      vertex -35.1834 -10.4781 4.5
    endloop
  endfacet
  facet normal 0.0654432 -0.997856 0
    outer loop
      vertex -33.2 -14.5 3
      vertex -32.8737 -14.4786 4.5
      vertex -33.2 -14.5 4.5
    endloop
  endfacet
  facet normal 0.0654432 -0.997856 0
    outer loop
      vertex -32.8737 -14.4786 4.5
      vertex -33.2 -14.5 3
      vertex -32.8737 -14.4786 3
    endloop
  endfacet
  facet normal 0.831438 0.555617 0
    outer loop
      vertex -31.0349 -10.75 4.5
      vertex -31.2166 -10.4781 3
      vertex -31.2166 -10.4781 4.5
    endloop
  endfacet
  facet normal 0.831438 0.555617 0
    outer loop
      vertex -31.2166 -10.4781 3
      vertex -31.0349 -10.75 4.5
      vertex -31.0349 -10.75 3
    endloop
  endfacet
  facet normal 0.946957 -0.32136 0
    outer loop
      vertex -30.8903 -12.9567 4.5
      vertex -30.7852 -12.647 3
      vertex -30.7852 -12.647 4.5
    endloop
  endfacet
  facet normal 0.946957 -0.32136 0
    outer loop
      vertex -30.7852 -12.647 3
      vertex -30.8903 -12.9567 4.5
      vertex -30.8903 -12.9567 3
    endloop
  endfacet
  facet normal 0.946957 0.32136 0
    outer loop
      vertex -30.7852 -11.353 4.5
      vertex -30.8903 -11.0433 3
      vertex -30.8903 -11.0433 4.5
    endloop
  endfacet
  facet normal 0.946957 0.32136 0
    outer loop
      vertex -30.8903 -11.0433 3
      vertex -30.7852 -11.353 4.5
      vertex -30.7852 -11.353 3
    endloop
  endfacet
  facet normal -0.195116 -0.98078 0
    outer loop
      vertex -33.847 -14.4148 3
      vertex -33.5263 -14.4786 4.5
      vertex -33.847 -14.4148 4.5
    endloop
  endfacet
  facet normal -0.195116 -0.98078 -0
    outer loop
      vertex -33.5263 -14.4786 4.5
      vertex -33.847 -14.4148 3
      vertex -33.5263 -14.4786 3
    endloop
  endfacet
  facet normal 0.896921 0.442191 0
    outer loop
      vertex -30.8903 -11.0433 4.5
      vertex -31.0349 -10.75 3
      vertex -31.0349 -10.75 4.5
    endloop
  endfacet
  facet normal 0.896921 0.442191 0
    outer loop
      vertex -31.0349 -10.75 3
      vertex -30.8903 -11.0433 4.5
      vertex -30.8903 -11.0433 3
    endloop
  endfacet
  facet normal -0.555533 0.831495 0
    outer loop
      vertex -34.45 -9.83494 3
      vertex -34.7219 -10.0166 4.5
      vertex -34.45 -9.83494 4.5
    endloop
  endfacet
  facet normal -0.555533 0.831495 0
    outer loop
      vertex -34.7219 -10.0166 4.5
      vertex -34.45 -9.83494 3
      vertex -34.7219 -10.0166 3
    endloop
  endfacet
  facet normal -0.195116 0.98078 0
    outer loop
      vertex -33.5263 -9.52139 3
      vertex -33.847 -9.58519 4.5
      vertex -33.5263 -9.52139 4.5
    endloop
  endfacet
  facet normal -0.195116 0.98078 0
    outer loop
      vertex -33.847 -9.58519 4.5
      vertex -33.5263 -9.52139 3
      vertex -33.847 -9.58519 3
    endloop
  endfacet
  facet normal 0.195116 -0.98078 0
    outer loop
      vertex -32.8737 -14.4786 3
      vertex -32.553 -14.4148 4.5
      vertex -32.8737 -14.4786 4.5
    endloop
  endfacet
  facet normal 0.195116 -0.98078 0
    outer loop
      vertex -32.553 -14.4148 4.5
      vertex -32.8737 -14.4786 3
      vertex -32.553 -14.4148 3
    endloop
  endfacet
  facet normal -0.555617 -0.831438 0
    outer loop
      vertex -34.7219 -13.9834 3
      vertex -34.45 -14.1651 4.5
      vertex -34.7219 -13.9834 4.5
    endloop
  endfacet
  facet normal -0.555617 -0.831438 -0
    outer loop
      vertex -34.45 -14.1651 4.5
      vertex -34.7219 -13.9834 3
      vertex -34.45 -14.1651 3
    endloop
  endfacet
  facet normal -0.0654128 0.997858 0
    outer loop
      vertex -33.2 -9.5 3
      vertex -33.5263 -9.52139 4.5
      vertex -33.2 -9.5 4.5
    endloop
  endfacet
  facet normal -0.0654128 0.997858 0
    outer loop
      vertex -33.5263 -9.52139 4.5
      vertex -33.2 -9.5 3
      vertex -33.5263 -9.52139 3
    endloop
  endfacet
  facet normal 0.997856 0.0654432 0
    outer loop
      vertex -30.7 -12 4.5
      vertex -30.7214 -11.6737 3
      vertex -30.7214 -11.6737 4.5
    endloop
  endfacet
  facet normal 0.997856 0.0654432 0
    outer loop
      vertex -30.7214 -11.6737 3
      vertex -30.7 -12 4.5
      vertex -30.7 -12 3
    endloop
  endfacet
  facet normal 0.997856 -0.0654432 0
    outer loop
      vertex -30.7214 -12.3263 4.5
      vertex -30.7 -12 3
      vertex -30.7 -12 4.5
    endloop
  endfacet
  facet normal 0.997856 -0.0654432 0
    outer loop
      vertex -30.7 -12 3
      vertex -30.7214 -12.3263 4.5
      vertex -30.7214 -12.3263 3
    endloop
  endfacet
  facet normal 0.44229 0.896872 -0
    outer loop
      vertex -31.95 -9.83494 3
      vertex -32.2433 -9.6903 4.5
      vertex -31.95 -9.83494 4.5
    endloop
  endfacet
  facet normal 0.44229 0.896872 0
    outer loop
      vertex -32.2433 -9.6903 4.5
      vertex -31.95 -9.83494 3
      vertex -32.2433 -9.6903 3
    endloop
  endfacet
  facet normal -0.98078 -0.195116 0
    outer loop
      vertex -35.6148 -12.647 3
      vertex -35.6786 -12.3263 4.5
      vertex -35.6786 -12.3263 3
    endloop
  endfacet
  facet normal -0.98078 -0.195116 0
    outer loop
      vertex -35.6786 -12.3263 4.5
      vertex -35.6148 -12.647 3
      vertex -35.6148 -12.647 4.5
    endloop
  endfacet
  facet normal -0.659262 0.751913 0
    outer loop
      vertex -34.7219 -10.0166 3
      vertex -34.9678 -10.2322 4.5
      vertex -34.7219 -10.0166 4.5
    endloop
  endfacet
  facet normal -0.659262 0.751913 0
    outer loop
      vertex -34.9678 -10.2322 4.5
      vertex -34.7219 -10.0166 3
      vertex -34.9678 -10.2322 3
    endloop
  endfacet
  facet normal 0.32136 -0.946957 0
    outer loop
      vertex -32.553 -14.4148 3
      vertex -32.2433 -14.3097 4.5
      vertex -32.553 -14.4148 4.5
    endloop
  endfacet
  facet normal 0.32136 -0.946957 0
    outer loop
      vertex -32.2433 -14.3097 4.5
      vertex -32.553 -14.4148 3
      vertex -32.2433 -14.3097 3
    endloop
  endfacet
  facet normal -0.997856 -0.0654432 0
    outer loop
      vertex -35.6786 -12.3263 3
      vertex -35.7 -12 4.5
      vertex -35.7 -12 3
    endloop
  endfacet
  facet normal -0.997856 -0.0654432 0
    outer loop
      vertex -35.7 -12 4.5
      vertex -35.6786 -12.3263 3
      vertex -35.6786 -12.3263 4.5
    endloop
  endfacet
  facet normal -0.896921 0.442191 0
    outer loop
      vertex -35.5097 -11.0433 3
      vertex -35.3651 -10.75 4.5
      vertex -35.3651 -10.75 3
    endloop
  endfacet
  facet normal -0.896921 0.442191 0
    outer loop
      vertex -35.3651 -10.75 4.5
      vertex -35.5097 -11.0433 3
      vertex -35.5097 -11.0433 4.5
    endloop
  endfacet
  facet normal 0.831438 -0.555617 0
    outer loop
      vertex -31.2166 -13.5219 4.5
      vertex -31.0349 -13.25 3
      vertex -31.0349 -13.25 4.5
    endloop
  endfacet
  facet normal 0.831438 -0.555617 0
    outer loop
      vertex -31.0349 -13.25 3
      vertex -31.2166 -13.5219 4.5
      vertex -31.2166 -13.5219 3
    endloop
  endfacet
  facet normal -0.32136 -0.946957 0
    outer loop
      vertex -34.1567 -14.3097 3
      vertex -33.847 -14.4148 4.5
      vertex -34.1567 -14.3097 4.5
    endloop
  endfacet
  facet normal -0.32136 -0.946957 -0
    outer loop
      vertex -33.847 -14.4148 4.5
      vertex -34.1567 -14.3097 3
      vertex -33.847 -14.4148 3
    endloop
  endfacet
  facet normal 0.98078 0.195116 0
    outer loop
      vertex -30.7214 -11.6737 4.5
      vertex -30.7852 -11.353 3
      vertex -30.7852 -11.353 4.5
    endloop
  endfacet
  facet normal 0.98078 0.195116 0
    outer loop
      vertex -30.7852 -11.353 3
      vertex -30.7214 -11.6737 4.5
      vertex -30.7214 -11.6737 3
    endloop
  endfacet
  facet normal -0.946957 0.32136 0
    outer loop
      vertex -35.6148 -11.353 3
      vertex -35.5097 -11.0433 4.5
      vertex -35.5097 -11.0433 3
    endloop
  endfacet
  facet normal -0.946957 0.32136 0
    outer loop
      vertex -35.5097 -11.0433 4.5
      vertex -35.6148 -11.353 3
      vertex -35.6148 -11.353 4.5
    endloop
  endfacet
  facet normal 0.442191 -0.896921 0
    outer loop
      vertex -32.2433 -14.3097 3
      vertex -31.95 -14.1651 4.5
      vertex -32.2433 -14.3097 4.5
    endloop
  endfacet
  facet normal 0.442191 -0.896921 0
    outer loop
      vertex -31.95 -14.1651 4.5
      vertex -32.2433 -14.3097 3
      vertex -31.95 -14.1651 3
    endloop
  endfacet
  facet normal 0.321387 0.946948 -0
    outer loop
      vertex -32.2433 -9.6903 3
      vertex -32.553 -9.58519 4.5
      vertex -32.2433 -9.6903 4.5
    endloop
  endfacet
  facet normal 0.321387 0.946948 0
    outer loop
      vertex -32.553 -9.58519 4.5
      vertex -32.2433 -9.6903 3
      vertex -32.553 -9.58519 3
    endloop
  endfacet
  facet normal 0.195116 0.98078 -0
    outer loop
      vertex -32.553 -9.58519 3
      vertex -32.8737 -9.52139 4.5
      vertex -32.553 -9.58519 4.5
    endloop
  endfacet
  facet normal 0.195116 0.98078 0
    outer loop
      vertex -32.8737 -9.52139 4.5
      vertex -32.553 -9.58519 3
      vertex -32.8737 -9.52139 3
    endloop
  endfacet
  facet normal 0.751913 -0.659262 0
    outer loop
      vertex -31.4322 -13.7678 4.5
      vertex -31.2166 -13.5219 3
      vertex -31.2166 -13.5219 4.5
    endloop
  endfacet
  facet normal 0.751913 -0.659262 0
    outer loop
      vertex -31.2166 -13.5219 3
      vertex -31.4322 -13.7678 4.5
      vertex -31.4322 -13.7678 3
    endloop
  endfacet
  facet normal 0.896921 -0.442191 0
    outer loop
      vertex -31.0349 -13.25 4.5
      vertex -30.8903 -12.9567 3
      vertex -30.8903 -12.9567 4.5
    endloop
  endfacet
  facet normal 0.896921 -0.442191 0
    outer loop
      vertex -30.8903 -12.9567 3
      vertex -31.0349 -13.25 4.5
      vertex -31.0349 -13.25 3
    endloop
  endfacet
  facet normal 0.751913 0.659262 0
    outer loop
      vertex -31.2166 -10.4781 4.5
      vertex -31.4322 -10.2322 3
      vertex -31.4322 -10.2322 4.5
    endloop
  endfacet
  facet normal 0.751913 0.659262 0
    outer loop
      vertex -31.4322 -10.2322 3
      vertex -31.2166 -10.4781 4.5
      vertex -31.2166 -10.4781 3
    endloop
  endfacet
  facet normal 0 0 1
    outer loop
      vertex -32.4 -12 4.5
      vertex -30.7 -12 4.5
      vertex -30.7214 -11.6737 4.5
    endloop
  endfacet
  facet normal 0 0 1
    outer loop
      vertex -32.4068 -11.8956 4.5
      vertex -30.7214 -11.6737 4.5
      vertex -30.7852 -11.353 4.5
    endloop
  endfacet
  facet normal 0 0 1
    outer loop
      vertex -30.7 -12 4.5
      vertex -32.4 -12 4.5
      vertex -30.7214 -12.3263 4.5
    endloop
  endfacet
  facet normal 0 0 1
    outer loop
      vertex -32.4273 -11.7929 4.5
      vertex -30.7852 -11.353 4.5
      vertex -30.8903 -11.0433 4.5
    endloop
  endfacet
  facet normal -0 0 1
    outer loop
      vertex -32.4068 -12.1044 4.5
      vertex -30.7214 -12.3263 4.5
      vertex -32.4 -12 4.5
    endloop
  endfacet
  facet normal 0 0 1
    outer loop
      vertex -32.4609 -11.6939 4.5
      vertex -30.8903 -11.0433 4.5
      vertex -31.0349 -10.75 4.5
    endloop
  endfacet
  facet normal 0 0 1
    outer loop
      vertex -30.7214 -12.3263 4.5
      vertex -32.4068 -12.1044 4.5
      vertex -30.7852 -12.647 4.5
    endloop
  endfacet
  facet normal 0 0 1
    outer loop
      vertex -32.5072 -11.6 4.5
      vertex -31.0349 -10.75 4.5
      vertex -31.2166 -10.4781 4.5
    endloop
  endfacet
  facet normal -0 0 1
    outer loop
      vertex -32.4273 -12.2071 4.5
      vertex -30.7852 -12.647 4.5
      vertex -32.4068 -12.1044 4.5
    endloop
  endfacet
  facet normal 0 0 1
    outer loop
      vertex -32.5653 -11.513 4.5
      vertex -31.2166 -10.4781 4.5
      vertex -31.4322 -10.2322 4.5
    endloop
  endfacet
  facet normal 0 0 1
    outer loop
      vertex -30.7852 -12.647 4.5
      vertex -32.4273 -12.2071 4.5
      vertex -30.8903 -12.9567 4.5
    endloop
  endfacet
  facet normal 0 0 1
    outer loop
      vertex -32.6343 -11.4343 4.5
      vertex -31.4322 -10.2322 4.5
      vertex -31.6781 -10.0166 4.5
    endloop
  endfacet
  facet normal -0 0 1
    outer loop
      vertex -32.4609 -12.3061 4.5
      vertex -30.8903 -12.9567 4.5
      vertex -32.4273 -12.2071 4.5
    endloop
  endfacet
  facet normal 0 0 1
    outer loop
      vertex -32.713 -11.3653 4.5
      vertex -31.6781 -10.0166 4.5
      vertex -31.95 -9.83494 4.5
    endloop
  endfacet
  facet normal 0 0 1
    outer loop
      vertex -30.8903 -12.9567 4.5
      vertex -32.4609 -12.3061 4.5
      vertex -31.0349 -13.25 4.5
    endloop
  endfacet
  facet normal 0 0 1
    outer loop
      vertex -32.8 -11.3072 4.5
      vertex -31.95 -9.83494 4.5
      vertex -32.2433 -9.6903 4.5
    endloop
  endfacet
  facet normal -0 0 1
    outer loop
      vertex -32.5072 -12.4 4.5
      vertex -31.0349 -13.25 4.5
      vertex -32.4609 -12.3061 4.5
    endloop
  endfacet
  facet normal 0 0 1
    outer loop
      vertex -31.0349 -13.25 4.5
      vertex -32.5072 -12.4 4.5
      vertex -31.2166 -13.5219 4.5
    endloop
  endfacet
  facet normal 0 0 1
    outer loop
      vertex -30.7214 -11.6737 4.5
      vertex -32.4068 -11.8956 4.5
      vertex -32.4 -12 4.5
    endloop
  endfacet
  facet normal 0 0 1
    outer loop
      vertex -30.7852 -11.353 4.5
      vertex -32.4273 -11.7929 4.5
      vertex -32.4068 -11.8956 4.5
    endloop
  endfacet
  facet normal 0 0 1
    outer loop
      vertex -30.8903 -11.0433 4.5
      vertex -32.4609 -11.6939 4.5
      vertex -32.4273 -11.7929 4.5
    endloop
  endfacet
  facet normal 0 0 1
    outer loop
      vertex -31.0349 -10.75 4.5
      vertex -32.5072 -11.6 4.5
      vertex -32.4609 -11.6939 4.5
    endloop
  endfacet
  facet normal 0 0 1
    outer loop
      vertex -32.8939 -11.2609 4.5
      vertex -32.2433 -9.6903 4.5
      vertex -32.553 -9.58519 4.5
    endloop
  endfacet
  facet normal 0 0 1
    outer loop
      vertex -31.2166 -10.4781 4.5
      vertex -32.5653 -11.513 4.5
      vertex -32.5072 -11.6 4.5
    endloop
  endfacet
  facet normal 0 0 1
    outer loop
      vertex -31.4322 -10.2322 4.5
      vertex -32.6343 -11.4343 4.5
      vertex -32.5653 -11.513 4.5
    endloop
  endfacet
  facet normal 0 0 1
    outer loop
      vertex -31.6781 -10.0166 4.5
      vertex -32.713 -11.3653 4.5
      vertex -32.6343 -11.4343 4.5
    endloop
  endfacet
  facet normal 0 0 1
    outer loop
      vertex -31.95 -9.83494 4.5
      vertex -32.8 -11.3072 4.5
      vertex -32.713 -11.3653 4.5
    endloop
  endfacet
  facet normal 0 0 1
    outer loop
      vertex -32.9929 -11.2273 4.5
      vertex -32.553 -9.58519 4.5
      vertex -32.8737 -9.52139 4.5
    endloop
  endfacet
  facet normal 0 0 1
    outer loop
      vertex -32.2433 -9.6903 4.5
      vertex -32.8939 -11.2609 4.5
      vertex -32.8 -11.3072 4.5
    endloop
  endfacet
  facet normal 0 0 1
    outer loop
      vertex -32.553 -9.58519 4.5
      vertex -32.9929 -11.2273 4.5
      vertex -32.8939 -11.2609 4.5
    endloop
  endfacet
  facet normal 0 0 1
    outer loop
      vertex -32.8737 -9.52139 4.5
      vertex -33.0956 -11.2068 4.5
      vertex -32.9929 -11.2273 4.5
    endloop
  endfacet
  facet normal 0 0 1
    outer loop
      vertex -33.2 -9.5 4.5
      vertex -33.0956 -11.2068 4.5
      vertex -32.8737 -9.52139 4.5
    endloop
  endfacet
  facet normal 0 0 1
    outer loop
      vertex -33.2 -9.5 4.5
      vertex -33.2 -11.2 4.5
      vertex -33.0956 -11.2068 4.5
    endloop
  endfacet
  facet normal 0 0 1
    outer loop
      vertex -33.2 -9.5 4.5
      vertex -33.3044 -11.2068 4.5
      vertex -33.2 -11.2 4.5
    endloop
  endfacet
  facet normal -0 0 1
    outer loop
      vertex -33.5263 -9.52139 4.5
      vertex -33.3044 -11.2068 4.5
      vertex -33.2 -9.5 4.5
    endloop
  endfacet
  facet normal 0 0 1
    outer loop
      vertex -33.3044 -11.2068 4.5
      vertex -33.5263 -9.52139 4.5
      vertex -33.4071 -11.2273 4.5
    endloop
  endfacet
  facet normal -0 0 1
    outer loop
      vertex -33.847 -9.58519 4.5
      vertex -33.4071 -11.2273 4.5
      vertex -33.5263 -9.52139 4.5
    endloop
  endfacet
  facet normal 0 0 1
    outer loop
      vertex -33.4071 -11.2273 4.5
      vertex -33.847 -9.58519 4.5
      vertex -33.5061 -11.2609 4.5
    endloop
  endfacet
  facet normal -0 0 1
    outer loop
      vertex -34.1567 -9.6903 4.5
      vertex -33.5061 -11.2609 4.5
      vertex -33.847 -9.58519 4.5
    endloop
  endfacet
  facet normal 0 0 1
    outer loop
      vertex -33.5061 -11.2609 4.5
      vertex -34.1567 -9.6903 4.5
      vertex -33.6 -11.3072 4.5
    endloop
  endfacet
  facet normal -0 0 1
    outer loop
      vertex -34.45 -9.83494 4.5
      vertex -33.6 -11.3072 4.5
      vertex -34.1567 -9.6903 4.5
    endloop
  endfacet
  facet normal 0 0 1
    outer loop
      vertex -33.6 -11.3072 4.5
      vertex -34.45 -9.83494 4.5
      vertex -33.687 -11.3653 4.5
    endloop
  endfacet
  facet normal -0 0 1
    outer loop
      vertex -34.7219 -10.0166 4.5
      vertex -33.687 -11.3653 4.5
      vertex -34.45 -9.83494 4.5
    endloop
  endfacet
  facet normal 0 0 1
    outer loop
      vertex -33.687 -11.3653 4.5
      vertex -34.7219 -10.0166 4.5
      vertex -33.7657 -11.4343 4.5
    endloop
  endfacet
  facet normal -0 0 1
    outer loop
      vertex -34.9678 -10.2322 4.5
      vertex -33.7657 -11.4343 4.5
      vertex -34.7219 -10.0166 4.5
    endloop
  endfacet
  facet normal 0 0 1
    outer loop
      vertex -33.7657 -11.4343 4.5
      vertex -34.9678 -10.2322 4.5
      vertex -33.8347 -11.513 4.5
    endloop
  endfacet
  facet normal -0 0 1
    outer loop
      vertex -35.1834 -10.4781 4.5
      vertex -33.8347 -11.513 4.5
      vertex -34.9678 -10.2322 4.5
    endloop
  endfacet
  facet normal 0 0 1
    outer loop
      vertex -33.8347 -11.513 4.5
      vertex -35.1834 -10.4781 4.5
      vertex -33.8928 -11.6 4.5
    endloop
  endfacet
  facet normal -0 0 1
    outer loop
      vertex -32.5653 -12.487 4.5
      vertex -31.2166 -13.5219 4.5
      vertex -32.5072 -12.4 4.5
    endloop
  endfacet
  facet normal 0 0 1
    outer loop
      vertex -31.2166 -13.5219 4.5
      vertex -32.5653 -12.487 4.5
      vertex -31.4322 -13.7678 4.5
    endloop
  endfacet
  facet normal -0 0 1
    outer loop
      vertex -32.6343 -12.5657 4.5
      vertex -31.4322 -13.7678 4.5
      vertex -32.5653 -12.487 4.5
    endloop
  endfacet
  facet normal 0 0 1
    outer loop
      vertex -31.4322 -13.7678 4.5
      vertex -32.6343 -12.5657 4.5
      vertex -31.6781 -13.9834 4.5
    endloop
  endfacet
  facet normal -0 0 1
    outer loop
      vertex -32.713 -12.6347 4.5
      vertex -31.6781 -13.9834 4.5
      vertex -32.6343 -12.5657 4.5
    endloop
  endfacet
  facet normal 0 0 1
    outer loop
      vertex -31.6781 -13.9834 4.5
      vertex -32.713 -12.6347 4.5
      vertex -31.95 -14.1651 4.5
    endloop
  endfacet
  facet normal -0 0 1
    outer loop
      vertex -32.8 -12.6928 4.5
      vertex -31.95 -14.1651 4.5
      vertex -32.713 -12.6347 4.5
    endloop
  endfacet
  facet normal 0 0 1
    outer loop
      vertex -31.95 -14.1651 4.5
      vertex -32.8 -12.6928 4.5
      vertex -32.2433 -14.3097 4.5
    endloop
  endfacet
  facet normal -0 0 1
    outer loop
      vertex -32.8939 -12.7391 4.5
      vertex -32.2433 -14.3097 4.5
      vertex -32.8 -12.6928 4.5
    endloop
  endfacet
  facet normal 0 0 1
    outer loop
      vertex -32.2433 -14.3097 4.5
      vertex -32.8939 -12.7391 4.5
      vertex -32.553 -14.4148 4.5
    endloop
  endfacet
  facet normal -0 0 1
    outer loop
      vertex -32.9929 -12.7727 4.5
      vertex -32.553 -14.4148 4.5
      vertex -32.8939 -12.7391 4.5
    endloop
  endfacet
  facet normal 0 0 1
    outer loop
      vertex -32.553 -14.4148 4.5
      vertex -32.9929 -12.7727 4.5
      vertex -32.8737 -14.4786 4.5
    endloop
  endfacet
  facet normal -0 0 1
    outer loop
      vertex -33.0956 -12.7932 4.5
      vertex -32.8737 -14.4786 4.5
      vertex -32.9929 -12.7727 4.5
    endloop
  endfacet
  facet normal -0 0 1
    outer loop
      vertex -33.2 -12.8 4.5
      vertex -32.8737 -14.4786 4.5
      vertex -33.0956 -12.7932 4.5
    endloop
  endfacet
  facet normal 0 0 1
    outer loop
      vertex -33.2 -12.8 4.5
      vertex -33.2 -14.5 4.5
      vertex -32.8737 -14.4786 4.5
    endloop
  endfacet
  facet normal 0 0 1
    outer loop
      vertex -33.3044 -12.7932 4.5
      vertex -33.2 -14.5 4.5
      vertex -33.2 -12.8 4.5
    endloop
  endfacet
  facet normal 0 0 1
    outer loop
      vertex -33.5263 -14.4786 4.5
      vertex -33.3044 -12.7932 4.5
      vertex -33.4071 -12.7727 4.5
    endloop
  endfacet
  facet normal 0 0 1
    outer loop
      vertex -33.847 -14.4148 4.5
      vertex -33.4071 -12.7727 4.5
      vertex -33.5061 -12.7391 4.5
    endloop
  endfacet
  facet normal 0 0 1
    outer loop
      vertex -33.3044 -12.7932 4.5
      vertex -33.5263 -14.4786 4.5
      vertex -33.2 -14.5 4.5
    endloop
  endfacet
  facet normal 0 0 1
    outer loop
      vertex -34.1567 -14.3097 4.5
      vertex -33.5061 -12.7391 4.5
      vertex -33.6 -12.6928 4.5
    endloop
  endfacet
  facet normal 0 0 1
    outer loop
      vertex -34.45 -14.1651 4.5
      vertex -33.6 -12.6928 4.5
      vertex -33.687 -12.6347 4.5
    endloop
  endfacet
  facet normal 0 0 1
    outer loop
      vertex -34.7219 -13.9834 4.5
      vertex -33.687 -12.6347 4.5
      vertex -33.7657 -12.5657 4.5
    endloop
  endfacet
  facet normal 0 0 1
    outer loop
      vertex -34.9678 -13.7678 4.5
      vertex -33.7657 -12.5657 4.5
      vertex -33.8347 -12.487 4.5
    endloop
  endfacet
  facet normal 0 0 1
    outer loop
      vertex -33.4071 -12.7727 4.5
      vertex -33.847 -14.4148 4.5
      vertex -33.5263 -14.4786 4.5
    endloop
  endfacet
  facet normal 0 0 1
    outer loop
      vertex -35.1834 -13.5219 4.5
      vertex -33.8347 -12.487 4.5
      vertex -33.8928 -12.4 4.5
    endloop
  endfacet
  facet normal 0 0 1
    outer loop
      vertex -35.3651 -13.25 4.5
      vertex -33.8928 -12.4 4.5
      vertex -33.9391 -12.3061 4.5
    endloop
  endfacet
  facet normal 0 0 1
    outer loop
      vertex -35.5097 -12.9567 4.5
      vertex -33.9391 -12.3061 4.5
      vertex -33.9727 -12.2071 4.5
    endloop
  endfacet
  facet normal 0 0 1
    outer loop
      vertex -35.6148 -12.647 4.5
      vertex -33.9727 -12.2071 4.5
      vertex -33.9932 -12.1044 4.5
    endloop
  endfacet
  facet normal 0 0 1
    outer loop
      vertex -35.6786 -12.3263 4.5
      vertex -33.9932 -12.1044 4.5
      vertex -34 -12 4.5
    endloop
  endfacet
  facet normal -0 0 1
    outer loop
      vertex -35.3651 -10.75 4.5
      vertex -33.8928 -11.6 4.5
      vertex -35.1834 -10.4781 4.5
    endloop
  endfacet
  facet normal 0 0 1
    outer loop
      vertex -33.5061 -12.7391 4.5
      vertex -34.1567 -14.3097 4.5
      vertex -33.847 -14.4148 4.5
    endloop
  endfacet
  facet normal 0 0 1
    outer loop
      vertex -33.8928 -11.6 4.5
      vertex -35.3651 -10.75 4.5
      vertex -33.9391 -11.6939 4.5
    endloop
  endfacet
  facet normal 0 0 1
    outer loop
      vertex -33.6 -12.6928 4.5
      vertex -34.45 -14.1651 4.5
      vertex -34.1567 -14.3097 4.5
    endloop
  endfacet
  facet normal -0 0 1
    outer loop
      vertex -35.5097 -11.0433 4.5
      vertex -33.9391 -11.6939 4.5
      vertex -35.3651 -10.75 4.5
    endloop
  endfacet
  facet normal 0 0 1
    outer loop
      vertex -33.687 -12.6347 4.5
      vertex -34.7219 -13.9834 4.5
      vertex -34.45 -14.1651 4.5
    endloop
  endfacet
  facet normal 0 0 1
    outer loop
      vertex -33.9391 -11.6939 4.5
      vertex -35.5097 -11.0433 4.5
      vertex -33.9727 -11.7929 4.5
    endloop
  endfacet
  facet normal 0 0 1
    outer loop
      vertex -33.7657 -12.5657 4.5
      vertex -34.9678 -13.7678 4.5
      vertex -34.7219 -13.9834 4.5
    endloop
  endfacet
  facet normal -0 0 1
    outer loop
      vertex -35.6148 -11.353 4.5
      vertex -33.9727 -11.7929 4.5
      vertex -35.5097 -11.0433 4.5
    endloop
  endfacet
  facet normal 0 0 1
    outer loop
      vertex -33.8347 -12.487 4.5
      vertex -35.1834 -13.5219 4.5
      vertex -34.9678 -13.7678 4.5
    endloop
  endfacet
  facet normal 0 0 1
    outer loop
      vertex -33.9727 -11.7929 4.5
      vertex -35.6148 -11.353 4.5
      vertex -33.9932 -11.8956 4.5
    endloop
  endfacet
  facet normal 0 0 1
    outer loop
      vertex -33.8928 -12.4 4.5
      vertex -35.3651 -13.25 4.5
      vertex -35.1834 -13.5219 4.5
    endloop
  endfacet
  facet normal -0 0 1
    outer loop
      vertex -35.6786 -11.6737 4.5
      vertex -33.9932 -11.8956 4.5
      vertex -35.6148 -11.353 4.5
    endloop
  endfacet
  facet normal 0 0 1
    outer loop
      vertex -33.9391 -12.3061 4.5
      vertex -35.5097 -12.9567 4.5
      vertex -35.3651 -13.25 4.5
    endloop
  endfacet
  facet normal 0 0 1
    outer loop
      vertex -33.9932 -11.8956 4.5
      vertex -35.6786 -11.6737 4.5
      vertex -34 -12 4.5
    endloop
  endfacet
  facet normal 0 0 1
    outer loop
      vertex -33.9727 -12.2071 4.5
      vertex -35.6148 -12.647 4.5
      vertex -35.5097 -12.9567 4.5
    endloop
  endfacet
  facet normal 0 0 1
    outer loop
      vertex -35.7 -12 4.5
      vertex -34 -12 4.5
      vertex -35.6786 -11.6737 4.5
    endloop
  endfacet
  facet normal 0 0 1
    outer loop
      vertex -33.9932 -12.1044 4.5
      vertex -35.6786 -12.3263 4.5
      vertex -35.6148 -12.647 4.5
    endloop
  endfacet
  facet normal 0 0 1
    outer loop
      vertex -34 -12 4.5
      vertex -35.7 -12 4.5
      vertex -35.6786 -12.3263 4.5
    endloop
  endfacet
  facet normal -0.896921 -0.442191 0
    outer loop
      vertex -35.3651 -13.25 3
      vertex -35.5097 -12.9567 4.5
      vertex -35.5097 -12.9567 3
    endloop
  endfacet
  facet normal -0.896921 -0.442191 0
    outer loop
      vertex -35.5097 -12.9567 4.5
      vertex -35.3651 -13.25 3
      vertex -35.3651 -13.25 4.5
    endloop
  endfacet
  facet normal 0.659262 -0.751913 0
    outer loop
      vertex -31.6781 -13.9834 3
      vertex -31.4322 -13.7678 4.5
      vertex -31.6781 -13.9834 4.5
    endloop
  endfacet
  facet normal 0.659262 -0.751913 0
    outer loop
      vertex -31.4322 -13.7678 4.5
      vertex -31.6781 -13.9834 3
      vertex -31.4322 -13.7678 3
    endloop
  endfacet
  facet normal 0.555533 0.831495 -0
    outer loop
      vertex -31.6781 -10.0166 3
      vertex -31.95 -9.83494 4.5
      vertex -31.6781 -10.0166 4.5
    endloop
  endfacet
  facet normal 0.555533 0.831495 0
    outer loop
      vertex -31.95 -9.83494 4.5
      vertex -31.6781 -10.0166 3
      vertex -31.95 -9.83494 3
    endloop
  endfacet
  facet normal 0.555617 -0.831438 0
    outer loop
      vertex -31.95 -14.1651 3
      vertex -31.6781 -13.9834 4.5
      vertex -31.95 -14.1651 4.5
    endloop
  endfacet
  facet normal 0.555617 -0.831438 0
    outer loop
      vertex -31.6781 -13.9834 4.5
      vertex -31.95 -14.1651 3
      vertex -31.6781 -13.9834 3
    endloop
  endfacet
  facet normal 0.98078 -0.195116 0
    outer loop
      vertex -30.7852 -12.647 4.5
      vertex -30.7214 -12.3263 3
      vertex -30.7214 -12.3263 4.5
    endloop
  endfacet
  facet normal 0.98078 -0.195116 0
    outer loop
      vertex -30.7214 -12.3263 3
      vertex -30.7852 -12.647 4.5
      vertex -30.7852 -12.647 3
    endloop
  endfacet
  facet normal 0.0654128 0.997858 -0
    outer loop
      vertex -32.8737 -9.52139 3
      vertex -33.2 -9.5 4.5
      vertex -32.8737 -9.52139 4.5
    endloop
  endfacet
  facet normal 0.0654128 0.997858 0
    outer loop
      vertex -33.2 -9.5 4.5
      vertex -32.8737 -9.52139 3
      vertex -33.2 -9.5 3
    endloop
  endfacet
  facet normal -0.44229 0.896872 0
    outer loop
      vertex -34.1567 -9.6903 3
      vertex -34.45 -9.83494 4.5
      vertex -34.1567 -9.6903 4.5
    endloop
  endfacet
  facet normal -0.44229 0.896872 0
    outer loop
      vertex -34.45 -9.83494 4.5
      vertex -34.1567 -9.6903 3
      vertex -34.45 -9.83494 3
    endloop
  endfacet
  facet normal -0.946957 -0.32136 0
    outer loop
      vertex -35.5097 -12.9567 3
      vertex -35.6148 -12.647 4.5
      vertex -35.6148 -12.647 3
    endloop
  endfacet
  facet normal -0.946957 -0.32136 0
    outer loop
      vertex -35.6148 -12.647 4.5
      vertex -35.5097 -12.9567 3
      vertex -35.5097 -12.9567 4.5
    endloop
  endfacet
  facet normal -0.0654432 -0.997856 0
    outer loop
      vertex -33.5263 -14.4786 3
      vertex -33.2 -14.5 4.5
      vertex -33.5263 -14.4786 4.5
    endloop
  endfacet
  facet normal -0.0654432 -0.997856 -0
    outer loop
      vertex -33.2 -14.5 4.5
      vertex -33.5263 -14.4786 3
      vertex -33.2 -14.5 3
    endloop
  endfacet
  facet normal -0.831438 -0.555617 0
    outer loop
      vertex -35.1834 -13.5219 3
      vertex -35.3651 -13.25 4.5
      vertex -35.3651 -13.25 3
    endloop
  endfacet
  facet normal -0.831438 -0.555617 0
    outer loop
      vertex -35.3651 -13.25 4.5
      vertex -35.1834 -13.5219 3
      vertex -35.1834 -13.5219 4.5
    endloop
  endfacet
  facet normal -0.751913 -0.659262 0
    outer loop
      vertex -34.9678 -13.7678 3
      vertex -35.1834 -13.5219 4.5
      vertex -35.1834 -13.5219 3
    endloop
  endfacet
  facet normal -0.751913 -0.659262 0
    outer loop
      vertex -35.1834 -13.5219 4.5
      vertex -34.9678 -13.7678 3
      vertex -34.9678 -13.7678 4.5
    endloop
  endfacet
  facet normal -0.98078 0.195116 0
    outer loop
      vertex -35.6786 -11.6737 3
      vertex -35.6148 -11.353 4.5
      vertex -35.6148 -11.353 3
    endloop
  endfacet
  facet normal -0.98078 0.195116 0
    outer loop
      vertex -35.6148 -11.353 4.5
      vertex -35.6786 -11.6737 3
      vertex -35.6786 -11.6737 4.5
    endloop
  endfacet
  facet normal -0.831438 0.555617 0
    outer loop
      vertex -35.3651 -10.75 3
      vertex -35.1834 -10.4781 4.5
      vertex -35.1834 -10.4781 3
    endloop
  endfacet
  facet normal -0.831438 0.555617 0
    outer loop
      vertex -35.1834 -10.4781 4.5
      vertex -35.3651 -10.75 3
      vertex -35.3651 -10.75 4.5
    endloop
  endfacet
  facet normal -0.659262 -0.751913 0
    outer loop
      vertex -34.9678 -13.7678 3
      vertex -34.7219 -13.9834 4.5
      vertex -34.9678 -13.7678 4.5
    endloop
  endfacet
  facet normal -0.659262 -0.751913 -0
    outer loop
      vertex -34.7219 -13.9834 4.5
      vertex -34.9678 -13.7678 3
      vertex -34.7219 -13.9834 3
    endloop
  endfacet
  facet normal -0.0654432 0.997856 0
    outer loop
      vertex -33.2 14.5 3
      vertex -33.5263 14.4786 4.5
      vertex -33.2 14.5 4.5
    endloop
  endfacet
  facet normal -0.0654432 0.997856 0
    outer loop
      vertex -33.5263 14.4786 4.5
      vertex -33.2 14.5 3
      vertex -33.5263 14.4786 3
    endloop
  endfacet
  facet normal 0.98078 0.195116 0
    outer loop
      vertex -30.7214 12.3263 4.5
      vertex -30.7852 12.647 3
      vertex -30.7852 12.647 4.5
    endloop
  endfacet
  facet normal 0.98078 0.195116 0
    outer loop
      vertex -30.7852 12.647 3
      vertex -30.7214 12.3263 4.5
      vertex -30.7214 12.3263 3
    endloop
  endfacet
  facet normal 0.997856 0.0654432 0
    outer loop
      vertex -30.7 12 4.5
      vertex -30.7214 12.3263 3
      vertex -30.7214 12.3263 4.5
    endloop
  endfacet
  facet normal 0.997856 0.0654432 0
    outer loop
      vertex -30.7214 12.3263 3
      vertex -30.7 12 4.5
      vertex -30.7 12 3
    endloop
  endfacet
  facet normal -0.946957 0.32136 0
    outer loop
      vertex -35.6148 12.647 3
      vertex -35.5097 12.9567 4.5
      vertex -35.5097 12.9567 3
    endloop
  endfacet
  facet normal -0.946957 0.32136 0
    outer loop
      vertex -35.5097 12.9567 4.5
      vertex -35.6148 12.647 3
      vertex -35.6148 12.647 4.5
    endloop
  endfacet
  facet normal 0 0 1
    outer loop
      vertex -32.4 12 4.5
      vertex -30.7 12 4.5
      vertex -30.7214 12.3263 4.5
    endloop
  endfacet
  facet normal 0 0 1
    outer loop
      vertex -32.4068 12.1044 4.5
      vertex -30.7214 12.3263 4.5
      vertex -30.7852 12.647 4.5
    endloop
  endfacet
  facet normal 0 0 1
    outer loop
      vertex -30.7 12 4.5
      vertex -32.4 12 4.5
      vertex -30.7214 11.6737 4.5
    endloop
  endfacet
  facet normal 0 0 1
    outer loop
      vertex -32.4273 12.2071 4.5
      vertex -30.7852 12.647 4.5
      vertex -30.8903 12.9567 4.5
    endloop
  endfacet
  facet normal -0 0 1
    outer loop
      vertex -32.4068 11.8956 4.5
      vertex -30.7214 11.6737 4.5
      vertex -32.4 12 4.5
    endloop
  endfacet
  facet normal 0 0 1
    outer loop
      vertex -32.4609 12.3061 4.5
      vertex -30.8903 12.9567 4.5
      vertex -31.0349 13.25 4.5
    endloop
  endfacet
  facet normal 0 0 1
    outer loop
      vertex -30.7214 11.6737 4.5
      vertex -32.4068 11.8956 4.5
      vertex -30.7852 11.353 4.5
    endloop
  endfacet
  facet normal 0 0 1
    outer loop
      vertex -32.5072 12.4 4.5
      vertex -31.0349 13.25 4.5
      vertex -31.2166 13.5219 4.5
    endloop
  endfacet
  facet normal -0 0 1
    outer loop
      vertex -32.4273 11.7929 4.5
      vertex -30.7852 11.353 4.5
      vertex -32.4068 11.8956 4.5
    endloop
  endfacet
  facet normal 0 0 1
    outer loop
      vertex -32.5653 12.487 4.5
      vertex -31.2166 13.5219 4.5
      vertex -31.4322 13.7678 4.5
    endloop
  endfacet
  facet normal 0 0 1
    outer loop
      vertex -30.7852 11.353 4.5
      vertex -32.4273 11.7929 4.5
      vertex -30.8903 11.0433 4.5
    endloop
  endfacet
  facet normal 0 0 1
    outer loop
      vertex -32.6343 12.5657 4.5
      vertex -31.4322 13.7678 4.5
      vertex -31.6781 13.9834 4.5
    endloop
  endfacet
  facet normal -0 0 1
    outer loop
      vertex -32.4609 11.6939 4.5
      vertex -30.8903 11.0433 4.5
      vertex -32.4273 11.7929 4.5
    endloop
  endfacet
  facet normal 0 0 1
    outer loop
      vertex -32.713 12.6347 4.5
      vertex -31.6781 13.9834 4.5
      vertex -31.95 14.1651 4.5
    endloop
  endfacet
  facet normal 0 0 1
    outer loop
      vertex -30.8903 11.0433 4.5
      vertex -32.4609 11.6939 4.5
      vertex -31.0349 10.75 4.5
    endloop
  endfacet
  facet normal 0 0 1
    outer loop
      vertex -32.8 12.6928 4.5
      vertex -31.95 14.1651 4.5
      vertex -32.2433 14.3097 4.5
    endloop
  endfacet
  facet normal -0 0 1
    outer loop
      vertex -32.5072 11.6 4.5
      vertex -31.0349 10.75 4.5
      vertex -32.4609 11.6939 4.5
    endloop
  endfacet
  facet normal 0 0 1
    outer loop
      vertex -31.0349 10.75 4.5
      vertex -32.5072 11.6 4.5
      vertex -31.2166 10.4781 4.5
    endloop
  endfacet
  facet normal 0 0 1
    outer loop
      vertex -30.7214 12.3263 4.5
      vertex -32.4068 12.1044 4.5
      vertex -32.4 12 4.5
    endloop
  endfacet
  facet normal 0 0 1
    outer loop
      vertex -30.7852 12.647 4.5
      vertex -32.4273 12.2071 4.5
      vertex -32.4068 12.1044 4.5
    endloop
  endfacet
  facet normal 0 0 1
    outer loop
      vertex -30.8903 12.9567 4.5
      vertex -32.4609 12.3061 4.5
      vertex -32.4273 12.2071 4.5
    endloop
  endfacet
  facet normal 0 0 1
    outer loop
      vertex -31.0349 13.25 4.5
      vertex -32.5072 12.4 4.5
      vertex -32.4609 12.3061 4.5
    endloop
  endfacet
  facet normal 0 0 1
    outer loop
      vertex -32.8939 12.7391 4.5
      vertex -32.2433 14.3097 4.5
      vertex -32.553 14.4148 4.5
    endloop
  endfacet
  facet normal 0 0 1
    outer loop
      vertex -31.2166 13.5219 4.5
      vertex -32.5653 12.487 4.5
      vertex -32.5072 12.4 4.5
    endloop
  endfacet
  facet normal 0 0 1
    outer loop
      vertex -31.4322 13.7678 4.5
      vertex -32.6343 12.5657 4.5
      vertex -32.5653 12.487 4.5
    endloop
  endfacet
  facet normal 0 0 1
    outer loop
      vertex -31.6781 13.9834 4.5
      vertex -32.713 12.6347 4.5
      vertex -32.6343 12.5657 4.5
    endloop
  endfacet
  facet normal 0 0 1
    outer loop
      vertex -31.95 14.1651 4.5
      vertex -32.8 12.6928 4.5
      vertex -32.713 12.6347 4.5
    endloop
  endfacet
  facet normal 0 0 1
    outer loop
      vertex -32.9929 12.7727 4.5
      vertex -32.553 14.4148 4.5
      vertex -32.8737 14.4786 4.5
    endloop
  endfacet
  facet normal 0 0 1
    outer loop
      vertex -32.2433 14.3097 4.5
      vertex -32.8939 12.7391 4.5
      vertex -32.8 12.6928 4.5
    endloop
  endfacet
  facet normal 0 0 1
    outer loop
      vertex -32.553 14.4148 4.5
      vertex -32.9929 12.7727 4.5
      vertex -32.8939 12.7391 4.5
    endloop
  endfacet
  facet normal 0 0 1
    outer loop
      vertex -32.8737 14.4786 4.5
      vertex -33.0956 12.7932 4.5
      vertex -32.9929 12.7727 4.5
    endloop
  endfacet
  facet normal 0 0 1
    outer loop
      vertex -33.2 14.5 4.5
      vertex -33.0956 12.7932 4.5
      vertex -32.8737 14.4786 4.5
    endloop
  endfacet
  facet normal 0 0 1
    outer loop
      vertex -33.2 14.5 4.5
      vertex -33.2 12.8 4.5
      vertex -33.0956 12.7932 4.5
    endloop
  endfacet
  facet normal 0 0 1
    outer loop
      vertex -33.2 14.5 4.5
      vertex -33.3044 12.7932 4.5
      vertex -33.2 12.8 4.5
    endloop
  endfacet
  facet normal -0 0 1
    outer loop
      vertex -33.5263 14.4786 4.5
      vertex -33.3044 12.7932 4.5
      vertex -33.2 14.5 4.5
    endloop
  endfacet
  facet normal 0 0 1
    outer loop
      vertex -33.3044 12.7932 4.5
      vertex -33.5263 14.4786 4.5
      vertex -33.4071 12.7727 4.5
    endloop
  endfacet
  facet normal -0 0 1
    outer loop
      vertex -33.847 14.4148 4.5
      vertex -33.4071 12.7727 4.5
      vertex -33.5263 14.4786 4.5
    endloop
  endfacet
  facet normal 0 0 1
    outer loop
      vertex -33.4071 12.7727 4.5
      vertex -33.847 14.4148 4.5
      vertex -33.5061 12.7391 4.5
    endloop
  endfacet
  facet normal -0 0 1
    outer loop
      vertex -34.1567 14.3097 4.5
      vertex -33.5061 12.7391 4.5
      vertex -33.847 14.4148 4.5
    endloop
  endfacet
  facet normal 0 0 1
    outer loop
      vertex -33.5061 12.7391 4.5
      vertex -34.1567 14.3097 4.5
      vertex -33.6 12.6928 4.5
    endloop
  endfacet
  facet normal -0 0 1
    outer loop
      vertex -34.45 14.1651 4.5
      vertex -33.6 12.6928 4.5
      vertex -34.1567 14.3097 4.5
    endloop
  endfacet
  facet normal 0 0 1
    outer loop
      vertex -33.6 12.6928 4.5
      vertex -34.45 14.1651 4.5
      vertex -33.687 12.6347 4.5
    endloop
  endfacet
  facet normal -0 0 1
    outer loop
      vertex -34.7219 13.9834 4.5
      vertex -33.687 12.6347 4.5
      vertex -34.45 14.1651 4.5
    endloop
  endfacet
  facet normal 0 0 1
    outer loop
      vertex -33.687 12.6347 4.5
      vertex -34.7219 13.9834 4.5
      vertex -33.7657 12.5657 4.5
    endloop
  endfacet
  facet normal -0 0 1
    outer loop
      vertex -34.9678 13.7678 4.5
      vertex -33.7657 12.5657 4.5
      vertex -34.7219 13.9834 4.5
    endloop
  endfacet
  facet normal 0 0 1
    outer loop
      vertex -33.7657 12.5657 4.5
      vertex -34.9678 13.7678 4.5
      vertex -33.8347 12.487 4.5
    endloop
  endfacet
  facet normal -0 0 1
    outer loop
      vertex -35.1834 13.5219 4.5
      vertex -33.8347 12.487 4.5
      vertex -34.9678 13.7678 4.5
    endloop
  endfacet
  facet normal 0 0 1
    outer loop
      vertex -33.8347 12.487 4.5
      vertex -35.1834 13.5219 4.5
      vertex -33.8928 12.4 4.5
    endloop
  endfacet
  facet normal -0 0 1
    outer loop
      vertex -32.5653 11.513 4.5
      vertex -31.2166 10.4781 4.5
      vertex -32.5072 11.6 4.5
    endloop
  endfacet
  facet normal 0 0 1
    outer loop
      vertex -31.2166 10.4781 4.5
      vertex -32.5653 11.513 4.5
      vertex -31.4322 10.2322 4.5
    endloop
  endfacet
  facet normal -0 0 1
    outer loop
      vertex -32.6343 11.4343 4.5
      vertex -31.4322 10.2322 4.5
      vertex -32.5653 11.513 4.5
    endloop
  endfacet
  facet normal 0 0 1
    outer loop
      vertex -31.4322 10.2322 4.5
      vertex -32.6343 11.4343 4.5
      vertex -31.6781 10.0166 4.5
    endloop
  endfacet
  facet normal -0 0 1
    outer loop
      vertex -32.713 11.3653 4.5
      vertex -31.6781 10.0166 4.5
      vertex -32.6343 11.4343 4.5
    endloop
  endfacet
  facet normal 0 0 1
    outer loop
      vertex -31.6781 10.0166 4.5
      vertex -32.713 11.3653 4.5
      vertex -31.95 9.83494 4.5
    endloop
  endfacet
  facet normal -0 0 1
    outer loop
      vertex -32.8 11.3072 4.5
      vertex -31.95 9.83494 4.5
      vertex -32.713 11.3653 4.5
    endloop
  endfacet
  facet normal 0 0 1
    outer loop
      vertex -31.95 9.83494 4.5
      vertex -32.8 11.3072 4.5
      vertex -32.2433 9.6903 4.5
    endloop
  endfacet
  facet normal -0 0 1
    outer loop
      vertex -32.8939 11.2609 4.5
      vertex -32.2433 9.6903 4.5
      vertex -32.8 11.3072 4.5
    endloop
  endfacet
  facet normal 0 0 1
    outer loop
      vertex -32.2433 9.6903 4.5
      vertex -32.8939 11.2609 4.5
      vertex -32.553 9.58519 4.5
    endloop
  endfacet
  facet normal -0 0 1
    outer loop
      vertex -32.9929 11.2273 4.5
      vertex -32.553 9.58519 4.5
      vertex -32.8939 11.2609 4.5
    endloop
  endfacet
  facet normal 0 0 1
    outer loop
      vertex -32.553 9.58519 4.5
      vertex -32.9929 11.2273 4.5
      vertex -32.8737 9.52139 4.5
    endloop
  endfacet
  facet normal -0 0 1
    outer loop
      vertex -33.0956 11.2068 4.5
      vertex -32.8737 9.52139 4.5
      vertex -32.9929 11.2273 4.5
    endloop
  endfacet
  facet normal -0 0 1
    outer loop
      vertex -33.2 11.2 4.5
      vertex -32.8737 9.52139 4.5
      vertex -33.0956 11.2068 4.5
    endloop
  endfacet
  facet normal 0 0 1
    outer loop
      vertex -33.2 11.2 4.5
      vertex -33.2 9.5 4.5
      vertex -32.8737 9.52139 4.5
    endloop
  endfacet
  facet normal 0 0 1
    outer loop
      vertex -33.3044 11.2068 4.5
      vertex -33.2 9.5 4.5
      vertex -33.2 11.2 4.5
    endloop
  endfacet
  facet normal 0 0 1
    outer loop
      vertex -33.5263 9.52139 4.5
      vertex -33.3044 11.2068 4.5
      vertex -33.4071 11.2273 4.5
    endloop
  endfacet
  facet normal 0 0 1
    outer loop
      vertex -33.847 9.58519 4.5
      vertex -33.4071 11.2273 4.5
      vertex -33.5061 11.2609 4.5
    endloop
  endfacet
  facet normal 0 0 1
    outer loop
      vertex -33.3044 11.2068 4.5
      vertex -33.5263 9.52139 4.5
      vertex -33.2 9.5 4.5
    endloop
  endfacet
  facet normal 0 0 1
    outer loop
      vertex -34.1567 9.6903 4.5
      vertex -33.5061 11.2609 4.5
      vertex -33.6 11.3072 4.5
    endloop
  endfacet
  facet normal 0 0 1
    outer loop
      vertex -34.45 9.83494 4.5
      vertex -33.6 11.3072 4.5
      vertex -33.687 11.3653 4.5
    endloop
  endfacet
  facet normal 0 0 1
    outer loop
      vertex -34.7219 10.0166 4.5
      vertex -33.687 11.3653 4.5
      vertex -33.7657 11.4343 4.5
    endloop
  endfacet
  facet normal 0 0 1
    outer loop
      vertex -34.9678 10.2322 4.5
      vertex -33.7657 11.4343 4.5
      vertex -33.8347 11.513 4.5
    endloop
  endfacet
  facet normal 0 0 1
    outer loop
      vertex -33.4071 11.2273 4.5
      vertex -33.847 9.58519 4.5
      vertex -33.5263 9.52139 4.5
    endloop
  endfacet
  facet normal 0 0 1
    outer loop
      vertex -35.1834 10.4781 4.5
      vertex -33.8347 11.513 4.5
      vertex -33.8928 11.6 4.5
    endloop
  endfacet
  facet normal 0 0 1
    outer loop
      vertex -35.3651 10.75 4.5
      vertex -33.8928 11.6 4.5
      vertex -33.9391 11.6939 4.5
    endloop
  endfacet
  facet normal 0 0 1
    outer loop
      vertex -35.5097 11.0433 4.5
      vertex -33.9391 11.6939 4.5
      vertex -33.9727 11.7929 4.5
    endloop
  endfacet
  facet normal 0 0 1
    outer loop
      vertex -35.6148 11.353 4.5
      vertex -33.9727 11.7929 4.5
      vertex -33.9932 11.8956 4.5
    endloop
  endfacet
  facet normal 0 0 1
    outer loop
      vertex -35.6786 11.6737 4.5
      vertex -33.9932 11.8956 4.5
      vertex -34 12 4.5
    endloop
  endfacet
  facet normal -0 0 1
    outer loop
      vertex -35.3651 13.25 4.5
      vertex -33.8928 12.4 4.5
      vertex -35.1834 13.5219 4.5
    endloop
  endfacet
  facet normal 0 0 1
    outer loop
      vertex -33.5061 11.2609 4.5
      vertex -34.1567 9.6903 4.5
      vertex -33.847 9.58519 4.5
    endloop
  endfacet
  facet normal 0 0 1
    outer loop
      vertex -33.8928 12.4 4.5
      vertex -35.3651 13.25 4.5
      vertex -33.9391 12.3061 4.5
    endloop
  endfacet
  facet normal 0 0 1
    outer loop
      vertex -33.6 11.3072 4.5
      vertex -34.45 9.83494 4.5
      vertex -34.1567 9.6903 4.5
    endloop
  endfacet
  facet normal -0 0 1
    outer loop
      vertex -35.5097 12.9567 4.5
      vertex -33.9391 12.3061 4.5
      vertex -35.3651 13.25 4.5
    endloop
  endfacet
  facet normal 0 0 1
    outer loop
      vertex -33.687 11.3653 4.5
      vertex -34.7219 10.0166 4.5
      vertex -34.45 9.83494 4.5
    endloop
  endfacet
  facet normal 0 0 1
    outer loop
      vertex -33.9391 12.3061 4.5
      vertex -35.5097 12.9567 4.5
      vertex -33.9727 12.2071 4.5
    endloop
  endfacet
  facet normal 0 0 1
    outer loop
      vertex -33.7657 11.4343 4.5
      vertex -34.9678 10.2322 4.5
      vertex -34.7219 10.0166 4.5
    endloop
  endfacet
  facet normal -0 0 1
    outer loop
      vertex -35.6148 12.647 4.5
      vertex -33.9727 12.2071 4.5
      vertex -35.5097 12.9567 4.5
    endloop
  endfacet
  facet normal 0 0 1
    outer loop
      vertex -33.8347 11.513 4.5
      vertex -35.1834 10.4781 4.5
      vertex -34.9678 10.2322 4.5
    endloop
  endfacet
  facet normal 0 0 1
    outer loop
      vertex -33.9727 12.2071 4.5
      vertex -35.6148 12.647 4.5
      vertex -33.9932 12.1044 4.5
    endloop
  endfacet
  facet normal 0 0 1
    outer loop
      vertex -33.8928 11.6 4.5
      vertex -35.3651 10.75 4.5
      vertex -35.1834 10.4781 4.5
    endloop
  endfacet
  facet normal -0 0 1
    outer loop
      vertex -35.6786 12.3263 4.5
      vertex -33.9932 12.1044 4.5
      vertex -35.6148 12.647 4.5
    endloop
  endfacet
  facet normal 0 0 1
    outer loop
      vertex -33.9391 11.6939 4.5
      vertex -35.5097 11.0433 4.5
      vertex -35.3651 10.75 4.5
    endloop
  endfacet
  facet normal 0 0 1
    outer loop
      vertex -33.9932 12.1044 4.5
      vertex -35.6786 12.3263 4.5
      vertex -34 12 4.5
    endloop
  endfacet
  facet normal 0 0 1
    outer loop
      vertex -33.9727 11.7929 4.5
      vertex -35.6148 11.353 4.5
      vertex -35.5097 11.0433 4.5
    endloop
  endfacet
  facet normal 0 0 1
    outer loop
      vertex -35.7 12 4.5
      vertex -34 12 4.5
      vertex -35.6786 12.3263 4.5
    endloop
  endfacet
  facet normal 0 0 1
    outer loop
      vertex -33.9932 11.8956 4.5
      vertex -35.6786 11.6737 4.5
      vertex -35.6148 11.353 4.5
    endloop
  endfacet
  facet normal 0 0 1
    outer loop
      vertex -34 12 4.5
      vertex -35.7 12 4.5
      vertex -35.6786 11.6737 4.5
    endloop
  endfacet
  facet normal -0.555617 0.831438 0
    outer loop
      vertex -34.45 14.1651 3
      vertex -34.7219 13.9834 4.5
      vertex -34.45 14.1651 4.5
    endloop
  endfacet
  facet normal -0.555617 0.831438 0
    outer loop
      vertex -34.7219 13.9834 4.5
      vertex -34.45 14.1651 3
      vertex -34.7219 13.9834 3
    endloop
  endfacet
  facet normal 0.321387 -0.946948 0
    outer loop
      vertex -32.553 9.58519 3
      vertex -32.2433 9.6903 4.5
      vertex -32.553 9.58519 4.5
    endloop
  endfacet
  facet normal 0.321387 -0.946948 0
    outer loop
      vertex -32.2433 9.6903 4.5
      vertex -32.553 9.58519 3
      vertex -32.2433 9.6903 3
    endloop
  endfacet
  facet normal 0.659262 0.751913 -0
    outer loop
      vertex -31.4322 13.7678 3
      vertex -31.6781 13.9834 4.5
      vertex -31.4322 13.7678 4.5
    endloop
  endfacet
  facet normal 0.659262 0.751913 0
    outer loop
      vertex -31.6781 13.9834 4.5
      vertex -31.4322 13.7678 3
      vertex -31.6781 13.9834 3
    endloop
  endfacet
  facet normal 0.0654432 0.997856 -0
    outer loop
      vertex -32.8737 14.4786 3
      vertex -33.2 14.5 4.5
      vertex -32.8737 14.4786 4.5
    endloop
  endfacet
  facet normal 0.0654432 0.997856 0
    outer loop
      vertex -33.2 14.5 4.5
      vertex -32.8737 14.4786 3
      vertex -33.2 14.5 3
    endloop
  endfacet
  facet normal -0.98078 0.195116 0
    outer loop
      vertex -35.6786 12.3263 3
      vertex -35.6148 12.647 4.5
      vertex -35.6148 12.647 3
    endloop
  endfacet
  facet normal -0.98078 0.195116 0
    outer loop
      vertex -35.6148 12.647 4.5
      vertex -35.6786 12.3263 3
      vertex -35.6786 12.3263 4.5
    endloop
  endfacet
  facet normal -0.997856 -0.0654432 0
    outer loop
      vertex -35.6786 11.6737 3
      vertex -35.7 12 4.5
      vertex -35.7 12 3
    endloop
  endfacet
  facet normal -0.997856 -0.0654432 0
    outer loop
      vertex -35.7 12 4.5
      vertex -35.6786 11.6737 3
      vertex -35.6786 11.6737 4.5
    endloop
  endfacet
  facet normal 0.659262 -0.751913 0
    outer loop
      vertex -31.6781 10.0166 3
      vertex -31.4322 10.2322 4.5
      vertex -31.6781 10.0166 4.5
    endloop
  endfacet
  facet normal 0.659262 -0.751913 0
    outer loop
      vertex -31.4322 10.2322 4.5
      vertex -31.6781 10.0166 3
      vertex -31.4322 10.2322 3
    endloop
  endfacet
  facet normal 0.997856 -0.0654432 0
    outer loop
      vertex -30.7214 11.6737 4.5
      vertex -30.7 12 3
      vertex -30.7 12 4.5
    endloop
  endfacet
  facet normal 0.997856 -0.0654432 0
    outer loop
      vertex -30.7 12 3
      vertex -30.7214 11.6737 4.5
      vertex -30.7214 11.6737 3
    endloop
  endfacet
  facet normal 0.831438 0.555617 0
    outer loop
      vertex -31.0349 13.25 4.5
      vertex -31.2166 13.5219 3
      vertex -31.2166 13.5219 4.5
    endloop
  endfacet
  facet normal 0.831438 0.555617 0
    outer loop
      vertex -31.2166 13.5219 3
      vertex -31.0349 13.25 4.5
      vertex -31.0349 13.25 3
    endloop
  endfacet
  facet normal -0.0654128 -0.997858 0
    outer loop
      vertex -33.5263 9.52139 3
      vertex -33.2 9.5 4.5
      vertex -33.5263 9.52139 4.5
    endloop
  endfacet
  facet normal -0.0654128 -0.997858 -0
    outer loop
      vertex -33.2 9.5 4.5
      vertex -33.5263 9.52139 3
      vertex -33.2 9.5 3
    endloop
  endfacet
  facet normal 0.32136 0.946957 -0
    outer loop
      vertex -32.2433 14.3097 3
      vertex -32.553 14.4148 4.5
      vertex -32.2433 14.3097 4.5
    endloop
  endfacet
  facet normal 0.32136 0.946957 0
    outer loop
      vertex -32.553 14.4148 4.5
      vertex -32.2433 14.3097 3
      vertex -32.553 14.4148 3
    endloop
  endfacet
  facet normal 0.831438 -0.555617 0
    outer loop
      vertex -31.2166 10.4781 4.5
      vertex -31.0349 10.75 3
      vertex -31.0349 10.75 4.5
    endloop
  endfacet
  facet normal 0.831438 -0.555617 0
    outer loop
      vertex -31.0349 10.75 3
      vertex -31.2166 10.4781 4.5
      vertex -31.2166 10.4781 3
    endloop
  endfacet
  facet normal -0.44229 -0.896872 0
    outer loop
      vertex -34.45 9.83494 3
      vertex -34.1567 9.6903 4.5
      vertex -34.45 9.83494 4.5
    endloop
  endfacet
  facet normal -0.44229 -0.896872 -0
    outer loop
      vertex -34.1567 9.6903 4.5
      vertex -34.45 9.83494 3
      vertex -34.1567 9.6903 3
    endloop
  endfacet
  facet normal -0.659262 0.751913 0
    outer loop
      vertex -34.7219 13.9834 3
      vertex -34.9678 13.7678 4.5
      vertex -34.7219 13.9834 4.5
    endloop
  endfacet
  facet normal -0.659262 0.751913 0
    outer loop
      vertex -34.9678 13.7678 4.5
      vertex -34.7219 13.9834 3
      vertex -34.9678 13.7678 3
    endloop
  endfacet
  facet normal -0.659262 -0.751913 0
    outer loop
      vertex -34.9678 10.2322 3
      vertex -34.7219 10.0166 4.5
      vertex -34.9678 10.2322 4.5
    endloop
  endfacet
  facet normal -0.659262 -0.751913 -0
    outer loop
      vertex -34.7219 10.0166 4.5
      vertex -34.9678 10.2322 3
      vertex -34.7219 10.0166 3
    endloop
  endfacet
  facet normal -0.98078 -0.195116 0
    outer loop
      vertex -35.6148 11.353 3
      vertex -35.6786 11.6737 4.5
      vertex -35.6786 11.6737 3
    endloop
  endfacet
  facet normal -0.98078 -0.195116 0
    outer loop
      vertex -35.6786 11.6737 4.5
      vertex -35.6148 11.353 3
      vertex -35.6148 11.353 4.5
    endloop
  endfacet
  facet normal 0.896921 0.442191 0
    outer loop
      vertex -30.8903 12.9567 4.5
      vertex -31.0349 13.25 3
      vertex -31.0349 13.25 4.5
    endloop
  endfacet
  facet normal 0.896921 0.442191 0
    outer loop
      vertex -31.0349 13.25 3
      vertex -30.8903 12.9567 4.5
      vertex -30.8903 12.9567 3
    endloop
  endfacet
  facet normal 0.946957 0.32136 0
    outer loop
      vertex -30.7852 12.647 4.5
      vertex -30.8903 12.9567 3
      vertex -30.8903 12.9567 4.5
    endloop
  endfacet
  facet normal 0.946957 0.32136 0
    outer loop
      vertex -30.8903 12.9567 3
      vertex -30.7852 12.647 4.5
      vertex -30.7852 12.647 3
    endloop
  endfacet
  facet normal -0.442191 0.896921 0
    outer loop
      vertex -34.1567 14.3097 3
      vertex -34.45 14.1651 4.5
      vertex -34.1567 14.3097 4.5
    endloop
  endfacet
  facet normal -0.442191 0.896921 0
    outer loop
      vertex -34.45 14.1651 4.5
      vertex -34.1567 14.3097 3
      vertex -34.45 14.1651 3
    endloop
  endfacet
  facet normal 0.946957 -0.32136 0
    outer loop
      vertex -30.8903 11.0433 4.5
      vertex -30.7852 11.353 3
      vertex -30.7852 11.353 4.5
    endloop
  endfacet
  facet normal 0.946957 -0.32136 0
    outer loop
      vertex -30.7852 11.353 3
      vertex -30.8903 11.0433 4.5
      vertex -30.8903 11.0433 3
    endloop
  endfacet
  facet normal 0.442191 0.896921 -0
    outer loop
      vertex -31.95 14.1651 3
      vertex -32.2433 14.3097 4.5
      vertex -31.95 14.1651 4.5
    endloop
  endfacet
  facet normal 0.442191 0.896921 0
    outer loop
      vertex -32.2433 14.3097 4.5
      vertex -31.95 14.1651 3
      vertex -32.2433 14.3097 3
    endloop
  endfacet
  facet normal -0.555533 -0.831495 0
    outer loop
      vertex -34.7219 10.0166 3
      vertex -34.45 9.83494 4.5
      vertex -34.7219 10.0166 4.5
    endloop
  endfacet
  facet normal -0.555533 -0.831495 -0
    outer loop
      vertex -34.45 9.83494 4.5
      vertex -34.7219 10.0166 3
      vertex -34.45 9.83494 3
    endloop
  endfacet
  facet normal -0.946957 -0.32136 0
    outer loop
      vertex -35.5097 11.0433 3
      vertex -35.6148 11.353 4.5
      vertex -35.6148 11.353 3
    endloop
  endfacet
  facet normal -0.946957 -0.32136 0
    outer loop
      vertex -35.6148 11.353 4.5
      vertex -35.5097 11.0433 3
      vertex -35.5097 11.0433 4.5
    endloop
  endfacet
  facet normal 0.44229 -0.896872 0
    outer loop
      vertex -32.2433 9.6903 3
      vertex -31.95 9.83494 4.5
      vertex -32.2433 9.6903 4.5
    endloop
  endfacet
  facet normal 0.44229 -0.896872 0
    outer loop
      vertex -31.95 9.83494 4.5
      vertex -32.2433 9.6903 3
      vertex -31.95 9.83494 3
    endloop
  endfacet
  facet normal 0.195116 -0.98078 0
    outer loop
      vertex -32.8737 9.52139 3
      vertex -32.553 9.58519 4.5
      vertex -32.8737 9.52139 4.5
    endloop
  endfacet
  facet normal 0.195116 -0.98078 0
    outer loop
      vertex -32.553 9.58519 4.5
      vertex -32.8737 9.52139 3
      vertex -32.553 9.58519 3
    endloop
  endfacet
  facet normal 0.896921 -0.442191 0
    outer loop
      vertex -31.0349 10.75 4.5
      vertex -30.8903 11.0433 3
      vertex -30.8903 11.0433 4.5
    endloop
  endfacet
  facet normal 0.896921 -0.442191 0
    outer loop
      vertex -30.8903 11.0433 3
      vertex -31.0349 10.75 4.5
      vertex -31.0349 10.75 3
    endloop
  endfacet
  facet normal 0.555617 0.831438 -0
    outer loop
      vertex -31.6781 13.9834 3
      vertex -31.95 14.1651 4.5
      vertex -31.6781 13.9834 4.5
    endloop
  endfacet
  facet normal 0.555617 0.831438 0
    outer loop
      vertex -31.95 14.1651 4.5
      vertex -31.6781 13.9834 3
      vertex -31.95 14.1651 3
    endloop
  endfacet
  facet normal 0.751913 -0.659262 0
    outer loop
      vertex -31.4322 10.2322 4.5
      vertex -31.2166 10.4781 3
      vertex -31.2166 10.4781 4.5
    endloop
  endfacet
  facet normal 0.751913 -0.659262 0
    outer loop
      vertex -31.2166 10.4781 3
      vertex -31.4322 10.2322 4.5
      vertex -31.4322 10.2322 3
    endloop
  endfacet
  facet normal -0.751913 -0.659262 0
    outer loop
      vertex -34.9678 10.2322 3
      vertex -35.1834 10.4781 4.5
      vertex -35.1834 10.4781 3
    endloop
  endfacet
  facet normal -0.751913 -0.659262 0
    outer loop
      vertex -35.1834 10.4781 4.5
      vertex -34.9678 10.2322 3
      vertex -34.9678 10.2322 4.5
    endloop
  endfacet
  facet normal 0.195116 0.98078 -0
    outer loop
      vertex -32.553 14.4148 3
      vertex -32.8737 14.4786 4.5
      vertex -32.553 14.4148 4.5
    endloop
  endfacet
  facet normal 0.195116 0.98078 0
    outer loop
      vertex -32.8737 14.4786 4.5
      vertex -32.553 14.4148 3
      vertex -32.8737 14.4786 3
    endloop
  endfacet
  facet normal -0.896921 -0.442191 0
    outer loop
      vertex -35.3651 10.75 3
      vertex -35.5097 11.0433 4.5
      vertex -35.5097 11.0433 3
    endloop
  endfacet
  facet normal -0.896921 -0.442191 0
    outer loop
      vertex -35.5097 11.0433 4.5
      vertex -35.3651 10.75 3
      vertex -35.3651 10.75 4.5
    endloop
  endfacet
  facet normal -0.321387 -0.946948 0
    outer loop
      vertex -34.1567 9.6903 3
      vertex -33.847 9.58519 4.5
      vertex -34.1567 9.6903 4.5
    endloop
  endfacet
  facet normal -0.321387 -0.946948 -0
    outer loop
      vertex -33.847 9.58519 4.5
      vertex -34.1567 9.6903 3
      vertex -33.847 9.58519 3
    endloop
  endfacet
  facet normal 0.98078 -0.195116 0
    outer loop
      vertex -30.7852 11.353 4.5
      vertex -30.7214 11.6737 3
      vertex -30.7214 11.6737 4.5
    endloop
  endfacet
  facet normal 0.98078 -0.195116 0
    outer loop
      vertex -30.7214 11.6737 3
      vertex -30.7852 11.353 4.5
      vertex -30.7852 11.353 3
    endloop
  endfacet
  facet normal -0.195116 0.98078 0
    outer loop
      vertex -33.5263 14.4786 3
      vertex -33.847 14.4148 4.5
      vertex -33.5263 14.4786 4.5
    endloop
  endfacet
  facet normal -0.195116 0.98078 0
    outer loop
      vertex -33.847 14.4148 4.5
      vertex -33.5263 14.4786 3
      vertex -33.847 14.4148 3
    endloop
  endfacet
  facet normal -0.195116 -0.98078 0
    outer loop
      vertex -33.847 9.58519 3
      vertex -33.5263 9.52139 4.5
      vertex -33.847 9.58519 4.5
    endloop
  endfacet
  facet normal -0.195116 -0.98078 -0
    outer loop
      vertex -33.5263 9.52139 4.5
      vertex -33.847 9.58519 3
      vertex -33.5263 9.52139 3
    endloop
  endfacet
  facet normal 0.0654128 -0.997858 0
    outer loop
      vertex -33.2 9.5 3
      vertex -32.8737 9.52139 4.5
      vertex -33.2 9.5 4.5
    endloop
  endfacet
  facet normal 0.0654128 -0.997858 0
    outer loop
      vertex -32.8737 9.52139 4.5
      vertex -33.2 9.5 3
      vertex -32.8737 9.52139 3
    endloop
  endfacet
  facet normal -0.831438 -0.555617 0
    outer loop
      vertex -35.1834 10.4781 3
      vertex -35.3651 10.75 4.5
      vertex -35.3651 10.75 3
    endloop
  endfacet
  facet normal -0.831438 -0.555617 0
    outer loop
      vertex -35.3651 10.75 4.5
      vertex -35.1834 10.4781 3
      vertex -35.1834 10.4781 4.5
    endloop
  endfacet
  facet normal 0.751913 0.659262 0
    outer loop
      vertex -31.2166 13.5219 4.5
      vertex -31.4322 13.7678 3
      vertex -31.4322 13.7678 4.5
    endloop
  endfacet
  facet normal 0.751913 0.659262 0
    outer loop
      vertex -31.4322 13.7678 3
      vertex -31.2166 13.5219 4.5
      vertex -31.2166 13.5219 3
    endloop
  endfacet
  facet normal -0.32136 0.946957 0
    outer loop
      vertex -33.847 14.4148 3
      vertex -34.1567 14.3097 4.5
      vertex -33.847 14.4148 4.5
    endloop
  endfacet
  facet normal -0.32136 0.946957 0
    outer loop
      vertex -34.1567 14.3097 4.5
      vertex -33.847 14.4148 3
      vertex -34.1567 14.3097 3
    endloop
  endfacet
  facet normal -0.997856 0.0654432 0
    outer loop
      vertex -35.7 12 3
      vertex -35.6786 12.3263 4.5
      vertex -35.6786 12.3263 3
    endloop
  endfacet
  facet normal -0.997856 0.0654432 0
    outer loop
      vertex -35.6786 12.3263 4.5
      vertex -35.7 12 3
      vertex -35.7 12 4.5
    endloop
  endfacet
  facet normal 0.555533 -0.831495 0
    outer loop
      vertex -31.95 9.83494 3
      vertex -31.6781 10.0166 4.5
      vertex -31.95 9.83494 4.5
    endloop
  endfacet
  facet normal 0.555533 -0.831495 0
    outer loop
      vertex -31.6781 10.0166 4.5
      vertex -31.95 9.83494 3
      vertex -31.6781 10.0166 3
    endloop
  endfacet
  facet normal -0.831438 0.555617 0
    outer loop
      vertex -35.3651 13.25 3
      vertex -35.1834 13.5219 4.5
      vertex -35.1834 13.5219 3
    endloop
  endfacet
  facet normal -0.831438 0.555617 0
    outer loop
      vertex -35.1834 13.5219 4.5
      vertex -35.3651 13.25 3
      vertex -35.3651 13.25 4.5
    endloop
  endfacet
  facet normal -0.896921 0.442191 0
    outer loop
      vertex -35.5097 12.9567 3
      vertex -35.3651 13.25 4.5
      vertex -35.3651 13.25 3
    endloop
  endfacet
  facet normal -0.896921 0.442191 0
    outer loop
      vertex -35.3651 13.25 4.5
      vertex -35.5097 12.9567 3
      vertex -35.5097 12.9567 4.5
    endloop
  endfacet
  facet normal -0.751913 0.659262 0
    outer loop
      vertex -35.1834 13.5219 3
      vertex -34.9678 13.7678 4.5
      vertex -34.9678 13.7678 3
    endloop
  endfacet
  facet normal -0.751913 0.659262 0
    outer loop
      vertex -34.9678 13.7678 4.5
      vertex -35.1834 13.5219 3
      vertex -35.1834 13.5219 4.5
    endloop
  endfacet
  facet normal -0.896921 -0.442191 0
    outer loop
      vertex 31.0349 -13.25 3
      vertex 30.8903 -12.9567 4.5
      vertex 30.8903 -12.9567 3
    endloop
  endfacet
  facet normal -0.896921 -0.442191 0
    outer loop
      vertex 30.8903 -12.9567 4.5
      vertex 31.0349 -13.25 3
      vertex 31.0349 -13.25 4.5
    endloop
  endfacet
  facet normal 0.98078 0.195116 0
    outer loop
      vertex 35.6786 -11.6737 4.5
      vertex 35.6148 -11.353 3
      vertex 35.6148 -11.353 4.5
    endloop
  endfacet
  facet normal 0.98078 0.195116 0
    outer loop
      vertex 35.6148 -11.353 3
      vertex 35.6786 -11.6737 4.5
      vertex 35.6786 -11.6737 3
    endloop
  endfacet
  facet normal 0.997856 0.0654432 0
    outer loop
      vertex 35.7 -12 4.5
      vertex 35.6786 -11.6737 3
      vertex 35.6786 -11.6737 4.5
    endloop
  endfacet
  facet normal 0.997856 0.0654432 0
    outer loop
      vertex 35.6786 -11.6737 3
      vertex 35.7 -12 4.5
      vertex 35.7 -12 3
    endloop
  endfacet
  facet normal 0.946957 0.32136 0
    outer loop
      vertex 35.6148 -11.353 4.5
      vertex 35.5097 -11.0433 3
      vertex 35.5097 -11.0433 4.5
    endloop
  endfacet
  facet normal 0.946957 0.32136 0
    outer loop
      vertex 35.5097 -11.0433 3
      vertex 35.6148 -11.353 4.5
      vertex 35.6148 -11.353 3
    endloop
  endfacet
  facet normal -0.0654128 0.997858 0
    outer loop
      vertex 33.2 -9.5 3
      vertex 32.8737 -9.52139 4.5
      vertex 33.2 -9.5 4.5
    endloop
  endfacet
  facet normal -0.0654128 0.997858 0
    outer loop
      vertex 32.8737 -9.52139 4.5
      vertex 33.2 -9.5 3
      vertex 32.8737 -9.52139 3
    endloop
  endfacet
  facet normal -0.659262 -0.751913 0
    outer loop
      vertex 31.4322 -13.7678 3
      vertex 31.6781 -13.9834 4.5
      vertex 31.4322 -13.7678 4.5
    endloop
  endfacet
  facet normal -0.659262 -0.751913 -0
    outer loop
      vertex 31.6781 -13.9834 4.5
      vertex 31.4322 -13.7678 3
      vertex 31.6781 -13.9834 3
    endloop
  endfacet
  facet normal -0.195116 0.98078 0
    outer loop
      vertex 32.8737 -9.52139 3
      vertex 32.553 -9.58519 4.5
      vertex 32.8737 -9.52139 4.5
    endloop
  endfacet
  facet normal -0.195116 0.98078 0
    outer loop
      vertex 32.553 -9.58519 4.5
      vertex 32.8737 -9.52139 3
      vertex 32.553 -9.58519 3
    endloop
  endfacet
  facet normal 0.831438 -0.555617 0
    outer loop
      vertex 35.1834 -13.5219 4.5
      vertex 35.3651 -13.25 3
      vertex 35.3651 -13.25 4.5
    endloop
  endfacet
  facet normal 0.831438 -0.555617 0
    outer loop
      vertex 35.3651 -13.25 3
      vertex 35.1834 -13.5219 4.5
      vertex 35.1834 -13.5219 3
    endloop
  endfacet
  facet normal 0.896921 0.442191 0
    outer loop
      vertex 35.5097 -11.0433 4.5
      vertex 35.3651 -10.75 3
      vertex 35.3651 -10.75 4.5
    endloop
  endfacet
  facet normal 0.896921 0.442191 0
    outer loop
      vertex 35.3651 -10.75 3
      vertex 35.5097 -11.0433 4.5
      vertex 35.5097 -11.0433 3
    endloop
  endfacet
  facet normal -0.195116 -0.98078 0
    outer loop
      vertex 32.553 -14.4148 3
      vertex 32.8737 -14.4786 4.5
      vertex 32.553 -14.4148 4.5
    endloop
  endfacet
  facet normal -0.195116 -0.98078 -0
    outer loop
      vertex 32.8737 -14.4786 4.5
      vertex 32.553 -14.4148 3
      vertex 32.8737 -14.4786 3
    endloop
  endfacet
  facet normal -0.751913 -0.659262 0
    outer loop
      vertex 31.4322 -13.7678 3
      vertex 31.2166 -13.5219 4.5
      vertex 31.2166 -13.5219 3
    endloop
  endfacet
  facet normal -0.751913 -0.659262 0
    outer loop
      vertex 31.2166 -13.5219 4.5
      vertex 31.4322 -13.7678 3
      vertex 31.4322 -13.7678 4.5
    endloop
  endfacet
  facet normal 0.32136 -0.946957 0
    outer loop
      vertex 33.847 -14.4148 3
      vertex 34.1567 -14.3097 4.5
      vertex 33.847 -14.4148 4.5
    endloop
  endfacet
  facet normal 0.32136 -0.946957 0
    outer loop
      vertex 34.1567 -14.3097 4.5
      vertex 33.847 -14.4148 3
      vertex 34.1567 -14.3097 3
    endloop
  endfacet
  facet normal -0.946957 -0.32136 0
    outer loop
      vertex 30.8903 -12.9567 3
      vertex 30.7852 -12.647 4.5
      vertex 30.7852 -12.647 3
    endloop
  endfacet
  facet normal -0.946957 -0.32136 0
    outer loop
      vertex 30.7852 -12.647 4.5
      vertex 30.8903 -12.9567 3
      vertex 30.8903 -12.9567 4.5
    endloop
  endfacet
  facet normal 0.321387 0.946948 -0
    outer loop
      vertex 34.1567 -9.6903 3
      vertex 33.847 -9.58519 4.5
      vertex 34.1567 -9.6903 4.5
    endloop
  endfacet
  facet normal 0.321387 0.946948 0
    outer loop
      vertex 33.847 -9.58519 4.5
      vertex 34.1567 -9.6903 3
      vertex 33.847 -9.58519 3
    endloop
  endfacet
  facet normal 0.555617 -0.831438 0
    outer loop
      vertex 34.45 -14.1651 3
      vertex 34.7219 -13.9834 4.5
      vertex 34.45 -14.1651 4.5
    endloop
  endfacet
  facet normal 0.555617 -0.831438 0
    outer loop
      vertex 34.7219 -13.9834 4.5
      vertex 34.45 -14.1651 3
      vertex 34.7219 -13.9834 3
    endloop
  endfacet
  facet normal 0.751913 -0.659262 0
    outer loop
      vertex 34.9678 -13.7678 4.5
      vertex 35.1834 -13.5219 3
      vertex 35.1834 -13.5219 4.5
    endloop
  endfacet
  facet normal 0.751913 -0.659262 0
    outer loop
      vertex 35.1834 -13.5219 3
      vertex 34.9678 -13.7678 4.5
      vertex 34.9678 -13.7678 3
    endloop
  endfacet
  facet normal 0.555533 0.831495 -0
    outer loop
      vertex 34.7219 -10.0166 3
      vertex 34.45 -9.83494 4.5
      vertex 34.7219 -10.0166 4.5
    endloop
  endfacet
  facet normal 0.555533 0.831495 0
    outer loop
      vertex 34.45 -9.83494 4.5
      vertex 34.7219 -10.0166 3
      vertex 34.45 -9.83494 3
    endloop
  endfacet
  facet normal 0.896921 -0.442191 0
    outer loop
      vertex 35.3651 -13.25 4.5
      vertex 35.5097 -12.9567 3
      vertex 35.5097 -12.9567 4.5
    endloop
  endfacet
  facet normal 0.896921 -0.442191 0
    outer loop
      vertex 35.5097 -12.9567 3
      vertex 35.3651 -13.25 4.5
      vertex 35.3651 -13.25 3
    endloop
  endfacet
  facet normal -0.44229 0.896872 0
    outer loop
      vertex 32.2433 -9.6903 3
      vertex 31.95 -9.83494 4.5
      vertex 32.2433 -9.6903 4.5
    endloop
  endfacet
  facet normal -0.44229 0.896872 0
    outer loop
      vertex 31.95 -9.83494 4.5
      vertex 32.2433 -9.6903 3
      vertex 31.95 -9.83494 3
    endloop
  endfacet
  facet normal 0.44229 0.896872 -0
    outer loop
      vertex 34.45 -9.83494 3
      vertex 34.1567 -9.6903 4.5
      vertex 34.45 -9.83494 4.5
    endloop
  endfacet
  facet normal 0.44229 0.896872 0
    outer loop
      vertex 34.1567 -9.6903 4.5
      vertex 34.45 -9.83494 3
      vertex 34.1567 -9.6903 3
    endloop
  endfacet
  facet normal 0.442191 -0.896921 0
    outer loop
      vertex 34.1567 -14.3097 3
      vertex 34.45 -14.1651 4.5
      vertex 34.1567 -14.3097 4.5
    endloop
  endfacet
  facet normal 0.442191 -0.896921 0
    outer loop
      vertex 34.45 -14.1651 4.5
      vertex 34.1567 -14.3097 3
      vertex 34.45 -14.1651 3
    endloop
  endfacet
  facet normal 0.831438 0.555617 0
    outer loop
      vertex 35.3651 -10.75 4.5
      vertex 35.1834 -10.4781 3
      vertex 35.1834 -10.4781 4.5
    endloop
  endfacet
  facet normal 0.831438 0.555617 0
    outer loop
      vertex 35.1834 -10.4781 3
      vertex 35.3651 -10.75 4.5
      vertex 35.3651 -10.75 3
    endloop
  endfacet
  facet normal 0.659262 0.751913 -0
    outer loop
      vertex 34.9678 -10.2322 3
      vertex 34.7219 -10.0166 4.5
      vertex 34.9678 -10.2322 4.5
    endloop
  endfacet
  facet normal 0.659262 0.751913 0
    outer loop
      vertex 34.7219 -10.0166 4.5
      vertex 34.9678 -10.2322 3
      vertex 34.7219 -10.0166 3
    endloop
  endfacet
  facet normal -0.997856 -0.0654432 0
    outer loop
      vertex 30.7214 -12.3263 3
      vertex 30.7 -12 4.5
      vertex 30.7 -12 3
    endloop
  endfacet
  facet normal -0.997856 -0.0654432 0
    outer loop
      vertex 30.7 -12 4.5
      vertex 30.7214 -12.3263 3
      vertex 30.7214 -12.3263 4.5
    endloop
  endfacet
  facet normal -0.555533 0.831495 0
    outer loop
      vertex 31.95 -9.83494 3
      vertex 31.6781 -10.0166 4.5
      vertex 31.95 -9.83494 4.5
    endloop
  endfacet
  facet normal -0.555533 0.831495 0
    outer loop
      vertex 31.6781 -10.0166 4.5
      vertex 31.95 -9.83494 3
      vertex 31.6781 -10.0166 3
    endloop
  endfacet
  facet normal 0.751913 0.659262 0
    outer loop
      vertex 35.1834 -10.4781 4.5
      vertex 34.9678 -10.2322 3
      vertex 34.9678 -10.2322 4.5
    endloop
  endfacet
  facet normal 0.751913 0.659262 0
    outer loop
      vertex 34.9678 -10.2322 3
      vertex 35.1834 -10.4781 4.5
      vertex 35.1834 -10.4781 3
    endloop
  endfacet
  facet normal -0.321387 0.946948 0
    outer loop
      vertex 32.553 -9.58519 3
      vertex 32.2433 -9.6903 4.5
      vertex 32.553 -9.58519 4.5
    endloop
  endfacet
  facet normal -0.321387 0.946948 0
    outer loop
      vertex 32.2433 -9.6903 4.5
      vertex 32.553 -9.58519 3
      vertex 32.2433 -9.6903 3
    endloop
  endfacet
  facet normal 0 0 1
    outer loop
      vertex 34 -12 4.5
      vertex 35.7 -12 4.5
      vertex 35.6786 -11.6737 4.5
    endloop
  endfacet
  facet normal 0 0 1
    outer loop
      vertex 33.9932 -11.8956 4.5
      vertex 35.6786 -11.6737 4.5
      vertex 35.6148 -11.353 4.5
    endloop
  endfacet
  facet normal 0 0 1
    outer loop
      vertex 35.7 -12 4.5
      vertex 34 -12 4.5
      vertex 35.6786 -12.3263 4.5
    endloop
  endfacet
  facet normal 0 0 1
    outer loop
      vertex 33.9727 -11.7929 4.5
      vertex 35.6148 -11.353 4.5
      vertex 35.5097 -11.0433 4.5
    endloop
  endfacet
  facet normal -0 0 1
    outer loop
      vertex 33.9932 -12.1044 4.5
      vertex 35.6786 -12.3263 4.5
      vertex 34 -12 4.5
    endloop
  endfacet
  facet normal 0 0 1
    outer loop
      vertex 33.9391 -11.6939 4.5
      vertex 35.5097 -11.0433 4.5
      vertex 35.3651 -10.75 4.5
    endloop
  endfacet
  facet normal 0 0 1
    outer loop
      vertex 35.6786 -12.3263 4.5
      vertex 33.9932 -12.1044 4.5
      vertex 35.6148 -12.647 4.5
    endloop
  endfacet
  facet normal 0 0 1
    outer loop
      vertex 33.8928 -11.6 4.5
      vertex 35.3651 -10.75 4.5
      vertex 35.1834 -10.4781 4.5
    endloop
  endfacet
  facet normal -0 0 1
    outer loop
      vertex 33.9727 -12.2071 4.5
      vertex 35.6148 -12.647 4.5
      vertex 33.9932 -12.1044 4.5
    endloop
  endfacet
  facet normal 0 0 1
    outer loop
      vertex 33.8347 -11.513 4.5
      vertex 35.1834 -10.4781 4.5
      vertex 34.9678 -10.2322 4.5
    endloop
  endfacet
  facet normal 0 0 1
    outer loop
      vertex 35.6148 -12.647 4.5
      vertex 33.9727 -12.2071 4.5
      vertex 35.5097 -12.9567 4.5
    endloop
  endfacet
  facet normal 0 0 1
    outer loop
      vertex 33.7657 -11.4343 4.5
      vertex 34.9678 -10.2322 4.5
      vertex 34.7219 -10.0166 4.5
    endloop
  endfacet
  facet normal -0 0 1
    outer loop
      vertex 33.9391 -12.3061 4.5
      vertex 35.5097 -12.9567 4.5
      vertex 33.9727 -12.2071 4.5
    endloop
  endfacet
  facet normal 0 0 1
    outer loop
      vertex 33.687 -11.3653 4.5
      vertex 34.7219 -10.0166 4.5
      vertex 34.45 -9.83494 4.5
    endloop
  endfacet
  facet normal 0 0 1
    outer loop
      vertex 35.5097 -12.9567 4.5
      vertex 33.9391 -12.3061 4.5
      vertex 35.3651 -13.25 4.5
    endloop
  endfacet
  facet normal 0 0 1
    outer loop
      vertex 33.6 -11.3072 4.5
      vertex 34.45 -9.83494 4.5
      vertex 34.1567 -9.6903 4.5
    endloop
  endfacet
  facet normal -0 0 1
    outer loop
      vertex 33.8928 -12.4 4.5
      vertex 35.3651 -13.25 4.5
      vertex 33.9391 -12.3061 4.5
    endloop
  endfacet
  facet normal 0 0 1
    outer loop
      vertex 35.3651 -13.25 4.5
      vertex 33.8928 -12.4 4.5
      vertex 35.1834 -13.5219 4.5
    endloop
  endfacet
  facet normal 0 0 1
    outer loop
      vertex 35.6786 -11.6737 4.5
      vertex 33.9932 -11.8956 4.5
      vertex 34 -12 4.5
    endloop
  endfacet
  facet normal 0 0 1
    outer loop
      vertex 35.6148 -11.353 4.5
      vertex 33.9727 -11.7929 4.5
      vertex 33.9932 -11.8956 4.5
    endloop
  endfacet
  facet normal 0 0 1
    outer loop
      vertex 35.5097 -11.0433 4.5
      vertex 33.9391 -11.6939 4.5
      vertex 33.9727 -11.7929 4.5
    endloop
  endfacet
  facet normal 0 0 1
    outer loop
      vertex 35.3651 -10.75 4.5
      vertex 33.8928 -11.6 4.5
      vertex 33.9391 -11.6939 4.5
    endloop
  endfacet
  facet normal 0 0 1
    outer loop
      vertex 33.5061 -11.2609 4.5
      vertex 34.1567 -9.6903 4.5
      vertex 33.847 -9.58519 4.5
    endloop
  endfacet
  facet normal 0 0 1
    outer loop
      vertex 35.1834 -10.4781 4.5
      vertex 33.8347 -11.513 4.5
      vertex 33.8928 -11.6 4.5
    endloop
  endfacet
  facet normal 0 0 1
    outer loop
      vertex 34.9678 -10.2322 4.5
      vertex 33.7657 -11.4343 4.5
      vertex 33.8347 -11.513 4.5
    endloop
  endfacet
  facet normal 0 0 1
    outer loop
      vertex 34.7219 -10.0166 4.5
      vertex 33.687 -11.3653 4.5
      vertex 33.7657 -11.4343 4.5
    endloop
  endfacet
  facet normal 0 0 1
    outer loop
      vertex 34.45 -9.83494 4.5
      vertex 33.6 -11.3072 4.5
      vertex 33.687 -11.3653 4.5
    endloop
  endfacet
  facet normal 0 0 1
    outer loop
      vertex 33.4071 -11.2273 4.5
      vertex 33.847 -9.58519 4.5
      vertex 33.5263 -9.52139 4.5
    endloop
  endfacet
  facet normal 0 0 1
    outer loop
      vertex 34.1567 -9.6903 4.5
      vertex 33.5061 -11.2609 4.5
      vertex 33.6 -11.3072 4.5
    endloop
  endfacet
  facet normal 0 0 1
    outer loop
      vertex 33.847 -9.58519 4.5
      vertex 33.4071 -11.2273 4.5
      vertex 33.5061 -11.2609 4.5
    endloop
  endfacet
  facet normal 0 0 1
    outer loop
      vertex 33.5263 -9.52139 4.5
      vertex 33.3044 -11.2068 4.5
      vertex 33.4071 -11.2273 4.5
    endloop
  endfacet
  facet normal 0 0 1
    outer loop
      vertex 33.2 -9.5 4.5
      vertex 33.3044 -11.2068 4.5
      vertex 33.5263 -9.52139 4.5
    endloop
  endfacet
  facet normal 0 0 1
    outer loop
      vertex 33.2 -9.5 4.5
      vertex 33.2 -11.2 4.5
      vertex 33.3044 -11.2068 4.5
    endloop
  endfacet
  facet normal 0 0 1
    outer loop
      vertex 33.2 -9.5 4.5
      vertex 33.0956 -11.2068 4.5
      vertex 33.2 -11.2 4.5
    endloop
  endfacet
  facet normal -0 0 1
    outer loop
      vertex 32.8737 -9.52139 4.5
      vertex 33.0956 -11.2068 4.5
      vertex 33.2 -9.5 4.5
    endloop
  endfacet
  facet normal 0 0 1
    outer loop
      vertex 33.0956 -11.2068 4.5
      vertex 32.8737 -9.52139 4.5
      vertex 32.9929 -11.2273 4.5
    endloop
  endfacet
  facet normal -0 0 1
    outer loop
      vertex 32.553 -9.58519 4.5
      vertex 32.9929 -11.2273 4.5
      vertex 32.8737 -9.52139 4.5
    endloop
  endfacet
  facet normal 0 0 1
    outer loop
      vertex 32.9929 -11.2273 4.5
      vertex 32.553 -9.58519 4.5
      vertex 32.8939 -11.2609 4.5
    endloop
  endfacet
  facet normal -0 0 1
    outer loop
      vertex 32.2433 -9.6903 4.5
      vertex 32.8939 -11.2609 4.5
      vertex 32.553 -9.58519 4.5
    endloop
  endfacet
  facet normal 0 0 1
    outer loop
      vertex 32.8939 -11.2609 4.5
      vertex 32.2433 -9.6903 4.5
      vertex 32.8 -11.3072 4.5
    endloop
  endfacet
  facet normal -0 0 1
    outer loop
      vertex 31.95 -9.83494 4.5
      vertex 32.8 -11.3072 4.5
      vertex 32.2433 -9.6903 4.5
    endloop
  endfacet
  facet normal 0 0 1
    outer loop
      vertex 32.8 -11.3072 4.5
      vertex 31.95 -9.83494 4.5
      vertex 32.713 -11.3653 4.5
    endloop
  endfacet
  facet normal -0 0 1
    outer loop
      vertex 31.6781 -10.0166 4.5
      vertex 32.713 -11.3653 4.5
      vertex 31.95 -9.83494 4.5
    endloop
  endfacet
  facet normal 0 0 1
    outer loop
      vertex 32.713 -11.3653 4.5
      vertex 31.6781 -10.0166 4.5
      vertex 32.6343 -11.4343 4.5
    endloop
  endfacet
  facet normal -0 0 1
    outer loop
      vertex 31.4322 -10.2322 4.5
      vertex 32.6343 -11.4343 4.5
      vertex 31.6781 -10.0166 4.5
    endloop
  endfacet
  facet normal 0 0 1
    outer loop
      vertex 32.6343 -11.4343 4.5
      vertex 31.4322 -10.2322 4.5
      vertex 32.5653 -11.513 4.5
    endloop
  endfacet
  facet normal -0 0 1
    outer loop
      vertex 31.2166 -10.4781 4.5
      vertex 32.5653 -11.513 4.5
      vertex 31.4322 -10.2322 4.5
    endloop
  endfacet
  facet normal 0 0 1
    outer loop
      vertex 32.5653 -11.513 4.5
      vertex 31.2166 -10.4781 4.5
      vertex 32.5072 -11.6 4.5
    endloop
  endfacet
  facet normal -0 0 1
    outer loop
      vertex 33.8347 -12.487 4.5
      vertex 35.1834 -13.5219 4.5
      vertex 33.8928 -12.4 4.5
    endloop
  endfacet
  facet normal 0 0 1
    outer loop
      vertex 35.1834 -13.5219 4.5
      vertex 33.8347 -12.487 4.5
      vertex 34.9678 -13.7678 4.5
    endloop
  endfacet
  facet normal -0 0 1
    outer loop
      vertex 33.7657 -12.5657 4.5
      vertex 34.9678 -13.7678 4.5
      vertex 33.8347 -12.487 4.5
    endloop
  endfacet
  facet normal 0 0 1
    outer loop
      vertex 34.9678 -13.7678 4.5
      vertex 33.7657 -12.5657 4.5
      vertex 34.7219 -13.9834 4.5
    endloop
  endfacet
  facet normal -0 0 1
    outer loop
      vertex 33.687 -12.6347 4.5
      vertex 34.7219 -13.9834 4.5
      vertex 33.7657 -12.5657 4.5
    endloop
  endfacet
  facet normal 0 0 1
    outer loop
      vertex 34.7219 -13.9834 4.5
      vertex 33.687 -12.6347 4.5
      vertex 34.45 -14.1651 4.5
    endloop
  endfacet
  facet normal -0 0 1
    outer loop
      vertex 33.6 -12.6928 4.5
      vertex 34.45 -14.1651 4.5
      vertex 33.687 -12.6347 4.5
    endloop
  endfacet
  facet normal 0 0 1
    outer loop
      vertex 34.45 -14.1651 4.5
      vertex 33.6 -12.6928 4.5
      vertex 34.1567 -14.3097 4.5
    endloop
  endfacet
  facet normal -0 0 1
    outer loop
      vertex 33.5061 -12.7391 4.5
      vertex 34.1567 -14.3097 4.5
      vertex 33.6 -12.6928 4.5
    endloop
  endfacet
  facet normal 0 0 1
    outer loop
      vertex 34.1567 -14.3097 4.5
      vertex 33.5061 -12.7391 4.5
      vertex 33.847 -14.4148 4.5
    endloop
  endfacet
  facet normal -0 0 1
    outer loop
      vertex 33.4071 -12.7727 4.5
      vertex 33.847 -14.4148 4.5
      vertex 33.5061 -12.7391 4.5
    endloop
  endfacet
  facet normal 0 0 1
    outer loop
      vertex 33.847 -14.4148 4.5
      vertex 33.4071 -12.7727 4.5
      vertex 33.5263 -14.4786 4.5
    endloop
  endfacet
  facet normal -0 0 1
    outer loop
      vertex 33.3044 -12.7932 4.5
      vertex 33.5263 -14.4786 4.5
      vertex 33.4071 -12.7727 4.5
    endloop
  endfacet
  facet normal -0 0 1
    outer loop
      vertex 33.2 -12.8 4.5
      vertex 33.5263 -14.4786 4.5
      vertex 33.3044 -12.7932 4.5
    endloop
  endfacet
  facet normal 0 0 1
    outer loop
      vertex 33.2 -12.8 4.5
      vertex 33.2 -14.5 4.5
      vertex 33.5263 -14.4786 4.5
    endloop
  endfacet
  facet normal 0 0 1
    outer loop
      vertex 33.0956 -12.7932 4.5
      vertex 33.2 -14.5 4.5
      vertex 33.2 -12.8 4.5
    endloop
  endfacet
  facet normal 0 0 1
    outer loop
      vertex 32.8737 -14.4786 4.5
      vertex 33.0956 -12.7932 4.5
      vertex 32.9929 -12.7727 4.5
    endloop
  endfacet
  facet normal 0 0 1
    outer loop
      vertex 32.553 -14.4148 4.5
      vertex 32.9929 -12.7727 4.5
      vertex 32.8939 -12.7391 4.5
    endloop
  endfacet
  facet normal 0 0 1
    outer loop
      vertex 33.0956 -12.7932 4.5
      vertex 32.8737 -14.4786 4.5
      vertex 33.2 -14.5 4.5
    endloop
  endfacet
  facet normal 0 0 1
    outer loop
      vertex 32.2433 -14.3097 4.5
      vertex 32.8939 -12.7391 4.5
      vertex 32.8 -12.6928 4.5
    endloop
  endfacet
  facet normal 0 0 1
    outer loop
      vertex 31.95 -14.1651 4.5
      vertex 32.8 -12.6928 4.5
      vertex 32.713 -12.6347 4.5
    endloop
  endfacet
  facet normal 0 0 1
    outer loop
      vertex 31.6781 -13.9834 4.5
      vertex 32.713 -12.6347 4.5
      vertex 32.6343 -12.5657 4.5
    endloop
  endfacet
  facet normal 0 0 1
    outer loop
      vertex 31.4322 -13.7678 4.5
      vertex 32.6343 -12.5657 4.5
      vertex 32.5653 -12.487 4.5
    endloop
  endfacet
  facet normal 0 0 1
    outer loop
      vertex 32.9929 -12.7727 4.5
      vertex 32.553 -14.4148 4.5
      vertex 32.8737 -14.4786 4.5
    endloop
  endfacet
  facet normal 0 0 1
    outer loop
      vertex 31.2166 -13.5219 4.5
      vertex 32.5653 -12.487 4.5
      vertex 32.5072 -12.4 4.5
    endloop
  endfacet
  facet normal 0 0 1
    outer loop
      vertex 31.0349 -13.25 4.5
      vertex 32.5072 -12.4 4.5
      vertex 32.4609 -12.3061 4.5
    endloop
  endfacet
  facet normal 0 0 1
    outer loop
      vertex 30.8903 -12.9567 4.5
      vertex 32.4609 -12.3061 4.5
      vertex 32.4273 -12.2071 4.5
    endloop
  endfacet
  facet normal 0 0 1
    outer loop
      vertex 30.7852 -12.647 4.5
      vertex 32.4273 -12.2071 4.5
      vertex 32.4068 -12.1044 4.5
    endloop
  endfacet
  facet normal 0 0 1
    outer loop
      vertex 30.7214 -12.3263 4.5
      vertex 32.4068 -12.1044 4.5
      vertex 32.4 -12 4.5
    endloop
  endfacet
  facet normal -0 0 1
    outer loop
      vertex 31.0349 -10.75 4.5
      vertex 32.5072 -11.6 4.5
      vertex 31.2166 -10.4781 4.5
    endloop
  endfacet
  facet normal 0 0 1
    outer loop
      vertex 32.8939 -12.7391 4.5
      vertex 32.2433 -14.3097 4.5
      vertex 32.553 -14.4148 4.5
    endloop
  endfacet
  facet normal 0 0 1
    outer loop
      vertex 32.5072 -11.6 4.5
      vertex 31.0349 -10.75 4.5
      vertex 32.4609 -11.6939 4.5
    endloop
  endfacet
  facet normal 0 0 1
    outer loop
      vertex 32.8 -12.6928 4.5
      vertex 31.95 -14.1651 4.5
      vertex 32.2433 -14.3097 4.5
    endloop
  endfacet
  facet normal -0 0 1
    outer loop
      vertex 30.8903 -11.0433 4.5
      vertex 32.4609 -11.6939 4.5
      vertex 31.0349 -10.75 4.5
    endloop
  endfacet
  facet normal 0 0 1
    outer loop
      vertex 32.713 -12.6347 4.5
      vertex 31.6781 -13.9834 4.5
      vertex 31.95 -14.1651 4.5
    endloop
  endfacet
  facet normal 0 0 1
    outer loop
      vertex 32.4609 -11.6939 4.5
      vertex 30.8903 -11.0433 4.5
      vertex 32.4273 -11.7929 4.5
    endloop
  endfacet
  facet normal 0 0 1
    outer loop
      vertex 32.6343 -12.5657 4.5
      vertex 31.4322 -13.7678 4.5
      vertex 31.6781 -13.9834 4.5
    endloop
  endfacet
  facet normal -0 0 1
    outer loop
      vertex 30.7852 -11.353 4.5
      vertex 32.4273 -11.7929 4.5
      vertex 30.8903 -11.0433 4.5
    endloop
  endfacet
  facet normal 0 0 1
    outer loop
      vertex 32.5653 -12.487 4.5
      vertex 31.2166 -13.5219 4.5
      vertex 31.4322 -13.7678 4.5
    endloop
  endfacet
  facet normal 0 0 1
    outer loop
      vertex 32.4273 -11.7929 4.5
      vertex 30.7852 -11.353 4.5
      vertex 32.4068 -11.8956 4.5
    endloop
  endfacet
  facet normal 0 0 1
    outer loop
      vertex 32.5072 -12.4 4.5
      vertex 31.0349 -13.25 4.5
      vertex 31.2166 -13.5219 4.5
    endloop
  endfacet
  facet normal -0 0 1
    outer loop
      vertex 30.7214 -11.6737 4.5
      vertex 32.4068 -11.8956 4.5
      vertex 30.7852 -11.353 4.5
    endloop
  endfacet
  facet normal 0 0 1
    outer loop
      vertex 32.4609 -12.3061 4.5
      vertex 30.8903 -12.9567 4.5
      vertex 31.0349 -13.25 4.5
    endloop
  endfacet
  facet normal 0 0 1
    outer loop
      vertex 32.4068 -11.8956 4.5
      vertex 30.7214 -11.6737 4.5
      vertex 32.4 -12 4.5
    endloop
  endfacet
  facet normal 0 0 1
    outer loop
      vertex 32.4273 -12.2071 4.5
      vertex 30.7852 -12.647 4.5
      vertex 30.8903 -12.9567 4.5
    endloop
  endfacet
  facet normal 0 0 1
    outer loop
      vertex 30.7 -12 4.5
      vertex 32.4 -12 4.5
      vertex 30.7214 -11.6737 4.5
    endloop
  endfacet
  facet normal 0 0 1
    outer loop
      vertex 32.4068 -12.1044 4.5
      vertex 30.7214 -12.3263 4.5
      vertex 30.7852 -12.647 4.5
    endloop
  endfacet
  facet normal 0 0 1
    outer loop
      vertex 32.4 -12 4.5
      vertex 30.7 -12 4.5
      vertex 30.7214 -12.3263 4.5
    endloop
  endfacet
  facet normal -0.946957 0.32136 0
    outer loop
      vertex 30.7852 -11.353 3
      vertex 30.8903 -11.0433 4.5
      vertex 30.8903 -11.0433 3
    endloop
  endfacet
  facet normal -0.946957 0.32136 0
    outer loop
      vertex 30.8903 -11.0433 4.5
      vertex 30.7852 -11.353 3
      vertex 30.7852 -11.353 4.5
    endloop
  endfacet
  facet normal -0.831438 -0.555617 0
    outer loop
      vertex 31.2166 -13.5219 3
      vertex 31.0349 -13.25 4.5
      vertex 31.0349 -13.25 3
    endloop
  endfacet
  facet normal -0.831438 -0.555617 0
    outer loop
      vertex 31.0349 -13.25 4.5
      vertex 31.2166 -13.5219 3
      vertex 31.2166 -13.5219 4.5
    endloop
  endfacet
  facet normal 0.997856 -0.0654432 0
    outer loop
      vertex 35.6786 -12.3263 4.5
      vertex 35.7 -12 3
      vertex 35.7 -12 4.5
    endloop
  endfacet
  facet normal 0.997856 -0.0654432 0
    outer loop
      vertex 35.7 -12 3
      vertex 35.6786 -12.3263 4.5
      vertex 35.6786 -12.3263 3
    endloop
  endfacet
  facet normal 0.195116 -0.98078 0
    outer loop
      vertex 33.5263 -14.4786 3
      vertex 33.847 -14.4148 4.5
      vertex 33.5263 -14.4786 4.5
    endloop
  endfacet
  facet normal 0.195116 -0.98078 0
    outer loop
      vertex 33.847 -14.4148 4.5
      vertex 33.5263 -14.4786 3
      vertex 33.847 -14.4148 3
    endloop
  endfacet
  facet normal 0.0654432 -0.997856 0
    outer loop
      vertex 33.2 -14.5 3
      vertex 33.5263 -14.4786 4.5
      vertex 33.2 -14.5 4.5
    endloop
  endfacet
  facet normal 0.0654432 -0.997856 0
    outer loop
      vertex 33.5263 -14.4786 4.5
      vertex 33.2 -14.5 3
      vertex 33.5263 -14.4786 3
    endloop
  endfacet
  facet normal 0.659262 -0.751913 0
    outer loop
      vertex 34.7219 -13.9834 3
      vertex 34.9678 -13.7678 4.5
      vertex 34.7219 -13.9834 4.5
    endloop
  endfacet
  facet normal 0.659262 -0.751913 0
    outer loop
      vertex 34.9678 -13.7678 4.5
      vertex 34.7219 -13.9834 3
      vertex 34.9678 -13.7678 3
    endloop
  endfacet
  facet normal 0.98078 -0.195116 0
    outer loop
      vertex 35.6148 -12.647 4.5
      vertex 35.6786 -12.3263 3
      vertex 35.6786 -12.3263 4.5
    endloop
  endfacet
  facet normal 0.98078 -0.195116 0
    outer loop
      vertex 35.6786 -12.3263 3
      vertex 35.6148 -12.647 4.5
      vertex 35.6148 -12.647 3
    endloop
  endfacet
  facet normal -0.831438 0.555617 0
    outer loop
      vertex 31.0349 -10.75 3
      vertex 31.2166 -10.4781 4.5
      vertex 31.2166 -10.4781 3
    endloop
  endfacet
  facet normal -0.831438 0.555617 0
    outer loop
      vertex 31.2166 -10.4781 4.5
      vertex 31.0349 -10.75 3
      vertex 31.0349 -10.75 4.5
    endloop
  endfacet
  facet normal 0.946957 -0.32136 0
    outer loop
      vertex 35.5097 -12.9567 4.5
      vertex 35.6148 -12.647 3
      vertex 35.6148 -12.647 4.5
    endloop
  endfacet
  facet normal 0.946957 -0.32136 0
    outer loop
      vertex 35.6148 -12.647 3
      vertex 35.5097 -12.9567 4.5
      vertex 35.5097 -12.9567 3
    endloop
  endfacet
  facet normal -0.98078 -0.195116 0
    outer loop
      vertex 30.7852 -12.647 3
      vertex 30.7214 -12.3263 4.5
      vertex 30.7214 -12.3263 3
    endloop
  endfacet
  facet normal -0.98078 -0.195116 0
    outer loop
      vertex 30.7214 -12.3263 4.5
      vertex 30.7852 -12.647 3
      vertex 30.7852 -12.647 4.5
    endloop
  endfacet
  facet normal 0.0654128 0.997858 -0
    outer loop
      vertex 33.5263 -9.52139 3
      vertex 33.2 -9.5 4.5
      vertex 33.5263 -9.52139 4.5
    endloop
  endfacet
  facet normal 0.0654128 0.997858 0
    outer loop
      vertex 33.2 -9.5 4.5
      vertex 33.5263 -9.52139 3
      vertex 33.2 -9.5 3
    endloop
  endfacet
  facet normal 0.195116 0.98078 -0
    outer loop
      vertex 33.847 -9.58519 3
      vertex 33.5263 -9.52139 4.5
      vertex 33.847 -9.58519 4.5
    endloop
  endfacet
  facet normal 0.195116 0.98078 0
    outer loop
      vertex 33.5263 -9.52139 4.5
      vertex 33.847 -9.58519 3
      vertex 33.5263 -9.52139 3
    endloop
  endfacet
  facet normal -0.751913 0.659262 0
    outer loop
      vertex 31.2166 -10.4781 3
      vertex 31.4322 -10.2322 4.5
      vertex 31.4322 -10.2322 3
    endloop
  endfacet
  facet normal -0.751913 0.659262 0
    outer loop
      vertex 31.4322 -10.2322 4.5
      vertex 31.2166 -10.4781 3
      vertex 31.2166 -10.4781 4.5
    endloop
  endfacet
  facet normal -0.659262 0.751913 0
    outer loop
      vertex 31.6781 -10.0166 3
      vertex 31.4322 -10.2322 4.5
      vertex 31.6781 -10.0166 4.5
    endloop
  endfacet
  facet normal -0.659262 0.751913 0
    outer loop
      vertex 31.4322 -10.2322 4.5
      vertex 31.6781 -10.0166 3
      vertex 31.4322 -10.2322 3
    endloop
  endfacet
  facet normal -0.555617 -0.831438 0
    outer loop
      vertex 31.6781 -13.9834 3
      vertex 31.95 -14.1651 4.5
      vertex 31.6781 -13.9834 4.5
    endloop
  endfacet
  facet normal -0.555617 -0.831438 -0
    outer loop
      vertex 31.95 -14.1651 4.5
      vertex 31.6781 -13.9834 3
      vertex 31.95 -14.1651 3
    endloop
  endfacet
  facet normal -0.32136 -0.946957 0
    outer loop
      vertex 32.2433 -14.3097 3
      vertex 32.553 -14.4148 4.5
      vertex 32.2433 -14.3097 4.5
    endloop
  endfacet
  facet normal -0.32136 -0.946957 -0
    outer loop
      vertex 32.553 -14.4148 4.5
      vertex 32.2433 -14.3097 3
      vertex 32.553 -14.4148 3
    endloop
  endfacet
  facet normal -0.997856 0.0654432 0
    outer loop
      vertex 30.7 -12 3
      vertex 30.7214 -11.6737 4.5
      vertex 30.7214 -11.6737 3
    endloop
  endfacet
  facet normal -0.997856 0.0654432 0
    outer loop
      vertex 30.7214 -11.6737 4.5
      vertex 30.7 -12 3
      vertex 30.7 -12 4.5
    endloop
  endfacet
  facet normal -0.442191 -0.896921 0
    outer loop
      vertex 31.95 -14.1651 3
      vertex 32.2433 -14.3097 4.5
      vertex 31.95 -14.1651 4.5
    endloop
  endfacet
  facet normal -0.442191 -0.896921 -0
    outer loop
      vertex 32.2433 -14.3097 4.5
      vertex 31.95 -14.1651 3
      vertex 32.2433 -14.3097 3
    endloop
  endfacet
  facet normal -0.98078 0.195116 0
    outer loop
      vertex 30.7214 -11.6737 3
      vertex 30.7852 -11.353 4.5
      vertex 30.7852 -11.353 3
    endloop
  endfacet
  facet normal -0.98078 0.195116 0
    outer loop
      vertex 30.7852 -11.353 4.5
      vertex 30.7214 -11.6737 3
      vertex 30.7214 -11.6737 4.5
    endloop
  endfacet
  facet normal -0.0654432 -0.997856 0
    outer loop
      vertex 32.8737 -14.4786 3
      vertex 33.2 -14.5 4.5
      vertex 32.8737 -14.4786 4.5
    endloop
  endfacet
  facet normal -0.0654432 -0.997856 -0
    outer loop
      vertex 33.2 -14.5 4.5
      vertex 32.8737 -14.4786 3
      vertex 33.2 -14.5 3
    endloop
  endfacet
  facet normal -0.896921 0.442191 0
    outer loop
      vertex 30.8903 -11.0433 3
      vertex 31.0349 -10.75 4.5
      vertex 31.0349 -10.75 3
    endloop
  endfacet
  facet normal -0.896921 0.442191 0
    outer loop
      vertex 31.0349 -10.75 4.5
      vertex 30.8903 -11.0433 3
      vertex 30.8903 -11.0433 4.5
    endloop
  endfacet
  facet normal -0.0654128 -0.997858 0
    outer loop
      vertex 32.8737 9.52139 3
      vertex 33.2 9.5 4.5
      vertex 32.8737 9.52139 4.5
    endloop
  endfacet
  facet normal -0.0654128 -0.997858 -0
    outer loop
      vertex 33.2 9.5 4.5
      vertex 32.8737 9.52139 3
      vertex 33.2 9.5 3
    endloop
  endfacet
  facet normal 0.195116 -0.98078 0
    outer loop
      vertex 33.5263 9.52139 3
      vertex 33.847 9.58519 4.5
      vertex 33.5263 9.52139 4.5
    endloop
  endfacet
  facet normal 0.195116 -0.98078 0
    outer loop
      vertex 33.847 9.58519 4.5
      vertex 33.5263 9.52139 3
      vertex 33.847 9.58519 3
    endloop
  endfacet
  facet normal 0.98078 0.195116 0
    outer loop
      vertex 35.6786 12.3263 4.5
      vertex 35.6148 12.647 3
      vertex 35.6148 12.647 4.5
    endloop
  endfacet
  facet normal 0.98078 0.195116 0
    outer loop
      vertex 35.6148 12.647 3
      vertex 35.6786 12.3263 4.5
      vertex 35.6786 12.3263 3
    endloop
  endfacet
  facet normal 0.997856 0.0654432 0
    outer loop
      vertex 35.7 12 4.5
      vertex 35.6786 12.3263 3
      vertex 35.6786 12.3263 4.5
    endloop
  endfacet
  facet normal 0.997856 0.0654432 0
    outer loop
      vertex 35.6786 12.3263 3
      vertex 35.7 12 4.5
      vertex 35.7 12 3
    endloop
  endfacet
  facet normal -0.98078 0.195116 0
    outer loop
      vertex 30.7214 12.3263 3
      vertex 30.7852 12.647 4.5
      vertex 30.7852 12.647 3
    endloop
  endfacet
  facet normal -0.98078 0.195116 0
    outer loop
      vertex 30.7852 12.647 4.5
      vertex 30.7214 12.3263 3
      vertex 30.7214 12.3263 4.5
    endloop
  endfacet
  facet normal -0.896921 -0.442191 0
    outer loop
      vertex 31.0349 10.75 3
      vertex 30.8903 11.0433 4.5
      vertex 30.8903 11.0433 3
    endloop
  endfacet
  facet normal -0.896921 -0.442191 0
    outer loop
      vertex 30.8903 11.0433 4.5
      vertex 31.0349 10.75 3
      vertex 31.0349 10.75 4.5
    endloop
  endfacet
  facet normal -0.751913 0.659262 0
    outer loop
      vertex 31.2166 13.5219 3
      vertex 31.4322 13.7678 4.5
      vertex 31.4322 13.7678 3
    endloop
  endfacet
  facet normal -0.751913 0.659262 0
    outer loop
      vertex 31.4322 13.7678 4.5
      vertex 31.2166 13.5219 3
      vertex 31.2166 13.5219 4.5
    endloop
  endfacet
  facet normal -0.44229 -0.896872 0
    outer loop
      vertex 31.95 9.83494 3
      vertex 32.2433 9.6903 4.5
      vertex 31.95 9.83494 4.5
    endloop
  endfacet
  facet normal -0.44229 -0.896872 -0
    outer loop
      vertex 32.2433 9.6903 4.5
      vertex 31.95 9.83494 3
      vertex 32.2433 9.6903 3
    endloop
  endfacet
  facet normal -0.659262 0.751913 0
    outer loop
      vertex 31.6781 13.9834 3
      vertex 31.4322 13.7678 4.5
      vertex 31.6781 13.9834 4.5
    endloop
  endfacet
  facet normal -0.659262 0.751913 0
    outer loop
      vertex 31.4322 13.7678 4.5
      vertex 31.6781 13.9834 3
      vertex 31.4322 13.7678 3
    endloop
  endfacet
  facet normal 0.946957 -0.32136 0
    outer loop
      vertex 35.5097 11.0433 4.5
      vertex 35.6148 11.353 3
      vertex 35.6148 11.353 4.5
    endloop
  endfacet
  facet normal 0.946957 -0.32136 0
    outer loop
      vertex 35.6148 11.353 3
      vertex 35.5097 11.0433 4.5
      vertex 35.5097 11.0433 3
    endloop
  endfacet
  facet normal 0.0654128 -0.997858 0
    outer loop
      vertex 33.2 9.5 3
      vertex 33.5263 9.52139 4.5
      vertex 33.2 9.5 4.5
    endloop
  endfacet
  facet normal 0.0654128 -0.997858 0
    outer loop
      vertex 33.5263 9.52139 4.5
      vertex 33.2 9.5 3
      vertex 33.5263 9.52139 3
    endloop
  endfacet
  facet normal -0.831438 0.555617 0
    outer loop
      vertex 31.0349 13.25 3
      vertex 31.2166 13.5219 4.5
      vertex 31.2166 13.5219 3
    endloop
  endfacet
  facet normal -0.831438 0.555617 0
    outer loop
      vertex 31.2166 13.5219 4.5
      vertex 31.0349 13.25 3
      vertex 31.0349 13.25 4.5
    endloop
  endfacet
  facet normal -0.997856 -0.0654432 0
    outer loop
      vertex 30.7214 11.6737 3
      vertex 30.7 12 4.5
      vertex 30.7 12 3
    endloop
  endfacet
  facet normal -0.997856 -0.0654432 0
    outer loop
      vertex 30.7 12 4.5
      vertex 30.7214 11.6737 3
      vertex 30.7214 11.6737 4.5
    endloop
  endfacet
  facet normal 0.555533 -0.831495 0
    outer loop
      vertex 34.45 9.83494 3
      vertex 34.7219 10.0166 4.5
      vertex 34.45 9.83494 4.5
    endloop
  endfacet
  facet normal 0.555533 -0.831495 0
    outer loop
      vertex 34.7219 10.0166 4.5
      vertex 34.45 9.83494 3
      vertex 34.7219 10.0166 3
    endloop
  endfacet
  facet normal -0.0654432 0.997856 0
    outer loop
      vertex 33.2 14.5 3
      vertex 32.8737 14.4786 4.5
      vertex 33.2 14.5 4.5
    endloop
  endfacet
  facet normal -0.0654432 0.997856 0
    outer loop
      vertex 32.8737 14.4786 4.5
      vertex 33.2 14.5 3
      vertex 32.8737 14.4786 3
    endloop
  endfacet
  facet normal -0.751913 -0.659262 0
    outer loop
      vertex 31.4322 10.2322 3
      vertex 31.2166 10.4781 4.5
      vertex 31.2166 10.4781 3
    endloop
  endfacet
  facet normal -0.751913 -0.659262 0
    outer loop
      vertex 31.2166 10.4781 4.5
      vertex 31.4322 10.2322 3
      vertex 31.4322 10.2322 4.5
    endloop
  endfacet
  facet normal -0.831438 -0.555617 0
    outer loop
      vertex 31.2166 10.4781 3
      vertex 31.0349 10.75 4.5
      vertex 31.0349 10.75 3
    endloop
  endfacet
  facet normal -0.831438 -0.555617 0
    outer loop
      vertex 31.0349 10.75 4.5
      vertex 31.2166 10.4781 3
      vertex 31.2166 10.4781 4.5
    endloop
  endfacet
  facet normal -0.896921 0.442191 0
    outer loop
      vertex 30.8903 12.9567 3
      vertex 31.0349 13.25 4.5
      vertex 31.0349 13.25 3
    endloop
  endfacet
  facet normal -0.896921 0.442191 0
    outer loop
      vertex 31.0349 13.25 4.5
      vertex 30.8903 12.9567 3
      vertex 30.8903 12.9567 4.5
    endloop
  endfacet
  facet normal -0.98078 -0.195116 0
    outer loop
      vertex 30.7852 11.353 3
      vertex 30.7214 11.6737 4.5
      vertex 30.7214 11.6737 3
    endloop
  endfacet
  facet normal -0.98078 -0.195116 0
    outer loop
      vertex 30.7214 11.6737 4.5
      vertex 30.7852 11.353 3
      vertex 30.7852 11.353 4.5
    endloop
  endfacet
  facet normal 0.195116 0.98078 -0
    outer loop
      vertex 33.847 14.4148 3
      vertex 33.5263 14.4786 4.5
      vertex 33.847 14.4148 4.5
    endloop
  endfacet
  facet normal 0.195116 0.98078 0
    outer loop
      vertex 33.5263 14.4786 4.5
      vertex 33.847 14.4148 3
      vertex 33.5263 14.4786 3
    endloop
  endfacet
  facet normal 0.831438 0.555617 0
    outer loop
      vertex 35.3651 13.25 4.5
      vertex 35.1834 13.5219 3
      vertex 35.1834 13.5219 4.5
    endloop
  endfacet
  facet normal 0.831438 0.555617 0
    outer loop
      vertex 35.1834 13.5219 3
      vertex 35.3651 13.25 4.5
      vertex 35.3651 13.25 3
    endloop
  endfacet
  facet normal -0.195116 0.98078 0
    outer loop
      vertex 32.8737 14.4786 3
      vertex 32.553 14.4148 4.5
      vertex 32.8737 14.4786 4.5
    endloop
  endfacet
  facet normal -0.195116 0.98078 0
    outer loop
      vertex 32.553 14.4148 4.5
      vertex 32.8737 14.4786 3
      vertex 32.553 14.4148 3
    endloop
  endfacet
  facet normal 0.659262 0.751913 -0
    outer loop
      vertex 34.9678 13.7678 3
      vertex 34.7219 13.9834 4.5
      vertex 34.9678 13.7678 4.5
    endloop
  endfacet
  facet normal 0.659262 0.751913 0
    outer loop
      vertex 34.7219 13.9834 4.5
      vertex 34.9678 13.7678 3
      vertex 34.7219 13.9834 3
    endloop
  endfacet
  facet normal 0.442191 0.896921 -0
    outer loop
      vertex 34.45 14.1651 3
      vertex 34.1567 14.3097 4.5
      vertex 34.45 14.1651 4.5
    endloop
  endfacet
  facet normal 0.442191 0.896921 0
    outer loop
      vertex 34.1567 14.3097 4.5
      vertex 34.45 14.1651 3
      vertex 34.1567 14.3097 3
    endloop
  endfacet
  facet normal -0.195116 -0.98078 0
    outer loop
      vertex 32.553 9.58519 3
      vertex 32.8737 9.52139 4.5
      vertex 32.553 9.58519 4.5
    endloop
  endfacet
  facet normal -0.195116 -0.98078 -0
    outer loop
      vertex 32.8737 9.52139 4.5
      vertex 32.553 9.58519 3
      vertex 32.8737 9.52139 3
    endloop
  endfacet
  facet normal 0.0654432 0.997856 -0
    outer loop
      vertex 33.5263 14.4786 3
      vertex 33.2 14.5 4.5
      vertex 33.5263 14.4786 4.5
    endloop
  endfacet
  facet normal 0.0654432 0.997856 0
    outer loop
      vertex 33.2 14.5 4.5
      vertex 33.5263 14.4786 3
      vertex 33.2 14.5 3
    endloop
  endfacet
  facet normal 0.997856 -0.0654432 0
    outer loop
      vertex 35.6786 11.6737 4.5
      vertex 35.7 12 3
      vertex 35.7 12 4.5
    endloop
  endfacet
  facet normal 0.997856 -0.0654432 0
    outer loop
      vertex 35.7 12 3
      vertex 35.6786 11.6737 4.5
      vertex 35.6786 11.6737 3
    endloop
  endfacet
  facet normal -0.32136 0.946957 0
    outer loop
      vertex 32.553 14.4148 3
      vertex 32.2433 14.3097 4.5
      vertex 32.553 14.4148 4.5
    endloop
  endfacet
  facet normal -0.32136 0.946957 0
    outer loop
      vertex 32.2433 14.3097 4.5
      vertex 32.553 14.4148 3
      vertex 32.2433 14.3097 3
    endloop
  endfacet
  facet normal -0.555617 0.831438 0
    outer loop
      vertex 31.95 14.1651 3
      vertex 31.6781 13.9834 4.5
      vertex 31.95 14.1651 4.5
    endloop
  endfacet
  facet normal -0.555617 0.831438 0
    outer loop
      vertex 31.6781 13.9834 4.5
      vertex 31.95 14.1651 3
      vertex 31.6781 13.9834 3
    endloop
  endfacet
  facet normal 0 0 1
    outer loop
      vertex 34 12 4.5
      vertex 35.7 12 4.5
      vertex 35.6786 12.3263 4.5
    endloop
  endfacet
  facet normal 0 0 1
    outer loop
      vertex 33.9932 12.1044 4.5
      vertex 35.6786 12.3263 4.5
      vertex 35.6148 12.647 4.5
    endloop
  endfacet
  facet normal 0 0 1
    outer loop
      vertex 35.7 12 4.5
      vertex 34 12 4.5
      vertex 35.6786 11.6737 4.5
    endloop
  endfacet
  facet normal 0 0 1
    outer loop
      vertex 33.9727 12.2071 4.5
      vertex 35.6148 12.647 4.5
      vertex 35.5097 12.9567 4.5
    endloop
  endfacet
  facet normal -0 0 1
    outer loop
      vertex 33.9932 11.8956 4.5
      vertex 35.6786 11.6737 4.5
      vertex 34 12 4.5
    endloop
  endfacet
  facet normal 0 0 1
    outer loop
      vertex 33.9391 12.3061 4.5
      vertex 35.5097 12.9567 4.5
      vertex 35.3651 13.25 4.5
    endloop
  endfacet
  facet normal 0 0 1
    outer loop
      vertex 35.6786 11.6737 4.5
      vertex 33.9932 11.8956 4.5
      vertex 35.6148 11.353 4.5
    endloop
  endfacet
  facet normal 0 0 1
    outer loop
      vertex 33.8928 12.4 4.5
      vertex 35.3651 13.25 4.5
      vertex 35.1834 13.5219 4.5
    endloop
  endfacet
  facet normal -0 0 1
    outer loop
      vertex 33.9727 11.7929 4.5
      vertex 35.6148 11.353 4.5
      vertex 33.9932 11.8956 4.5
    endloop
  endfacet
  facet normal 0 0 1
    outer loop
      vertex 33.8347 12.487 4.5
      vertex 35.1834 13.5219 4.5
      vertex 34.9678 13.7678 4.5
    endloop
  endfacet
  facet normal 0 0 1
    outer loop
      vertex 35.6148 11.353 4.5
      vertex 33.9727 11.7929 4.5
      vertex 35.5097 11.0433 4.5
    endloop
  endfacet
  facet normal 0 0 1
    outer loop
      vertex 33.7657 12.5657 4.5
      vertex 34.9678 13.7678 4.5
      vertex 34.7219 13.9834 4.5
    endloop
  endfacet
  facet normal -0 0 1
    outer loop
      vertex 33.9391 11.6939 4.5
      vertex 35.5097 11.0433 4.5
      vertex 33.9727 11.7929 4.5
    endloop
  endfacet
  facet normal 0 0 1
    outer loop
      vertex 33.687 12.6347 4.5
      vertex 34.7219 13.9834 4.5
      vertex 34.45 14.1651 4.5
    endloop
  endfacet
  facet normal 0 0 1
    outer loop
      vertex 35.5097 11.0433 4.5
      vertex 33.9391 11.6939 4.5
      vertex 35.3651 10.75 4.5
    endloop
  endfacet
  facet normal 0 0 1
    outer loop
      vertex 33.6 12.6928 4.5
      vertex 34.45 14.1651 4.5
      vertex 34.1567 14.3097 4.5
    endloop
  endfacet
  facet normal -0 0 1
    outer loop
      vertex 33.8928 11.6 4.5
      vertex 35.3651 10.75 4.5
      vertex 33.9391 11.6939 4.5
    endloop
  endfacet
  facet normal 0 0 1
    outer loop
      vertex 35.3651 10.75 4.5
      vertex 33.8928 11.6 4.5
      vertex 35.1834 10.4781 4.5
    endloop
  endfacet
  facet normal 0 0 1
    outer loop
      vertex 35.6786 12.3263 4.5
      vertex 33.9932 12.1044 4.5
      vertex 34 12 4.5
    endloop
  endfacet
  facet normal 0 0 1
    outer loop
      vertex 35.6148 12.647 4.5
      vertex 33.9727 12.2071 4.5
      vertex 33.9932 12.1044 4.5
    endloop
  endfacet
  facet normal 0 0 1
    outer loop
      vertex 35.5097 12.9567 4.5
      vertex 33.9391 12.3061 4.5
      vertex 33.9727 12.2071 4.5
    endloop
  endfacet
  facet normal 0 0 1
    outer loop
      vertex 35.3651 13.25 4.5
      vertex 33.8928 12.4 4.5
      vertex 33.9391 12.3061 4.5
    endloop
  endfacet
  facet normal 0 0 1
    outer loop
      vertex 33.5061 12.7391 4.5
      vertex 34.1567 14.3097 4.5
      vertex 33.847 14.4148 4.5
    endloop
  endfacet
  facet normal 0 0 1
    outer loop
      vertex 35.1834 13.5219 4.5
      vertex 33.8347 12.487 4.5
      vertex 33.8928 12.4 4.5
    endloop
  endfacet
  facet normal 0 0 1
    outer loop
      vertex 34.9678 13.7678 4.5
      vertex 33.7657 12.5657 4.5
      vertex 33.8347 12.487 4.5
    endloop
  endfacet
  facet normal 0 0 1
    outer loop
      vertex 34.7219 13.9834 4.5
      vertex 33.687 12.6347 4.5
      vertex 33.7657 12.5657 4.5
    endloop
  endfacet
  facet normal 0 0 1
    outer loop
      vertex 34.45 14.1651 4.5
      vertex 33.6 12.6928 4.5
      vertex 33.687 12.6347 4.5
    endloop
  endfacet
  facet normal 0 0 1
    outer loop
      vertex 33.4071 12.7727 4.5
      vertex 33.847 14.4148 4.5
      vertex 33.5263 14.4786 4.5
    endloop
  endfacet
  facet normal 0 0 1
    outer loop
      vertex 34.1567 14.3097 4.5
      vertex 33.5061 12.7391 4.5
      vertex 33.6 12.6928 4.5
    endloop
  endfacet
  facet normal 0 0 1
    outer loop
      vertex 33.847 14.4148 4.5
      vertex 33.4071 12.7727 4.5
      vertex 33.5061 12.7391 4.5
    endloop
  endfacet
  facet normal 0 0 1
    outer loop
      vertex 33.5263 14.4786 4.5
      vertex 33.3044 12.7932 4.5
      vertex 33.4071 12.7727 4.5
    endloop
  endfacet
  facet normal 0 0 1
    outer loop
      vertex 33.2 14.5 4.5
      vertex 33.3044 12.7932 4.5
      vertex 33.5263 14.4786 4.5
    endloop
  endfacet
  facet normal 0 0 1
    outer loop
      vertex 33.2 14.5 4.5
      vertex 33.2 12.8 4.5
      vertex 33.3044 12.7932 4.5
    endloop
  endfacet
  facet normal 0 0 1
    outer loop
      vertex 33.2 14.5 4.5
      vertex 33.0956 12.7932 4.5
      vertex 33.2 12.8 4.5
    endloop
  endfacet
  facet normal -0 0 1
    outer loop
      vertex 32.8737 14.4786 4.5
      vertex 33.0956 12.7932 4.5
      vertex 33.2 14.5 4.5
    endloop
  endfacet
  facet normal 0 0 1
    outer loop
      vertex 33.0956 12.7932 4.5
      vertex 32.8737 14.4786 4.5
      vertex 32.9929 12.7727 4.5
    endloop
  endfacet
  facet normal -0 0 1
    outer loop
      vertex 32.553 14.4148 4.5
      vertex 32.9929 12.7727 4.5
      vertex 32.8737 14.4786 4.5
    endloop
  endfacet
  facet normal 0 0 1
    outer loop
      vertex 32.9929 12.7727 4.5
      vertex 32.553 14.4148 4.5
      vertex 32.8939 12.7391 4.5
    endloop
  endfacet
  facet normal -0 0 1
    outer loop
      vertex 32.2433 14.3097 4.5
      vertex 32.8939 12.7391 4.5
      vertex 32.553 14.4148 4.5
    endloop
  endfacet
  facet normal 0 0 1
    outer loop
      vertex 32.8939 12.7391 4.5
      vertex 32.2433 14.3097 4.5
      vertex 32.8 12.6928 4.5
    endloop
  endfacet
  facet normal -0 0 1
    outer loop
      vertex 31.95 14.1651 4.5
      vertex 32.8 12.6928 4.5
      vertex 32.2433 14.3097 4.5
    endloop
  endfacet
  facet normal 0 0 1
    outer loop
      vertex 32.8 12.6928 4.5
      vertex 31.95 14.1651 4.5
      vertex 32.713 12.6347 4.5
    endloop
  endfacet
  facet normal -0 0 1
    outer loop
      vertex 31.6781 13.9834 4.5
      vertex 32.713 12.6347 4.5
      vertex 31.95 14.1651 4.5
    endloop
  endfacet
  facet normal 0 0 1
    outer loop
      vertex 32.713 12.6347 4.5
      vertex 31.6781 13.9834 4.5
      vertex 32.6343 12.5657 4.5
    endloop
  endfacet
  facet normal -0 0 1
    outer loop
      vertex 31.4322 13.7678 4.5
      vertex 32.6343 12.5657 4.5
      vertex 31.6781 13.9834 4.5
    endloop
  endfacet
  facet normal 0 0 1
    outer loop
      vertex 32.6343 12.5657 4.5
      vertex 31.4322 13.7678 4.5
      vertex 32.5653 12.487 4.5
    endloop
  endfacet
  facet normal -0 0 1
    outer loop
      vertex 31.2166 13.5219 4.5
      vertex 32.5653 12.487 4.5
      vertex 31.4322 13.7678 4.5
    endloop
  endfacet
  facet normal 0 0 1
    outer loop
      vertex 32.5653 12.487 4.5
      vertex 31.2166 13.5219 4.5
      vertex 32.5072 12.4 4.5
    endloop
  endfacet
  facet normal -0 0 1
    outer loop
      vertex 33.8347 11.513 4.5
      vertex 35.1834 10.4781 4.5
      vertex 33.8928 11.6 4.5
    endloop
  endfacet
  facet normal 0 0 1
    outer loop
      vertex 35.1834 10.4781 4.5
      vertex 33.8347 11.513 4.5
      vertex 34.9678 10.2322 4.5
    endloop
  endfacet
  facet normal -0 0 1
    outer loop
      vertex 33.7657 11.4343 4.5
      vertex 34.9678 10.2322 4.5
      vertex 33.8347 11.513 4.5
    endloop
  endfacet
  facet normal 0 0 1
    outer loop
      vertex 34.9678 10.2322 4.5
      vertex 33.7657 11.4343 4.5
      vertex 34.7219 10.0166 4.5
    endloop
  endfacet
  facet normal -0 0 1
    outer loop
      vertex 33.687 11.3653 4.5
      vertex 34.7219 10.0166 4.5
      vertex 33.7657 11.4343 4.5
    endloop
  endfacet
  facet normal 0 0 1
    outer loop
      vertex 34.7219 10.0166 4.5
      vertex 33.687 11.3653 4.5
      vertex 34.45 9.83494 4.5
    endloop
  endfacet
  facet normal -0 0 1
    outer loop
      vertex 33.6 11.3072 4.5
      vertex 34.45 9.83494 4.5
      vertex 33.687 11.3653 4.5
    endloop
  endfacet
  facet normal 0 0 1
    outer loop
      vertex 34.45 9.83494 4.5
      vertex 33.6 11.3072 4.5
      vertex 34.1567 9.6903 4.5
    endloop
  endfacet
  facet normal -0 0 1
    outer loop
      vertex 33.5061 11.2609 4.5
      vertex 34.1567 9.6903 4.5
      vertex 33.6 11.3072 4.5
    endloop
  endfacet
  facet normal 0 0 1
    outer loop
      vertex 34.1567 9.6903 4.5
      vertex 33.5061 11.2609 4.5
      vertex 33.847 9.58519 4.5
    endloop
  endfacet
  facet normal -0 0 1
    outer loop
      vertex 33.4071 11.2273 4.5
      vertex 33.847 9.58519 4.5
      vertex 33.5061 11.2609 4.5
    endloop
  endfacet
  facet normal 0 0 1
    outer loop
      vertex 33.847 9.58519 4.5
      vertex 33.4071 11.2273 4.5
      vertex 33.5263 9.52139 4.5
    endloop
  endfacet
  facet normal -0 0 1
    outer loop
      vertex 33.3044 11.2068 4.5
      vertex 33.5263 9.52139 4.5
      vertex 33.4071 11.2273 4.5
    endloop
  endfacet
  facet normal -0 0 1
    outer loop
      vertex 33.2 11.2 4.5
      vertex 33.5263 9.52139 4.5
      vertex 33.3044 11.2068 4.5
    endloop
  endfacet
  facet normal 0 0 1
    outer loop
      vertex 33.2 11.2 4.5
      vertex 33.2 9.5 4.5
      vertex 33.5263 9.52139 4.5
    endloop
  endfacet
  facet normal 0 0 1
    outer loop
      vertex 33.0956 11.2068 4.5
      vertex 33.2 9.5 4.5
      vertex 33.2 11.2 4.5
    endloop
  endfacet
  facet normal 0 0 1
    outer loop
      vertex 32.8737 9.52139 4.5
      vertex 33.0956 11.2068 4.5
      vertex 32.9929 11.2273 4.5
    endloop
  endfacet
  facet normal 0 0 1
    outer loop
      vertex 32.553 9.58519 4.5
      vertex 32.9929 11.2273 4.5
      vertex 32.8939 11.2609 4.5
    endloop
  endfacet
  facet normal 0 0 1
    outer loop
      vertex 33.0956 11.2068 4.5
      vertex 32.8737 9.52139 4.5
      vertex 33.2 9.5 4.5
    endloop
  endfacet
  facet normal 0 0 1
    outer loop
      vertex 32.2433 9.6903 4.5
      vertex 32.8939 11.2609 4.5
      vertex 32.8 11.3072 4.5
    endloop
  endfacet
  facet normal 0 0 1
    outer loop
      vertex 31.95 9.83494 4.5
      vertex 32.8 11.3072 4.5
      vertex 32.713 11.3653 4.5
    endloop
  endfacet
  facet normal 0 0 1
    outer loop
      vertex 31.6781 10.0166 4.5
      vertex 32.713 11.3653 4.5
      vertex 32.6343 11.4343 4.5
    endloop
  endfacet
  facet normal 0 0 1
    outer loop
      vertex 31.4322 10.2322 4.5
      vertex 32.6343 11.4343 4.5
      vertex 32.5653 11.513 4.5
    endloop
  endfacet
  facet normal 0 0 1
    outer loop
      vertex 32.9929 11.2273 4.5
      vertex 32.553 9.58519 4.5
      vertex 32.8737 9.52139 4.5
    endloop
  endfacet
  facet normal 0 0 1
    outer loop
      vertex 31.2166 10.4781 4.5
      vertex 32.5653 11.513 4.5
      vertex 32.5072 11.6 4.5
    endloop
  endfacet
  facet normal 0 0 1
    outer loop
      vertex 31.0349 10.75 4.5
      vertex 32.5072 11.6 4.5
      vertex 32.4609 11.6939 4.5
    endloop
  endfacet
  facet normal 0 0 1
    outer loop
      vertex 30.8903 11.0433 4.5
      vertex 32.4609 11.6939 4.5
      vertex 32.4273 11.7929 4.5
    endloop
  endfacet
  facet normal 0 0 1
    outer loop
      vertex 30.7852 11.353 4.5
      vertex 32.4273 11.7929 4.5
      vertex 32.4068 11.8956 4.5
    endloop
  endfacet
  facet normal 0 0 1
    outer loop
      vertex 30.7214 11.6737 4.5
      vertex 32.4068 11.8956 4.5
      vertex 32.4 12 4.5
    endloop
  endfacet
  facet normal -0 0 1
    outer loop
      vertex 31.0349 13.25 4.5
      vertex 32.5072 12.4 4.5
      vertex 31.2166 13.5219 4.5
    endloop
  endfacet
  facet normal 0 0 1
    outer loop
      vertex 32.8939 11.2609 4.5
      vertex 32.2433 9.6903 4.5
      vertex 32.553 9.58519 4.5
    endloop
  endfacet
  facet normal 0 0 1
    outer loop
      vertex 32.5072 12.4 4.5
      vertex 31.0349 13.25 4.5
      vertex 32.4609 12.3061 4.5
    endloop
  endfacet
  facet normal 0 0 1
    outer loop
      vertex 32.8 11.3072 4.5
      vertex 31.95 9.83494 4.5
      vertex 32.2433 9.6903 4.5
    endloop
  endfacet
  facet normal -0 0 1
    outer loop
      vertex 30.8903 12.9567 4.5
      vertex 32.4609 12.3061 4.5
      vertex 31.0349 13.25 4.5
    endloop
  endfacet
  facet normal 0 0 1
    outer loop
      vertex 32.713 11.3653 4.5
      vertex 31.6781 10.0166 4.5
      vertex 31.95 9.83494 4.5
    endloop
  endfacet
  facet normal 0 0 1
    outer loop
      vertex 32.4609 12.3061 4.5
      vertex 30.8903 12.9567 4.5
      vertex 32.4273 12.2071 4.5
    endloop
  endfacet
  facet normal 0 0 1
    outer loop
      vertex 32.6343 11.4343 4.5
      vertex 31.4322 10.2322 4.5
      vertex 31.6781 10.0166 4.5
    endloop
  endfacet
  facet normal -0 0 1
    outer loop
      vertex 30.7852 12.647 4.5
      vertex 32.4273 12.2071 4.5
      vertex 30.8903 12.9567 4.5
    endloop
  endfacet
  facet normal 0 0 1
    outer loop
      vertex 32.5653 11.513 4.5
      vertex 31.2166 10.4781 4.5
      vertex 31.4322 10.2322 4.5
    endloop
  endfacet
  facet normal 0 0 1
    outer loop
      vertex 32.4273 12.2071 4.5
      vertex 30.7852 12.647 4.5
      vertex 32.4068 12.1044 4.5
    endloop
  endfacet
  facet normal 0 0 1
    outer loop
      vertex 32.5072 11.6 4.5
      vertex 31.0349 10.75 4.5
      vertex 31.2166 10.4781 4.5
    endloop
  endfacet
  facet normal -0 0 1
    outer loop
      vertex 30.7214 12.3263 4.5
      vertex 32.4068 12.1044 4.5
      vertex 30.7852 12.647 4.5
    endloop
  endfacet
  facet normal 0 0 1
    outer loop
      vertex 32.4609 11.6939 4.5
      vertex 30.8903 11.0433 4.5
      vertex 31.0349 10.75 4.5
    endloop
  endfacet
  facet normal 0 0 1
    outer loop
      vertex 32.4068 12.1044 4.5
      vertex 30.7214 12.3263 4.5
      vertex 32.4 12 4.5
    endloop
  endfacet
  facet normal 0 0 1
    outer loop
      vertex 32.4273 11.7929 4.5
      vertex 30.7852 11.353 4.5
      vertex 30.8903 11.0433 4.5
    endloop
  endfacet
  facet normal 0 0 1
    outer loop
      vertex 30.7 12 4.5
      vertex 32.4 12 4.5
      vertex 30.7214 12.3263 4.5
    endloop
  endfacet
  facet normal 0 0 1
    outer loop
      vertex 32.4068 11.8956 4.5
      vertex 30.7214 11.6737 4.5
      vertex 30.7852 11.353 4.5
    endloop
  endfacet
  facet normal 0 0 1
    outer loop
      vertex 32.4 12 4.5
      vertex 30.7 12 4.5
      vertex 30.7214 11.6737 4.5
    endloop
  endfacet
  facet normal 0.555617 0.831438 -0
    outer loop
      vertex 34.7219 13.9834 3
      vertex 34.45 14.1651 4.5
      vertex 34.7219 13.9834 4.5
    endloop
  endfacet
  facet normal 0.555617 0.831438 0
    outer loop
      vertex 34.45 14.1651 4.5
      vertex 34.7219 13.9834 3
      vertex 34.45 14.1651 3
    endloop
  endfacet
  facet normal -0.946957 -0.32136 0
    outer loop
      vertex 30.8903 11.0433 3
      vertex 30.7852 11.353 4.5
      vertex 30.7852 11.353 3
    endloop
  endfacet
  facet normal -0.946957 -0.32136 0
    outer loop
      vertex 30.7852 11.353 4.5
      vertex 30.8903 11.0433 3
      vertex 30.8903 11.0433 4.5
    endloop
  endfacet
  facet normal 0.831438 -0.555617 0
    outer loop
      vertex 35.1834 10.4781 4.5
      vertex 35.3651 10.75 3
      vertex 35.3651 10.75 4.5
    endloop
  endfacet
  facet normal 0.831438 -0.555617 0
    outer loop
      vertex 35.3651 10.75 3
      vertex 35.1834 10.4781 4.5
      vertex 35.1834 10.4781 3
    endloop
  endfacet
  facet normal 0.98078 -0.195116 0
    outer loop
      vertex 35.6148 11.353 4.5
      vertex 35.6786 11.6737 3
      vertex 35.6786 11.6737 4.5
    endloop
  endfacet
  facet normal 0.98078 -0.195116 0
    outer loop
      vertex 35.6786 11.6737 3
      vertex 35.6148 11.353 4.5
      vertex 35.6148 11.353 3
    endloop
  endfacet
  facet normal -0.442191 0.896921 0
    outer loop
      vertex 32.2433 14.3097 3
      vertex 31.95 14.1651 4.5
      vertex 32.2433 14.3097 4.5
    endloop
  endfacet
  facet normal -0.442191 0.896921 0
    outer loop
      vertex 31.95 14.1651 4.5
      vertex 32.2433 14.3097 3
      vertex 31.95 14.1651 3
    endloop
  endfacet
  facet normal 0.896921 -0.442191 0
    outer loop
      vertex 35.3651 10.75 4.5
      vertex 35.5097 11.0433 3
      vertex 35.5097 11.0433 4.5
    endloop
  endfacet
  facet normal 0.896921 -0.442191 0
    outer loop
      vertex 35.5097 11.0433 3
      vertex 35.3651 10.75 4.5
      vertex 35.3651 10.75 3
    endloop
  endfacet
  facet normal -0.555533 -0.831495 0
    outer loop
      vertex 31.6781 10.0166 3
      vertex 31.95 9.83494 4.5
      vertex 31.6781 10.0166 4.5
    endloop
  endfacet
  facet normal -0.555533 -0.831495 -0
    outer loop
      vertex 31.95 9.83494 4.5
      vertex 31.6781 10.0166 3
      vertex 31.95 9.83494 3
    endloop
  endfacet
  facet normal 0.44229 -0.896872 0
    outer loop
      vertex 34.1567 9.6903 3
      vertex 34.45 9.83494 4.5
      vertex 34.1567 9.6903 4.5
    endloop
  endfacet
  facet normal 0.44229 -0.896872 0
    outer loop
      vertex 34.45 9.83494 4.5
      vertex 34.1567 9.6903 3
      vertex 34.45 9.83494 3
    endloop
  endfacet
  facet normal -0.997856 0.0654432 0
    outer loop
      vertex 30.7 12 3
      vertex 30.7214 12.3263 4.5
      vertex 30.7214 12.3263 3
    endloop
  endfacet
  facet normal -0.997856 0.0654432 0
    outer loop
      vertex 30.7214 12.3263 4.5
      vertex 30.7 12 3
      vertex 30.7 12 4.5
    endloop
  endfacet
  facet normal -0.659262 -0.751913 0
    outer loop
      vertex 31.4322 10.2322 3
      vertex 31.6781 10.0166 4.5
      vertex 31.4322 10.2322 4.5
    endloop
  endfacet
  facet normal -0.659262 -0.751913 -0
    outer loop
      vertex 31.6781 10.0166 4.5
      vertex 31.4322 10.2322 3
      vertex 31.6781 10.0166 3
    endloop
  endfacet
  facet normal 0.659262 -0.751913 0
    outer loop
      vertex 34.7219 10.0166 3
      vertex 34.9678 10.2322 4.5
      vertex 34.7219 10.0166 4.5
    endloop
  endfacet
  facet normal 0.659262 -0.751913 0
    outer loop
      vertex 34.9678 10.2322 4.5
      vertex 34.7219 10.0166 3
      vertex 34.9678 10.2322 3
    endloop
  endfacet
  facet normal 0.751913 -0.659262 0
    outer loop
      vertex 34.9678 10.2322 4.5
      vertex 35.1834 10.4781 3
      vertex 35.1834 10.4781 4.5
    endloop
  endfacet
  facet normal 0.751913 -0.659262 0
    outer loop
      vertex 35.1834 10.4781 3
      vertex 34.9678 10.2322 4.5
      vertex 34.9678 10.2322 3
    endloop
  endfacet
  facet normal 0.32136 0.946957 -0
    outer loop
      vertex 34.1567 14.3097 3
      vertex 33.847 14.4148 4.5
      vertex 34.1567 14.3097 4.5
    endloop
  endfacet
  facet normal 0.32136 0.946957 0
    outer loop
      vertex 33.847 14.4148 4.5
      vertex 34.1567 14.3097 3
      vertex 33.847 14.4148 3
    endloop
  endfacet
  facet normal 0.896921 0.442191 0
    outer loop
      vertex 35.5097 12.9567 4.5
      vertex 35.3651 13.25 3
      vertex 35.3651 13.25 4.5
    endloop
  endfacet
  facet normal 0.896921 0.442191 0
    outer loop
      vertex 35.3651 13.25 3
      vertex 35.5097 12.9567 4.5
      vertex 35.5097 12.9567 3
    endloop
  endfacet
  facet normal 0.751913 0.659262 0
    outer loop
      vertex 35.1834 13.5219 4.5
      vertex 34.9678 13.7678 3
      vertex 34.9678 13.7678 4.5
    endloop
  endfacet
  facet normal 0.751913 0.659262 0
    outer loop
      vertex 34.9678 13.7678 3
      vertex 35.1834 13.5219 4.5
      vertex 35.1834 13.5219 3
    endloop
  endfacet
  facet normal 0.946957 0.32136 0
    outer loop
      vertex 35.6148 12.647 4.5
      vertex 35.5097 12.9567 3
      vertex 35.5097 12.9567 4.5
    endloop
  endfacet
  facet normal 0.946957 0.32136 0
    outer loop
      vertex 35.5097 12.9567 3
      vertex 35.6148 12.647 4.5
      vertex 35.6148 12.647 3
    endloop
  endfacet
  facet normal 0.321387 -0.946948 0
    outer loop
      vertex 33.847 9.58519 3
      vertex 34.1567 9.6903 4.5
      vertex 33.847 9.58519 4.5
    endloop
  endfacet
  facet normal 0.321387 -0.946948 0
    outer loop
      vertex 34.1567 9.6903 4.5
      vertex 33.847 9.58519 3
      vertex 34.1567 9.6903 3
    endloop
  endfacet
  facet normal -0.321387 -0.946948 0
    outer loop
      vertex 32.2433 9.6903 3
      vertex 32.553 9.58519 4.5
      vertex 32.2433 9.6903 4.5
    endloop
  endfacet
  facet normal -0.321387 -0.946948 -0
    outer loop
      vertex 32.553 9.58519 4.5
      vertex 32.2433 9.6903 3
      vertex 32.553 9.58519 3
    endloop
  endfacet
  facet normal -0.946957 0.32136 0
    outer loop
      vertex 30.7852 12.647 3
      vertex 30.8903 12.9567 4.5
      vertex 30.8903 12.9567 3
    endloop
  endfacet
  facet normal -0.946957 0.32136 0
    outer loop
      vertex 30.8903 12.9567 4.5
      vertex 30.7852 12.647 3
      vertex 30.7852 12.647 4.5
    endloop
  endfacet
  facet normal -0.44224 0.896897 0
    outer loop
      vertex -32.8 -12.6928 1
      vertex -32.8939 -12.7391 4.5
      vertex -32.8 -12.6928 4.5
    endloop
  endfacet
  facet normal -0.44224 0.896897 0
    outer loop
      vertex -32.8939 -12.7391 4.5
      vertex -32.8 -12.6928 1
      vertex -32.8939 -12.7391 1
    endloop
  endfacet
  facet normal -0.751925 -0.659248 0
    outer loop
      vertex -32.5653 -11.513 1
      vertex -32.6343 -11.4343 4.5
      vertex -32.6343 -11.4343 1
    endloop
  endfacet
  facet normal -0.751925 -0.659248 0
    outer loop
      vertex -32.6343 -11.4343 4.5
      vertex -32.5653 -11.513 1
      vertex -32.5653 -11.513 4.5
    endloop
  endfacet
  facet normal -0.980654 -0.195749 0
    outer loop
      vertex -32.4068 -11.8956 1
      vertex -32.4273 -11.7929 4.5
      vertex -32.4273 -11.7929 1
    endloop
  endfacet
  facet normal -0.980654 -0.195749 0
    outer loop
      vertex -32.4273 -11.7929 4.5
      vertex -32.4068 -11.8956 1
      vertex -32.4068 -11.8956 4.5
    endloop
  endfacet
  facet normal -0.997886 -0.0649964 0
    outer loop
      vertex -32.4 -12 1
      vertex -32.4068 -11.8956 4.5
      vertex -32.4068 -11.8956 1
    endloop
  endfacet
  facet normal -0.997886 -0.0649964 0
    outer loop
      vertex -32.4068 -11.8956 4.5
      vertex -32.4 -12 1
      vertex -32.4 -12 4.5
    endloop
  endfacet
  facet normal -0.946948 -0.321388 0
    outer loop
      vertex -32.4273 -11.7929 1
      vertex -32.4609 -11.6939 4.5
      vertex -32.4609 -11.6939 1
    endloop
  endfacet
  facet normal -0.946948 -0.321388 0
    outer loop
      vertex -32.4609 -11.6939 4.5
      vertex -32.4273 -11.7929 1
      vertex -32.4273 -11.7929 4.5
    endloop
  endfacet
  facet normal -0.831609 -0.555362 0
    outer loop
      vertex -32.5072 -11.6 1
      vertex -32.5653 -11.513 4.5
      vertex -32.5653 -11.513 1
    endloop
  endfacet
  facet normal -0.831609 -0.555362 0
    outer loop
      vertex -32.5653 -11.513 4.5
      vertex -32.5072 -11.6 1
      vertex -32.5072 -11.6 4.5
    endloop
  endfacet
  facet normal -0.321388 -0.946948 0
    outer loop
      vertex -32.9929 -11.2273 1
      vertex -32.8939 -11.2609 4.5
      vertex -32.9929 -11.2273 4.5
    endloop
  endfacet
  facet normal -0.321388 -0.946948 -0
    outer loop
      vertex -32.8939 -11.2609 4.5
      vertex -32.9929 -11.2273 1
      vertex -32.8939 -11.2609 1
    endloop
  endfacet
  facet normal -0.831609 0.555362 0
    outer loop
      vertex -32.5653 -12.487 1
      vertex -32.5072 -12.4 4.5
      vertex -32.5072 -12.4 1
    endloop
  endfacet
  facet normal -0.831609 0.555362 0
    outer loop
      vertex -32.5072 -12.4 4.5
      vertex -32.5653 -12.487 1
      vertex -32.5653 -12.487 4.5
    endloop
  endfacet
  facet normal 0.0649964 0.997886 -0
    outer loop
      vertex -33.2 -12.8 1
      vertex -33.3044 -12.7932 4.5
      vertex -33.2 -12.8 4.5
    endloop
  endfacet
  facet normal 0.0649964 0.997886 0
    outer loop
      vertex -33.3044 -12.7932 4.5
      vertex -33.2 -12.8 1
      vertex -33.3044 -12.7932 1
    endloop
  endfacet
  facet normal -0.997886 0.0649964 0
    outer loop
      vertex -32.4068 -12.1044 1
      vertex -32.4 -12 4.5
      vertex -32.4 -12 1
    endloop
  endfacet
  facet normal -0.997886 0.0649964 0
    outer loop
      vertex -32.4 -12 4.5
      vertex -32.4068 -12.1044 1
      vertex -32.4068 -12.1044 4.5
    endloop
  endfacet
  facet normal -0.896897 -0.44224 0
    outer loop
      vertex -32.4609 -11.6939 1
      vertex -32.5072 -11.6 4.5
      vertex -32.5072 -11.6 1
    endloop
  endfacet
  facet normal -0.896897 -0.44224 0
    outer loop
      vertex -32.5072 -11.6 4.5
      vertex -32.4609 -11.6939 1
      vertex -32.4609 -11.6939 4.5
    endloop
  endfacet
  facet normal -0.896897 0.44224 0
    outer loop
      vertex -32.5072 -12.4 1
      vertex -32.4609 -12.3061 4.5
      vertex -32.4609 -12.3061 1
    endloop
  endfacet
  facet normal -0.896897 0.44224 0
    outer loop
      vertex -32.4609 -12.3061 4.5
      vertex -32.5072 -12.4 1
      vertex -32.5072 -12.4 4.5
    endloop
  endfacet
  facet normal 0 0 1
    outer loop
      vertex -32.4068 -11.8956 1
      vertex -32.4068 -12.1044 1
      vertex -32.4 -12 1
    endloop
  endfacet
  facet normal 0 0 1
    outer loop
      vertex -32.4273 -11.7929 1
      vertex -32.4068 -12.1044 1
      vertex -32.4068 -11.8956 1
    endloop
  endfacet
  facet normal 0 0 1
    outer loop
      vertex -32.4273 -11.7929 1
      vertex -32.4273 -12.2071 1
      vertex -32.4068 -12.1044 1
    endloop
  endfacet
  facet normal 0 0 1
    outer loop
      vertex -32.4609 -11.6939 1
      vertex -32.4273 -12.2071 1
      vertex -32.4273 -11.7929 1
    endloop
  endfacet
  facet normal 0 0 1
    outer loop
      vertex -32.4609 -11.6939 1
      vertex -32.4609 -12.3061 1
      vertex -32.4273 -12.2071 1
    endloop
  endfacet
  facet normal 0 0 1
    outer loop
      vertex -32.5072 -11.6 1
      vertex -32.4609 -12.3061 1
      vertex -32.4609 -11.6939 1
    endloop
  endfacet
  facet normal 0 0 1
    outer loop
      vertex -32.5072 -11.6 1
      vertex -32.5072 -12.4 1
      vertex -32.4609 -12.3061 1
    endloop
  endfacet
  facet normal 0 0 1
    outer loop
      vertex -32.5653 -11.513 1
      vertex -32.5072 -12.4 1
      vertex -32.5072 -11.6 1
    endloop
  endfacet
  facet normal 0 0 1
    outer loop
      vertex -32.5653 -11.513 1
      vertex -32.5653 -12.487 1
      vertex -32.5072 -12.4 1
    endloop
  endfacet
  facet normal 0 0 1
    outer loop
      vertex -32.6343 -11.4343 1
      vertex -32.5653 -12.487 1
      vertex -32.5653 -11.513 1
    endloop
  endfacet
  facet normal 0 0 1
    outer loop
      vertex -32.6343 -11.4343 1
      vertex -32.6343 -12.5657 1
      vertex -32.5653 -12.487 1
    endloop
  endfacet
  facet normal 0 0 1
    outer loop
      vertex -32.713 -11.3653 1
      vertex -32.6343 -12.5657 1
      vertex -32.6343 -11.4343 1
    endloop
  endfacet
  facet normal 0 0 1
    outer loop
      vertex -32.713 -11.3653 1
      vertex -32.713 -12.6347 1
      vertex -32.6343 -12.5657 1
    endloop
  endfacet
  facet normal 0 0 1
    outer loop
      vertex -32.8 -11.3072 1
      vertex -32.713 -12.6347 1
      vertex -32.713 -11.3653 1
    endloop
  endfacet
  facet normal 0 0 1
    outer loop
      vertex -32.8 -11.3072 1
      vertex -32.8 -12.6928 1
      vertex -32.713 -12.6347 1
    endloop
  endfacet
  facet normal 0 0 1
    outer loop
      vertex -32.8939 -11.2609 1
      vertex -32.8 -12.6928 1
      vertex -32.8 -11.3072 1
    endloop
  endfacet
  facet normal 0 0 1
    outer loop
      vertex -32.8939 -11.2609 1
      vertex -32.8939 -12.7391 1
      vertex -32.8 -12.6928 1
    endloop
  endfacet
  facet normal 0 0 1
    outer loop
      vertex -32.9929 -11.2273 1
      vertex -32.8939 -12.7391 1
      vertex -32.8939 -11.2609 1
    endloop
  endfacet
  facet normal 0 0 1
    outer loop
      vertex -32.9929 -11.2273 1
      vertex -32.9929 -12.7727 1
      vertex -32.8939 -12.7391 1
    endloop
  endfacet
  facet normal 0 0 1
    outer loop
      vertex -33.0956 -11.2068 1
      vertex -32.9929 -12.7727 1
      vertex -32.9929 -11.2273 1
    endloop
  endfacet
  facet normal 0 0 1
    outer loop
      vertex -33.0956 -11.2068 1
      vertex -33.0956 -12.7932 1
      vertex -32.9929 -12.7727 1
    endloop
  endfacet
  facet normal 0 0 1
    outer loop
      vertex -33.2 -11.2 1
      vertex -33.0956 -12.7932 1
      vertex -33.0956 -11.2068 1
    endloop
  endfacet
  facet normal 0 0 1
    outer loop
      vertex -33.2 -11.2 1
      vertex -33.2 -12.8 1
      vertex -33.0956 -12.7932 1
    endloop
  endfacet
  facet normal -0 0 1
    outer loop
      vertex -33.3044 -11.2068 1
      vertex -33.2 -12.8 1
      vertex -33.2 -11.2 1
    endloop
  endfacet
  facet normal 0 0 1
    outer loop
      vertex -33.3044 -11.2068 1
      vertex -33.3044 -12.7932 1
      vertex -33.2 -12.8 1
    endloop
  endfacet
  facet normal -0 0 1
    outer loop
      vertex -33.4071 -11.2273 1
      vertex -33.3044 -12.7932 1
      vertex -33.3044 -11.2068 1
    endloop
  endfacet
  facet normal 0 0 1
    outer loop
      vertex -33.4071 -11.2273 1
      vertex -33.4071 -12.7727 1
      vertex -33.3044 -12.7932 1
    endloop
  endfacet
  facet normal -0 0 1
    outer loop
      vertex -33.5061 -11.2609 1
      vertex -33.4071 -12.7727 1
      vertex -33.4071 -11.2273 1
    endloop
  endfacet
  facet normal 0 0 1
    outer loop
      vertex -33.5061 -11.2609 1
      vertex -33.5061 -12.7391 1
      vertex -33.4071 -12.7727 1
    endloop
  endfacet
  facet normal -0 0 1
    outer loop
      vertex -33.6 -11.3072 1
      vertex -33.5061 -12.7391 1
      vertex -33.5061 -11.2609 1
    endloop
  endfacet
  facet normal 0 0 1
    outer loop
      vertex -33.6 -11.3072 1
      vertex -33.6 -12.6928 1
      vertex -33.5061 -12.7391 1
    endloop
  endfacet
  facet normal -0 0 1
    outer loop
      vertex -33.687 -11.3653 1
      vertex -33.6 -12.6928 1
      vertex -33.6 -11.3072 1
    endloop
  endfacet
  facet normal 0 0 1
    outer loop
      vertex -33.687 -11.3653 1
      vertex -33.687 -12.6347 1
      vertex -33.6 -12.6928 1
    endloop
  endfacet
  facet normal -0 0 1
    outer loop
      vertex -33.7657 -11.4343 1
      vertex -33.687 -12.6347 1
      vertex -33.687 -11.3653 1
    endloop
  endfacet
  facet normal 0 0 1
    outer loop
      vertex -33.7657 -11.4343 1
      vertex -33.7657 -12.5657 1
      vertex -33.687 -12.6347 1
    endloop
  endfacet
  facet normal -0 0 1
    outer loop
      vertex -33.8347 -11.513 1
      vertex -33.7657 -12.5657 1
      vertex -33.7657 -11.4343 1
    endloop
  endfacet
  facet normal 0 0 1
    outer loop
      vertex -33.8347 -11.513 1
      vertex -33.8347 -12.487 1
      vertex -33.7657 -12.5657 1
    endloop
  endfacet
  facet normal -0 0 1
    outer loop
      vertex -33.8928 -11.6 1
      vertex -33.8347 -12.487 1
      vertex -33.8347 -11.513 1
    endloop
  endfacet
  facet normal 0 0 1
    outer loop
      vertex -33.8928 -11.6 1
      vertex -33.8928 -12.4 1
      vertex -33.8347 -12.487 1
    endloop
  endfacet
  facet normal -0 0 1
    outer loop
      vertex -33.9391 -11.6939 1
      vertex -33.8928 -12.4 1
      vertex -33.8928 -11.6 1
    endloop
  endfacet
  facet normal 0 0 1
    outer loop
      vertex -33.9391 -11.6939 1
      vertex -33.9391 -12.3061 1
      vertex -33.8928 -12.4 1
    endloop
  endfacet
  facet normal -0 0 1
    outer loop
      vertex -33.9727 -11.7929 1
      vertex -33.9391 -12.3061 1
      vertex -33.9391 -11.6939 1
    endloop
  endfacet
  facet normal 0 0 1
    outer loop
      vertex -33.9727 -11.7929 1
      vertex -33.9727 -12.2071 1
      vertex -33.9391 -12.3061 1
    endloop
  endfacet
  facet normal -0 0 1
    outer loop
      vertex -33.9932 -11.8956 1
      vertex -33.9727 -12.2071 1
      vertex -33.9727 -11.7929 1
    endloop
  endfacet
  facet normal 0 0 1
    outer loop
      vertex -33.9932 -11.8956 1
      vertex -33.9932 -12.1044 1
      vertex -33.9727 -12.2071 1
    endloop
  endfacet
  facet normal 0 -0 1
    outer loop
      vertex -33.9932 -12.1044 1
      vertex -33.9932 -11.8956 1
      vertex -34 -12 1
    endloop
  endfacet
  facet normal -0.946948 0.321388 0
    outer loop
      vertex -32.4609 -12.3061 1
      vertex -32.4273 -12.2071 4.5
      vertex -32.4273 -12.2071 1
    endloop
  endfacet
  facet normal -0.946948 0.321388 0
    outer loop
      vertex -32.4273 -12.2071 4.5
      vertex -32.4609 -12.3061 1
      vertex -32.4609 -12.3061 4.5
    endloop
  endfacet
  facet normal 0.751925 0.659248 0
    outer loop
      vertex -33.7657 -12.5657 4.5
      vertex -33.8347 -12.487 1
      vertex -33.8347 -12.487 4.5
    endloop
  endfacet
  facet normal 0.751925 0.659248 0
    outer loop
      vertex -33.8347 -12.487 1
      vertex -33.7657 -12.5657 4.5
      vertex -33.7657 -12.5657 1
    endloop
  endfacet
  facet normal -0.980654 0.195749 0
    outer loop
      vertex -32.4273 -12.2071 1
      vertex -32.4068 -12.1044 4.5
      vertex -32.4068 -12.1044 1
    endloop
  endfacet
  facet normal -0.980654 0.195749 0
    outer loop
      vertex -32.4068 -12.1044 4.5
      vertex -32.4273 -12.2071 1
      vertex -32.4273 -12.2071 4.5
    endloop
  endfacet
  facet normal 0.659248 -0.751925 0
    outer loop
      vertex -33.7657 -11.4343 1
      vertex -33.687 -11.3653 4.5
      vertex -33.7657 -11.4343 4.5
    endloop
  endfacet
  facet normal 0.659248 -0.751925 0
    outer loop
      vertex -33.687 -11.3653 4.5
      vertex -33.7657 -11.4343 1
      vertex -33.687 -11.3653 1
    endloop
  endfacet
  facet normal 0.195749 -0.980654 0
    outer loop
      vertex -33.4071 -11.2273 1
      vertex -33.3044 -11.2068 4.5
      vertex -33.4071 -11.2273 4.5
    endloop
  endfacet
  facet normal 0.195749 -0.980654 0
    outer loop
      vertex -33.3044 -11.2068 4.5
      vertex -33.4071 -11.2273 1
      vertex -33.3044 -11.2068 1
    endloop
  endfacet
  facet normal -0.44224 -0.896897 0
    outer loop
      vertex -32.8939 -11.2609 1
      vertex -32.8 -11.3072 4.5
      vertex -32.8939 -11.2609 4.5
    endloop
  endfacet
  facet normal -0.44224 -0.896897 -0
    outer loop
      vertex -32.8 -11.3072 4.5
      vertex -32.8939 -11.2609 1
      vertex -32.8 -11.3072 1
    endloop
  endfacet
  facet normal 0.44224 -0.896897 0
    outer loop
      vertex -33.6 -11.3072 1
      vertex -33.5061 -11.2609 4.5
      vertex -33.6 -11.3072 4.5
    endloop
  endfacet
  facet normal 0.44224 -0.896897 0
    outer loop
      vertex -33.5061 -11.2609 4.5
      vertex -33.6 -11.3072 1
      vertex -33.5061 -11.2609 1
    endloop
  endfacet
  facet normal -0.659248 -0.751925 0
    outer loop
      vertex -32.713 -11.3653 1
      vertex -32.6343 -11.4343 4.5
      vertex -32.713 -11.3653 4.5
    endloop
  endfacet
  facet normal -0.659248 -0.751925 -0
    outer loop
      vertex -32.6343 -11.4343 4.5
      vertex -32.713 -11.3653 1
      vertex -32.6343 -11.4343 1
    endloop
  endfacet
  facet normal -0.321388 0.946948 0
    outer loop
      vertex -32.8939 -12.7391 1
      vertex -32.9929 -12.7727 4.5
      vertex -32.8939 -12.7391 4.5
    endloop
  endfacet
  facet normal -0.321388 0.946948 0
    outer loop
      vertex -32.9929 -12.7727 4.5
      vertex -32.8939 -12.7391 1
      vertex -32.9929 -12.7727 1
    endloop
  endfacet
  facet normal 0.980654 0.195749 0
    outer loop
      vertex -33.9727 -12.2071 4.5
      vertex -33.9932 -12.1044 1
      vertex -33.9932 -12.1044 4.5
    endloop
  endfacet
  facet normal 0.980654 0.195749 0
    outer loop
      vertex -33.9932 -12.1044 1
      vertex -33.9727 -12.2071 4.5
      vertex -33.9727 -12.2071 1
    endloop
  endfacet
  facet normal 0.659248 0.751925 -0
    outer loop
      vertex -33.687 -12.6347 1
      vertex -33.7657 -12.5657 4.5
      vertex -33.687 -12.6347 4.5
    endloop
  endfacet
  facet normal 0.659248 0.751925 0
    outer loop
      vertex -33.7657 -12.5657 4.5
      vertex -33.687 -12.6347 1
      vertex -33.7657 -12.5657 1
    endloop
  endfacet
  facet normal 0.896897 0.44224 0
    outer loop
      vertex -33.8928 -12.4 4.5
      vertex -33.9391 -12.3061 1
      vertex -33.9391 -12.3061 4.5
    endloop
  endfacet
  facet normal 0.896897 0.44224 0
    outer loop
      vertex -33.9391 -12.3061 1
      vertex -33.8928 -12.4 4.5
      vertex -33.8928 -12.4 1
    endloop
  endfacet
  facet normal 0.555362 -0.831609 0
    outer loop
      vertex -33.687 -11.3653 1
      vertex -33.6 -11.3072 4.5
      vertex -33.687 -11.3653 4.5
    endloop
  endfacet
  facet normal 0.555362 -0.831609 0
    outer loop
      vertex -33.6 -11.3072 4.5
      vertex -33.687 -11.3653 1
      vertex -33.6 -11.3072 1
    endloop
  endfacet
  facet normal -0.751925 0.659248 0
    outer loop
      vertex -32.6343 -12.5657 1
      vertex -32.5653 -12.487 4.5
      vertex -32.5653 -12.487 1
    endloop
  endfacet
  facet normal -0.751925 0.659248 0
    outer loop
      vertex -32.5653 -12.487 4.5
      vertex -32.6343 -12.5657 1
      vertex -32.6343 -12.5657 4.5
    endloop
  endfacet
  facet normal -0.195749 -0.980654 0
    outer loop
      vertex -33.0956 -11.2068 1
      vertex -32.9929 -11.2273 4.5
      vertex -33.0956 -11.2068 4.5
    endloop
  endfacet
  facet normal -0.195749 -0.980654 -0
    outer loop
      vertex -32.9929 -11.2273 4.5
      vertex -33.0956 -11.2068 1
      vertex -32.9929 -11.2273 1
    endloop
  endfacet
  facet normal -0.555362 0.831609 0
    outer loop
      vertex -32.713 -12.6347 1
      vertex -32.8 -12.6928 4.5
      vertex -32.713 -12.6347 4.5
    endloop
  endfacet
  facet normal -0.555362 0.831609 0
    outer loop
      vertex -32.8 -12.6928 4.5
      vertex -32.713 -12.6347 1
      vertex -32.8 -12.6928 1
    endloop
  endfacet
  facet normal -0.0649964 -0.997886 0
    outer loop
      vertex -33.2 -11.2 1
      vertex -33.0956 -11.2068 4.5
      vertex -33.2 -11.2 4.5
    endloop
  endfacet
  facet normal -0.0649964 -0.997886 -0
    outer loop
      vertex -33.0956 -11.2068 4.5
      vertex -33.2 -11.2 1
      vertex -33.0956 -11.2068 1
    endloop
  endfacet
  facet normal -0.195749 0.980654 0
    outer loop
      vertex -32.9929 -12.7727 1
      vertex -33.0956 -12.7932 4.5
      vertex -32.9929 -12.7727 4.5
    endloop
  endfacet
  facet normal -0.195749 0.980654 0
    outer loop
      vertex -33.0956 -12.7932 4.5
      vertex -32.9929 -12.7727 1
      vertex -33.0956 -12.7932 1
    endloop
  endfacet
  facet normal -0.0649964 0.997886 0
    outer loop
      vertex -33.0956 -12.7932 1
      vertex -33.2 -12.8 4.5
      vertex -33.0956 -12.7932 4.5
    endloop
  endfacet
  facet normal -0.0649964 0.997886 0
    outer loop
      vertex -33.2 -12.8 4.5
      vertex -33.0956 -12.7932 1
      vertex -33.2 -12.8 1
    endloop
  endfacet
  facet normal 0.321388 -0.946948 0
    outer loop
      vertex -33.5061 -11.2609 1
      vertex -33.4071 -11.2273 4.5
      vertex -33.5061 -11.2609 4.5
    endloop
  endfacet
  facet normal 0.321388 -0.946948 0
    outer loop
      vertex -33.4071 -11.2273 4.5
      vertex -33.5061 -11.2609 1
      vertex -33.4071 -11.2273 1
    endloop
  endfacet
  facet normal 0.980654 -0.195749 0
    outer loop
      vertex -33.9932 -11.8956 4.5
      vertex -33.9727 -11.7929 1
      vertex -33.9727 -11.7929 4.5
    endloop
  endfacet
  facet normal 0.980654 -0.195749 0
    outer loop
      vertex -33.9727 -11.7929 1
      vertex -33.9932 -11.8956 4.5
      vertex -33.9932 -11.8956 1
    endloop
  endfacet
  facet normal 0.555362 0.831609 -0
    outer loop
      vertex -33.6 -12.6928 1
      vertex -33.687 -12.6347 4.5
      vertex -33.6 -12.6928 4.5
    endloop
  endfacet
  facet normal 0.555362 0.831609 0
    outer loop
      vertex -33.687 -12.6347 4.5
      vertex -33.6 -12.6928 1
      vertex -33.687 -12.6347 1
    endloop
  endfacet
  facet normal 0.946948 -0.321388 0
    outer loop
      vertex -33.9727 -11.7929 4.5
      vertex -33.9391 -11.6939 1
      vertex -33.9391 -11.6939 4.5
    endloop
  endfacet
  facet normal 0.946948 -0.321388 0
    outer loop
      vertex -33.9391 -11.6939 1
      vertex -33.9727 -11.7929 4.5
      vertex -33.9727 -11.7929 1
    endloop
  endfacet
  facet normal 0.321388 0.946948 -0
    outer loop
      vertex -33.4071 -12.7727 1
      vertex -33.5061 -12.7391 4.5
      vertex -33.4071 -12.7727 4.5
    endloop
  endfacet
  facet normal 0.321388 0.946948 0
    outer loop
      vertex -33.5061 -12.7391 4.5
      vertex -33.4071 -12.7727 1
      vertex -33.5061 -12.7391 1
    endloop
  endfacet
  facet normal 0.896897 -0.44224 0
    outer loop
      vertex -33.9391 -11.6939 4.5
      vertex -33.8928 -11.6 1
      vertex -33.8928 -11.6 4.5
    endloop
  endfacet
  facet normal 0.896897 -0.44224 0
    outer loop
      vertex -33.8928 -11.6 1
      vertex -33.9391 -11.6939 4.5
      vertex -33.9391 -11.6939 1
    endloop
  endfacet
  facet normal -0.555362 -0.831609 0
    outer loop
      vertex -32.8 -11.3072 1
      vertex -32.713 -11.3653 4.5
      vertex -32.8 -11.3072 4.5
    endloop
  endfacet
  facet normal -0.555362 -0.831609 -0
    outer loop
      vertex -32.713 -11.3653 4.5
      vertex -32.8 -11.3072 1
      vertex -32.713 -11.3653 1
    endloop
  endfacet
  facet normal 0.195749 0.980654 -0
    outer loop
      vertex -33.3044 -12.7932 1
      vertex -33.4071 -12.7727 4.5
      vertex -33.3044 -12.7932 4.5
    endloop
  endfacet
  facet normal 0.195749 0.980654 0
    outer loop
      vertex -33.4071 -12.7727 4.5
      vertex -33.3044 -12.7932 1
      vertex -33.4071 -12.7727 1
    endloop
  endfacet
  facet normal 0.997886 0.0649964 0
    outer loop
      vertex -33.9932 -12.1044 4.5
      vertex -34 -12 1
      vertex -34 -12 4.5
    endloop
  endfacet
  facet normal 0.997886 0.0649964 0
    outer loop
      vertex -34 -12 1
      vertex -33.9932 -12.1044 4.5
      vertex -33.9932 -12.1044 1
    endloop
  endfacet
  facet normal 0.751925 -0.659248 0
    outer loop
      vertex -33.8347 -11.513 4.5
      vertex -33.7657 -11.4343 1
      vertex -33.7657 -11.4343 4.5
    endloop
  endfacet
  facet normal 0.751925 -0.659248 0
    outer loop
      vertex -33.7657 -11.4343 1
      vertex -33.8347 -11.513 4.5
      vertex -33.8347 -11.513 1
    endloop
  endfacet
  facet normal 0.946948 0.321388 0
    outer loop
      vertex -33.9391 -12.3061 4.5
      vertex -33.9727 -12.2071 1
      vertex -33.9727 -12.2071 4.5
    endloop
  endfacet
  facet normal 0.946948 0.321388 0
    outer loop
      vertex -33.9727 -12.2071 1
      vertex -33.9391 -12.3061 4.5
      vertex -33.9391 -12.3061 1
    endloop
  endfacet
  facet normal 0.997886 -0.0649964 0
    outer loop
      vertex -34 -12 4.5
      vertex -33.9932 -11.8956 1
      vertex -33.9932 -11.8956 4.5
    endloop
  endfacet
  facet normal 0.997886 -0.0649964 0
    outer loop
      vertex -33.9932 -11.8956 1
      vertex -34 -12 4.5
      vertex -34 -12 1
    endloop
  endfacet
  facet normal 0.0649964 -0.997886 0
    outer loop
      vertex -33.3044 -11.2068 1
      vertex -33.2 -11.2 4.5
      vertex -33.3044 -11.2068 4.5
    endloop
  endfacet
  facet normal 0.0649964 -0.997886 0
    outer loop
      vertex -33.2 -11.2 4.5
      vertex -33.3044 -11.2068 1
      vertex -33.2 -11.2 1
    endloop
  endfacet
  facet normal 0.44224 0.896897 -0
    outer loop
      vertex -33.5061 -12.7391 1
      vertex -33.6 -12.6928 4.5
      vertex -33.5061 -12.7391 4.5
    endloop
  endfacet
  facet normal 0.44224 0.896897 0
    outer loop
      vertex -33.6 -12.6928 4.5
      vertex -33.5061 -12.7391 1
      vertex -33.6 -12.6928 1
    endloop
  endfacet
  facet normal -0.659248 0.751925 0
    outer loop
      vertex -32.6343 -12.5657 1
      vertex -32.713 -12.6347 4.5
      vertex -32.6343 -12.5657 4.5
    endloop
  endfacet
  facet normal -0.659248 0.751925 0
    outer loop
      vertex -32.713 -12.6347 4.5
      vertex -32.6343 -12.5657 1
      vertex -32.713 -12.6347 1
    endloop
  endfacet
  facet normal 0.831609 -0.555362 0
    outer loop
      vertex -33.8928 -11.6 4.5
      vertex -33.8347 -11.513 1
      vertex -33.8347 -11.513 4.5
    endloop
  endfacet
  facet normal 0.831609 -0.555362 0
    outer loop
      vertex -33.8347 -11.513 1
      vertex -33.8928 -11.6 4.5
      vertex -33.8928 -11.6 1
    endloop
  endfacet
  facet normal 0.831609 0.555362 0
    outer loop
      vertex -33.8347 -12.487 4.5
      vertex -33.8928 -12.4 1
      vertex -33.8928 -12.4 4.5
    endloop
  endfacet
  facet normal 0.831609 0.555362 0
    outer loop
      vertex -33.8928 -12.4 1
      vertex -33.8347 -12.487 4.5
      vertex -33.8347 -12.487 1
    endloop
  endfacet
  facet normal -0.44224 0.896897 0
    outer loop
      vertex -32.8 11.3072 1
      vertex -32.8939 11.2609 4.5
      vertex -32.8 11.3072 4.5
    endloop
  endfacet
  facet normal -0.44224 0.896897 0
    outer loop
      vertex -32.8939 11.2609 4.5
      vertex -32.8 11.3072 1
      vertex -32.8939 11.2609 1
    endloop
  endfacet
  facet normal -0.751925 -0.659248 0
    outer loop
      vertex -32.5653 12.487 1
      vertex -32.6343 12.5657 4.5
      vertex -32.6343 12.5657 1
    endloop
  endfacet
  facet normal -0.751925 -0.659248 0
    outer loop
      vertex -32.6343 12.5657 4.5
      vertex -32.5653 12.487 1
      vertex -32.5653 12.487 4.5
    endloop
  endfacet
  facet normal -0.980654 -0.195749 0
    outer loop
      vertex -32.4068 12.1044 1
      vertex -32.4273 12.2071 4.5
      vertex -32.4273 12.2071 1
    endloop
  endfacet
  facet normal -0.980654 -0.195749 0
    outer loop
      vertex -32.4273 12.2071 4.5
      vertex -32.4068 12.1044 1
      vertex -32.4068 12.1044 4.5
    endloop
  endfacet
  facet normal -0.997886 -0.0649964 0
    outer loop
      vertex -32.4 12 1
      vertex -32.4068 12.1044 4.5
      vertex -32.4068 12.1044 1
    endloop
  endfacet
  facet normal -0.997886 -0.0649964 0
    outer loop
      vertex -32.4068 12.1044 4.5
      vertex -32.4 12 1
      vertex -32.4 12 4.5
    endloop
  endfacet
  facet normal -0.946948 -0.321388 0
    outer loop
      vertex -32.4273 12.2071 1
      vertex -32.4609 12.3061 4.5
      vertex -32.4609 12.3061 1
    endloop
  endfacet
  facet normal -0.946948 -0.321388 0
    outer loop
      vertex -32.4609 12.3061 4.5
      vertex -32.4273 12.2071 1
      vertex -32.4273 12.2071 4.5
    endloop
  endfacet
  facet normal 0.896897 0.44224 0
    outer loop
      vertex -33.8928 11.6 4.5
      vertex -33.9391 11.6939 1
      vertex -33.9391 11.6939 4.5
    endloop
  endfacet
  facet normal 0.896897 0.44224 0
    outer loop
      vertex -33.9391 11.6939 1
      vertex -33.8928 11.6 4.5
      vertex -33.8928 11.6 1
    endloop
  endfacet
  facet normal -0.831609 -0.555362 0
    outer loop
      vertex -32.5072 12.4 1
      vertex -32.5653 12.487 4.5
      vertex -32.5653 12.487 1
    endloop
  endfacet
  facet normal -0.831609 -0.555362 0
    outer loop
      vertex -32.5653 12.487 4.5
      vertex -32.5072 12.4 1
      vertex -32.5072 12.4 4.5
    endloop
  endfacet
  facet normal -0.321388 -0.946948 0
    outer loop
      vertex -32.9929 12.7727 1
      vertex -32.8939 12.7391 4.5
      vertex -32.9929 12.7727 4.5
    endloop
  endfacet
  facet normal -0.321388 -0.946948 -0
    outer loop
      vertex -32.8939 12.7391 4.5
      vertex -32.9929 12.7727 1
      vertex -32.8939 12.7391 1
    endloop
  endfacet
  facet normal -0.831609 0.555362 0
    outer loop
      vertex -32.5653 11.513 1
      vertex -32.5072 11.6 4.5
      vertex -32.5072 11.6 1
    endloop
  endfacet
  facet normal -0.831609 0.555362 0
    outer loop
      vertex -32.5072 11.6 4.5
      vertex -32.5653 11.513 1
      vertex -32.5653 11.513 4.5
    endloop
  endfacet
  facet normal -0.44224 -0.896897 0
    outer loop
      vertex -32.8939 12.7391 1
      vertex -32.8 12.6928 4.5
      vertex -32.8939 12.7391 4.5
    endloop
  endfacet
  facet normal -0.44224 -0.896897 -0
    outer loop
      vertex -32.8 12.6928 4.5
      vertex -32.8939 12.7391 1
      vertex -32.8 12.6928 1
    endloop
  endfacet
  facet normal -0.997886 0.0649964 0
    outer loop
      vertex -32.4068 11.8956 1
      vertex -32.4 12 4.5
      vertex -32.4 12 1
    endloop
  endfacet
  facet normal -0.997886 0.0649964 0
    outer loop
      vertex -32.4 12 4.5
      vertex -32.4068 11.8956 1
      vertex -32.4068 11.8956 4.5
    endloop
  endfacet
  facet normal -0.321388 0.946948 0
    outer loop
      vertex -32.8939 11.2609 1
      vertex -32.9929 11.2273 4.5
      vertex -32.8939 11.2609 4.5
    endloop
  endfacet
  facet normal -0.321388 0.946948 0
    outer loop
      vertex -32.9929 11.2273 4.5
      vertex -32.8939 11.2609 1
      vertex -32.9929 11.2273 1
    endloop
  endfacet
  facet normal 0.751925 -0.659248 0
    outer loop
      vertex -33.8347 12.487 4.5
      vertex -33.7657 12.5657 1
      vertex -33.7657 12.5657 4.5
    endloop
  endfacet
  facet normal 0.751925 -0.659248 0
    outer loop
      vertex -33.7657 12.5657 1
      vertex -33.8347 12.487 4.5
      vertex -33.8347 12.487 1
    endloop
  endfacet
  facet normal -0.896897 -0.44224 0
    outer loop
      vertex -32.4609 12.3061 1
      vertex -32.5072 12.4 4.5
      vertex -32.5072 12.4 1
    endloop
  endfacet
  facet normal -0.896897 -0.44224 0
    outer loop
      vertex -32.5072 12.4 4.5
      vertex -32.4609 12.3061 1
      vertex -32.4609 12.3061 4.5
    endloop
  endfacet
  facet normal -0.946948 0.321388 0
    outer loop
      vertex -32.4609 11.6939 1
      vertex -32.4273 11.7929 4.5
      vertex -32.4273 11.7929 1
    endloop
  endfacet
  facet normal -0.946948 0.321388 0
    outer loop
      vertex -32.4273 11.7929 4.5
      vertex -32.4609 11.6939 1
      vertex -32.4609 11.6939 4.5
    endloop
  endfacet
  facet normal 0.751925 0.659248 0
    outer loop
      vertex -33.7657 11.4343 4.5
      vertex -33.8347 11.513 1
      vertex -33.8347 11.513 4.5
    endloop
  endfacet
  facet normal 0.751925 0.659248 0
    outer loop
      vertex -33.8347 11.513 1
      vertex -33.7657 11.4343 4.5
      vertex -33.7657 11.4343 1
    endloop
  endfacet
  facet normal 0.946948 0.321388 0
    outer loop
      vertex -33.9391 11.6939 4.5
      vertex -33.9727 11.7929 1
      vertex -33.9727 11.7929 4.5
    endloop
  endfacet
  facet normal 0.946948 0.321388 0
    outer loop
      vertex -33.9727 11.7929 1
      vertex -33.9391 11.6939 4.5
      vertex -33.9391 11.6939 1
    endloop
  endfacet
  facet normal -0.980654 0.195749 0
    outer loop
      vertex -32.4273 11.7929 1
      vertex -32.4068 11.8956 4.5
      vertex -32.4068 11.8956 1
    endloop
  endfacet
  facet normal -0.980654 0.195749 0
    outer loop
      vertex -32.4068 11.8956 4.5
      vertex -32.4273 11.7929 1
      vertex -32.4273 11.7929 4.5
    endloop
  endfacet
  facet normal 0.980654 0.195749 0
    outer loop
      vertex -33.9727 11.7929 4.5
      vertex -33.9932 11.8956 1
      vertex -33.9932 11.8956 4.5
    endloop
  endfacet
  facet normal 0.980654 0.195749 0
    outer loop
      vertex -33.9932 11.8956 1
      vertex -33.9727 11.7929 4.5
      vertex -33.9727 11.7929 1
    endloop
  endfacet
  facet normal 0.44224 -0.896897 0
    outer loop
      vertex -33.6 12.6928 1
      vertex -33.5061 12.7391 4.5
      vertex -33.6 12.6928 4.5
    endloop
  endfacet
  facet normal 0.44224 -0.896897 0
    outer loop
      vertex -33.5061 12.7391 4.5
      vertex -33.6 12.6928 1
      vertex -33.5061 12.7391 1
    endloop
  endfacet
  facet normal -0.659248 -0.751925 0
    outer loop
      vertex -32.713 12.6347 1
      vertex -32.6343 12.5657 4.5
      vertex -32.713 12.6347 4.5
    endloop
  endfacet
  facet normal -0.659248 -0.751925 -0
    outer loop
      vertex -32.6343 12.5657 4.5
      vertex -32.713 12.6347 1
      vertex -32.6343 12.5657 1
    endloop
  endfacet
  facet normal 0 0 1
    outer loop
      vertex -32.4068 12.1044 1
      vertex -32.4068 11.8956 1
      vertex -32.4 12 1
    endloop
  endfacet
  facet normal 0 0 1
    outer loop
      vertex -32.4273 12.2071 1
      vertex -32.4068 11.8956 1
      vertex -32.4068 12.1044 1
    endloop
  endfacet
  facet normal 0 0 1
    outer loop
      vertex -32.4273 12.2071 1
      vertex -32.4273 11.7929 1
      vertex -32.4068 11.8956 1
    endloop
  endfacet
  facet normal 0 0 1
    outer loop
      vertex -32.4609 12.3061 1
      vertex -32.4273 11.7929 1
      vertex -32.4273 12.2071 1
    endloop
  endfacet
  facet normal 0 0 1
    outer loop
      vertex -32.4609 12.3061 1
      vertex -32.4609 11.6939 1
      vertex -32.4273 11.7929 1
    endloop
  endfacet
  facet normal 0 0 1
    outer loop
      vertex -32.5072 12.4 1
      vertex -32.4609 11.6939 1
      vertex -32.4609 12.3061 1
    endloop
  endfacet
  facet normal 0 0 1
    outer loop
      vertex -32.5072 12.4 1
      vertex -32.5072 11.6 1
      vertex -32.4609 11.6939 1
    endloop
  endfacet
  facet normal 0 0 1
    outer loop
      vertex -32.5653 12.487 1
      vertex -32.5072 11.6 1
      vertex -32.5072 12.4 1
    endloop
  endfacet
  facet normal 0 0 1
    outer loop
      vertex -32.5653 12.487 1
      vertex -32.5653 11.513 1
      vertex -32.5072 11.6 1
    endloop
  endfacet
  facet normal 0 0 1
    outer loop
      vertex -32.6343 12.5657 1
      vertex -32.5653 11.513 1
      vertex -32.5653 12.487 1
    endloop
  endfacet
  facet normal 0 0 1
    outer loop
      vertex -32.6343 12.5657 1
      vertex -32.6343 11.4343 1
      vertex -32.5653 11.513 1
    endloop
  endfacet
  facet normal 0 0 1
    outer loop
      vertex -32.713 12.6347 1
      vertex -32.6343 11.4343 1
      vertex -32.6343 12.5657 1
    endloop
  endfacet
  facet normal 0 0 1
    outer loop
      vertex -32.713 12.6347 1
      vertex -32.713 11.3653 1
      vertex -32.6343 11.4343 1
    endloop
  endfacet
  facet normal 0 0 1
    outer loop
      vertex -32.8 12.6928 1
      vertex -32.713 11.3653 1
      vertex -32.713 12.6347 1
    endloop
  endfacet
  facet normal 0 0 1
    outer loop
      vertex -32.8 12.6928 1
      vertex -32.8 11.3072 1
      vertex -32.713 11.3653 1
    endloop
  endfacet
  facet normal 0 0 1
    outer loop
      vertex -32.8939 12.7391 1
      vertex -32.8 11.3072 1
      vertex -32.8 12.6928 1
    endloop
  endfacet
  facet normal 0 0 1
    outer loop
      vertex -32.8939 12.7391 1
      vertex -32.8939 11.2609 1
      vertex -32.8 11.3072 1
    endloop
  endfacet
  facet normal 0 0 1
    outer loop
      vertex -32.9929 12.7727 1
      vertex -32.8939 11.2609 1
      vertex -32.8939 12.7391 1
    endloop
  endfacet
  facet normal 0 0 1
    outer loop
      vertex -32.9929 12.7727 1
      vertex -32.9929 11.2273 1
      vertex -32.8939 11.2609 1
    endloop
  endfacet
  facet normal 0 0 1
    outer loop
      vertex -33.0956 12.7932 1
      vertex -32.9929 11.2273 1
      vertex -32.9929 12.7727 1
    endloop
  endfacet
  facet normal 0 0 1
    outer loop
      vertex -33.0956 12.7932 1
      vertex -33.0956 11.2068 1
      vertex -32.9929 11.2273 1
    endloop
  endfacet
  facet normal 0 0 1
    outer loop
      vertex -33.2 12.8 1
      vertex -33.0956 11.2068 1
      vertex -33.0956 12.7932 1
    endloop
  endfacet
  facet normal 0 0 1
    outer loop
      vertex -33.2 12.8 1
      vertex -33.2 11.2 1
      vertex -33.0956 11.2068 1
    endloop
  endfacet
  facet normal -0 0 1
    outer loop
      vertex -33.3044 12.7932 1
      vertex -33.2 11.2 1
      vertex -33.2 12.8 1
    endloop
  endfacet
  facet normal 0 0 1
    outer loop
      vertex -33.3044 12.7932 1
      vertex -33.3044 11.2068 1
      vertex -33.2 11.2 1
    endloop
  endfacet
  facet normal -0 0 1
    outer loop
      vertex -33.4071 12.7727 1
      vertex -33.3044 11.2068 1
      vertex -33.3044 12.7932 1
    endloop
  endfacet
  facet normal 0 0 1
    outer loop
      vertex -33.4071 12.7727 1
      vertex -33.4071 11.2273 1
      vertex -33.3044 11.2068 1
    endloop
  endfacet
  facet normal -0 0 1
    outer loop
      vertex -33.5061 12.7391 1
      vertex -33.4071 11.2273 1
      vertex -33.4071 12.7727 1
    endloop
  endfacet
  facet normal 0 0 1
    outer loop
      vertex -33.5061 12.7391 1
      vertex -33.5061 11.2609 1
      vertex -33.4071 11.2273 1
    endloop
  endfacet
  facet normal -0 0 1
    outer loop
      vertex -33.6 12.6928 1
      vertex -33.5061 11.2609 1
      vertex -33.5061 12.7391 1
    endloop
  endfacet
  facet normal 0 0 1
    outer loop
      vertex -33.6 12.6928 1
      vertex -33.6 11.3072 1
      vertex -33.5061 11.2609 1
    endloop
  endfacet
  facet normal -0 0 1
    outer loop
      vertex -33.687 12.6347 1
      vertex -33.6 11.3072 1
      vertex -33.6 12.6928 1
    endloop
  endfacet
  facet normal 0 0 1
    outer loop
      vertex -33.687 12.6347 1
      vertex -33.687 11.3653 1
      vertex -33.6 11.3072 1
    endloop
  endfacet
  facet normal -0 0 1
    outer loop
      vertex -33.7657 12.5657 1
      vertex -33.687 11.3653 1
      vertex -33.687 12.6347 1
    endloop
  endfacet
  facet normal 0 0 1
    outer loop
      vertex -33.7657 12.5657 1
      vertex -33.7657 11.4343 1
      vertex -33.687 11.3653 1
    endloop
  endfacet
  facet normal -0 0 1
    outer loop
      vertex -33.8347 12.487 1
      vertex -33.7657 11.4343 1
      vertex -33.7657 12.5657 1
    endloop
  endfacet
  facet normal 0 0 1
    outer loop
      vertex -33.8347 12.487 1
      vertex -33.8347 11.513 1
      vertex -33.7657 11.4343 1
    endloop
  endfacet
  facet normal -0 0 1
    outer loop
      vertex -33.8928 12.4 1
      vertex -33.8347 11.513 1
      vertex -33.8347 12.487 1
    endloop
  endfacet
  facet normal 0 0 1
    outer loop
      vertex -33.8928 12.4 1
      vertex -33.8928 11.6 1
      vertex -33.8347 11.513 1
    endloop
  endfacet
  facet normal -0 0 1
    outer loop
      vertex -33.9391 12.3061 1
      vertex -33.8928 11.6 1
      vertex -33.8928 12.4 1
    endloop
  endfacet
  facet normal 0 0 1
    outer loop
      vertex -33.9391 12.3061 1
      vertex -33.9391 11.6939 1
      vertex -33.8928 11.6 1
    endloop
  endfacet
  facet normal -0 0 1
    outer loop
      vertex -33.9727 12.2071 1
      vertex -33.9391 11.6939 1
      vertex -33.9391 12.3061 1
    endloop
  endfacet
  facet normal 0 0 1
    outer loop
      vertex -33.9727 12.2071 1
      vertex -33.9727 11.7929 1
      vertex -33.9391 11.6939 1
    endloop
  endfacet
  facet normal -0 0 1
    outer loop
      vertex -33.9932 12.1044 1
      vertex -33.9727 11.7929 1
      vertex -33.9727 12.2071 1
    endloop
  endfacet
  facet normal 0 0 1
    outer loop
      vertex -33.9932 12.1044 1
      vertex -33.9932 11.8956 1
      vertex -33.9727 11.7929 1
    endloop
  endfacet
  facet normal 0 -0 1
    outer loop
      vertex -33.9932 11.8956 1
      vertex -33.9932 12.1044 1
      vertex -34 12 1
    endloop
  endfacet
  facet normal 0.195749 0.980654 -0
    outer loop
      vertex -33.3044 11.2068 1
      vertex -33.4071 11.2273 4.5
      vertex -33.3044 11.2068 4.5
    endloop
  endfacet
  facet normal 0.195749 0.980654 0
    outer loop
      vertex -33.4071 11.2273 4.5
      vertex -33.3044 11.2068 1
      vertex -33.4071 11.2273 1
    endloop
  endfacet
  facet normal -0.195749 0.980654 0
    outer loop
      vertex -32.9929 11.2273 1
      vertex -33.0956 11.2068 4.5
      vertex -32.9929 11.2273 4.5
    endloop
  endfacet
  facet normal -0.195749 0.980654 0
    outer loop
      vertex -33.0956 11.2068 4.5
      vertex -32.9929 11.2273 1
      vertex -33.0956 11.2068 1
    endloop
  endfacet
  facet normal 0.555362 -0.831609 0
    outer loop
      vertex -33.687 12.6347 1
      vertex -33.6 12.6928 4.5
      vertex -33.687 12.6347 4.5
    endloop
  endfacet
  facet normal 0.555362 -0.831609 0
    outer loop
      vertex -33.6 12.6928 4.5
      vertex -33.687 12.6347 1
      vertex -33.6 12.6928 1
    endloop
  endfacet
  facet normal 0.980654 -0.195749 0
    outer loop
      vertex -33.9932 12.1044 4.5
      vertex -33.9727 12.2071 1
      vertex -33.9727 12.2071 4.5
    endloop
  endfacet
  facet normal 0.980654 -0.195749 0
    outer loop
      vertex -33.9727 12.2071 1
      vertex -33.9932 12.1044 4.5
      vertex -33.9932 12.1044 1
    endloop
  endfacet
  facet normal -0.195749 -0.980654 0
    outer loop
      vertex -33.0956 12.7932 1
      vertex -32.9929 12.7727 4.5
      vertex -33.0956 12.7932 4.5
    endloop
  endfacet
  facet normal -0.195749 -0.980654 -0
    outer loop
      vertex -32.9929 12.7727 4.5
      vertex -33.0956 12.7932 1
      vertex -32.9929 12.7727 1
    endloop
  endfacet
  facet normal -0.555362 0.831609 0
    outer loop
      vertex -32.713 11.3653 1
      vertex -32.8 11.3072 4.5
      vertex -32.713 11.3653 4.5
    endloop
  endfacet
  facet normal -0.555362 0.831609 0
    outer loop
      vertex -32.8 11.3072 4.5
      vertex -32.713 11.3653 1
      vertex -32.8 11.3072 1
    endloop
  endfacet
  facet normal -0.0649964 -0.997886 0
    outer loop
      vertex -33.2 12.8 1
      vertex -33.0956 12.7932 4.5
      vertex -33.2 12.8 4.5
    endloop
  endfacet
  facet normal -0.0649964 -0.997886 -0
    outer loop
      vertex -33.0956 12.7932 4.5
      vertex -33.2 12.8 1
      vertex -33.0956 12.7932 1
    endloop
  endfacet
  facet normal -0.751925 0.659248 0
    outer loop
      vertex -32.6343 11.4343 1
      vertex -32.5653 11.513 4.5
      vertex -32.5653 11.513 1
    endloop
  endfacet
  facet normal -0.751925 0.659248 0
    outer loop
      vertex -32.5653 11.513 4.5
      vertex -32.6343 11.4343 1
      vertex -32.6343 11.4343 4.5
    endloop
  endfacet
  facet normal 0.997886 0.0649964 0
    outer loop
      vertex -33.9932 11.8956 4.5
      vertex -34 12 1
      vertex -34 12 4.5
    endloop
  endfacet
  facet normal 0.997886 0.0649964 0
    outer loop
      vertex -34 12 1
      vertex -33.9932 11.8956 4.5
      vertex -33.9932 11.8956 1
    endloop
  endfacet
  facet normal 0.44224 0.896897 -0
    outer loop
      vertex -33.5061 11.2609 1
      vertex -33.6 11.3072 4.5
      vertex -33.5061 11.2609 4.5
    endloop
  endfacet
  facet normal 0.44224 0.896897 0
    outer loop
      vertex -33.6 11.3072 4.5
      vertex -33.5061 11.2609 1
      vertex -33.6 11.3072 1
    endloop
  endfacet
  facet normal 0.195749 -0.980654 0
    outer loop
      vertex -33.4071 12.7727 1
      vertex -33.3044 12.7932 4.5
      vertex -33.4071 12.7727 4.5
    endloop
  endfacet
  facet normal 0.195749 -0.980654 0
    outer loop
      vertex -33.3044 12.7932 4.5
      vertex -33.4071 12.7727 1
      vertex -33.3044 12.7932 1
    endloop
  endfacet
  facet normal 0.997886 -0.0649964 0
    outer loop
      vertex -34 12 4.5
      vertex -33.9932 12.1044 1
      vertex -33.9932 12.1044 4.5
    endloop
  endfacet
  facet normal 0.997886 -0.0649964 0
    outer loop
      vertex -33.9932 12.1044 1
      vertex -34 12 4.5
      vertex -34 12 1
    endloop
  endfacet
  facet normal 0.831609 -0.555362 0
    outer loop
      vertex -33.8928 12.4 4.5
      vertex -33.8347 12.487 1
      vertex -33.8347 12.487 4.5
    endloop
  endfacet
  facet normal 0.831609 -0.555362 0
    outer loop
      vertex -33.8347 12.487 1
      vertex -33.8928 12.4 4.5
      vertex -33.8928 12.4 1
    endloop
  endfacet
  facet normal 0.946948 -0.321388 0
    outer loop
      vertex -33.9727 12.2071 4.5
      vertex -33.9391 12.3061 1
      vertex -33.9391 12.3061 4.5
    endloop
  endfacet
  facet normal 0.946948 -0.321388 0
    outer loop
      vertex -33.9391 12.3061 1
      vertex -33.9727 12.2071 4.5
      vertex -33.9727 12.2071 1
    endloop
  endfacet
  facet normal 0.0649964 0.997886 -0
    outer loop
      vertex -33.2 11.2 1
      vertex -33.3044 11.2068 4.5
      vertex -33.2 11.2 4.5
    endloop
  endfacet
  facet normal 0.0649964 0.997886 0
    outer loop
      vertex -33.3044 11.2068 4.5
      vertex -33.2 11.2 1
      vertex -33.3044 11.2068 1
    endloop
  endfacet
  facet normal 0.321388 -0.946948 0
    outer loop
      vertex -33.5061 12.7391 1
      vertex -33.4071 12.7727 4.5
      vertex -33.5061 12.7391 4.5
    endloop
  endfacet
  facet normal 0.321388 -0.946948 0
    outer loop
      vertex -33.4071 12.7727 4.5
      vertex -33.5061 12.7391 1
      vertex -33.4071 12.7727 1
    endloop
  endfacet
  facet normal 0.321388 0.946948 -0
    outer loop
      vertex -33.4071 11.2273 1
      vertex -33.5061 11.2609 4.5
      vertex -33.4071 11.2273 4.5
    endloop
  endfacet
  facet normal 0.321388 0.946948 0
    outer loop
      vertex -33.5061 11.2609 4.5
      vertex -33.4071 11.2273 1
      vertex -33.5061 11.2609 1
    endloop
  endfacet
  facet normal -0.896897 0.44224 0
    outer loop
      vertex -32.5072 11.6 1
      vertex -32.4609 11.6939 4.5
      vertex -32.4609 11.6939 1
    endloop
  endfacet
  facet normal -0.896897 0.44224 0
    outer loop
      vertex -32.4609 11.6939 4.5
      vertex -32.5072 11.6 1
      vertex -32.5072 11.6 4.5
    endloop
  endfacet
  facet normal 0.659248 -0.751925 0
    outer loop
      vertex -33.7657 12.5657 1
      vertex -33.687 12.6347 4.5
      vertex -33.7657 12.5657 4.5
    endloop
  endfacet
  facet normal 0.659248 -0.751925 0
    outer loop
      vertex -33.687 12.6347 4.5
      vertex -33.7657 12.5657 1
      vertex -33.687 12.6347 1
    endloop
  endfacet
  facet normal -0.555362 -0.831609 0
    outer loop
      vertex -32.8 12.6928 1
      vertex -32.713 12.6347 4.5
      vertex -32.8 12.6928 4.5
    endloop
  endfacet
  facet normal -0.555362 -0.831609 -0
    outer loop
      vertex -32.713 12.6347 4.5
      vertex -32.8 12.6928 1
      vertex -32.713 12.6347 1
    endloop
  endfacet
  facet normal -0.0649964 0.997886 0
    outer loop
      vertex -33.0956 11.2068 1
      vertex -33.2 11.2 4.5
      vertex -33.0956 11.2068 4.5
    endloop
  endfacet
  facet normal -0.0649964 0.997886 0
    outer loop
      vertex -33.2 11.2 4.5
      vertex -33.0956 11.2068 1
      vertex -33.2 11.2 1
    endloop
  endfacet
  facet normal 0.659248 0.751925 -0
    outer loop
      vertex -33.687 11.3653 1
      vertex -33.7657 11.4343 4.5
      vertex -33.687 11.3653 4.5
    endloop
  endfacet
  facet normal 0.659248 0.751925 0
    outer loop
      vertex -33.7657 11.4343 4.5
      vertex -33.687 11.3653 1
      vertex -33.7657 11.4343 1
    endloop
  endfacet
  facet normal 0.0649964 -0.997886 0
    outer loop
      vertex -33.3044 12.7932 1
      vertex -33.2 12.8 4.5
      vertex -33.3044 12.7932 4.5
    endloop
  endfacet
  facet normal 0.0649964 -0.997886 0
    outer loop
      vertex -33.2 12.8 4.5
      vertex -33.3044 12.7932 1
      vertex -33.2 12.8 1
    endloop
  endfacet
  facet normal 0.555362 0.831609 -0
    outer loop
      vertex -33.6 11.3072 1
      vertex -33.687 11.3653 4.5
      vertex -33.6 11.3072 4.5
    endloop
  endfacet
  facet normal 0.555362 0.831609 0
    outer loop
      vertex -33.687 11.3653 4.5
      vertex -33.6 11.3072 1
      vertex -33.687 11.3653 1
    endloop
  endfacet
  facet normal 0.896897 -0.44224 0
    outer loop
      vertex -33.9391 12.3061 4.5
      vertex -33.8928 12.4 1
      vertex -33.8928 12.4 4.5
    endloop
  endfacet
  facet normal 0.896897 -0.44224 0
    outer loop
      vertex -33.8928 12.4 1
      vertex -33.9391 12.3061 4.5
      vertex -33.9391 12.3061 1
    endloop
  endfacet
  facet normal -0.659248 0.751925 0
    outer loop
      vertex -32.6343 11.4343 1
      vertex -32.713 11.3653 4.5
      vertex -32.6343 11.4343 4.5
    endloop
  endfacet
  facet normal -0.659248 0.751925 0
    outer loop
      vertex -32.713 11.3653 4.5
      vertex -32.6343 11.4343 1
      vertex -32.713 11.3653 1
    endloop
  endfacet
  facet normal 0.831609 0.555362 0
    outer loop
      vertex -33.8347 11.513 4.5
      vertex -33.8928 11.6 1
      vertex -33.8928 11.6 4.5
    endloop
  endfacet
  facet normal 0.831609 0.555362 0
    outer loop
      vertex -33.8928 11.6 1
      vertex -33.8347 11.513 4.5
      vertex -33.8347 11.513 1
    endloop
  endfacet
  facet normal -0.980654 -0.195749 0
    outer loop
      vertex 33.9932 -11.8956 1
      vertex 33.9727 -11.7929 4.5
      vertex 33.9727 -11.7929 1
    endloop
  endfacet
  facet normal -0.980654 -0.195749 0
    outer loop
      vertex 33.9727 -11.7929 4.5
      vertex 33.9932 -11.8956 1
      vertex 33.9932 -11.8956 4.5
    endloop
  endfacet
  facet normal -0.997886 -0.0649964 0
    outer loop
      vertex 34 -12 1
      vertex 33.9932 -11.8956 4.5
      vertex 33.9932 -11.8956 1
    endloop
  endfacet
  facet normal -0.997886 -0.0649964 0
    outer loop
      vertex 33.9932 -11.8956 4.5
      vertex 34 -12 1
      vertex 34 -12 4.5
    endloop
  endfacet
  facet normal -0.946948 -0.321388 0
    outer loop
      vertex 33.9727 -11.7929 1
      vertex 33.9391 -11.6939 4.5
      vertex 33.9391 -11.6939 1
    endloop
  endfacet
  facet normal -0.946948 -0.321388 0
    outer loop
      vertex 33.9391 -11.6939 4.5
      vertex 33.9727 -11.7929 1
      vertex 33.9727 -11.7929 4.5
    endloop
  endfacet
  facet normal 0.751925 0.659248 0
    outer loop
      vertex 32.6343 -12.5657 4.5
      vertex 32.5653 -12.487 1
      vertex 32.5653 -12.487 4.5
    endloop
  endfacet
  facet normal 0.751925 0.659248 0
    outer loop
      vertex 32.5653 -12.487 1
      vertex 32.6343 -12.5657 4.5
      vertex 32.6343 -12.5657 1
    endloop
  endfacet
  facet normal -0.321388 -0.946948 0
    outer loop
      vertex 33.4071 -11.2273 1
      vertex 33.5061 -11.2609 4.5
      vertex 33.4071 -11.2273 4.5
    endloop
  endfacet
  facet normal -0.321388 -0.946948 -0
    outer loop
      vertex 33.5061 -11.2609 4.5
      vertex 33.4071 -11.2273 1
      vertex 33.5061 -11.2609 1
    endloop
  endfacet
  facet normal 0.751925 -0.659248 0
    outer loop
      vertex 32.5653 -11.513 4.5
      vertex 32.6343 -11.4343 1
      vertex 32.6343 -11.4343 4.5
    endloop
  endfacet
  facet normal 0.751925 -0.659248 0
    outer loop
      vertex 32.6343 -11.4343 1
      vertex 32.5653 -11.513 4.5
      vertex 32.5653 -11.513 1
    endloop
  endfacet
  facet normal -0.896897 -0.44224 0
    outer loop
      vertex 33.9391 -11.6939 1
      vertex 33.8928 -11.6 4.5
      vertex 33.8928 -11.6 1
    endloop
  endfacet
  facet normal -0.896897 -0.44224 0
    outer loop
      vertex 33.8928 -11.6 4.5
      vertex 33.9391 -11.6939 1
      vertex 33.9391 -11.6939 4.5
    endloop
  endfacet
  facet normal -0.831609 -0.555362 0
    outer loop
      vertex 33.8928 -11.6 1
      vertex 33.8347 -11.513 4.5
      vertex 33.8347 -11.513 1
    endloop
  endfacet
  facet normal -0.831609 -0.555362 0
    outer loop
      vertex 33.8347 -11.513 4.5
      vertex 33.8928 -11.6 1
      vertex 33.8928 -11.6 4.5
    endloop
  endfacet
  facet normal 0.555362 -0.831609 0
    outer loop
      vertex 32.713 -11.3653 1
      vertex 32.8 -11.3072 4.5
      vertex 32.713 -11.3653 4.5
    endloop
  endfacet
  facet normal 0.555362 -0.831609 0
    outer loop
      vertex 32.8 -11.3072 4.5
      vertex 32.713 -11.3653 1
      vertex 32.8 -11.3072 1
    endloop
  endfacet
  facet normal 0.0649964 0.997886 -0
    outer loop
      vertex 33.2 -12.8 1
      vertex 33.0956 -12.7932 4.5
      vertex 33.2 -12.8 4.5
    endloop
  endfacet
  facet normal 0.0649964 0.997886 0
    outer loop
      vertex 33.0956 -12.7932 4.5
      vertex 33.2 -12.8 1
      vertex 33.0956 -12.7932 1
    endloop
  endfacet
  facet normal -0.321388 0.946948 0
    outer loop
      vertex 33.5061 -12.7391 1
      vertex 33.4071 -12.7727 4.5
      vertex 33.5061 -12.7391 4.5
    endloop
  endfacet
  facet normal -0.321388 0.946948 0
    outer loop
      vertex 33.4071 -12.7727 4.5
      vertex 33.5061 -12.7391 1
      vertex 33.4071 -12.7727 1
    endloop
  endfacet
  facet normal -0.751925 -0.659248 0
    outer loop
      vertex 33.8347 -11.513 1
      vertex 33.7657 -11.4343 4.5
      vertex 33.7657 -11.4343 1
    endloop
  endfacet
  facet normal -0.751925 -0.659248 0
    outer loop
      vertex 33.7657 -11.4343 4.5
      vertex 33.8347 -11.513 1
      vertex 33.8347 -11.513 4.5
    endloop
  endfacet
  facet normal -0.946948 0.321388 0
    outer loop
      vertex 33.9391 -12.3061 1
      vertex 33.9727 -12.2071 4.5
      vertex 33.9727 -12.2071 1
    endloop
  endfacet
  facet normal -0.946948 0.321388 0
    outer loop
      vertex 33.9727 -12.2071 4.5
      vertex 33.9391 -12.3061 1
      vertex 33.9391 -12.3061 4.5
    endloop
  endfacet
  facet normal -0.0649964 0.997886 0
    outer loop
      vertex 33.3044 -12.7932 1
      vertex 33.2 -12.8 4.5
      vertex 33.3044 -12.7932 4.5
    endloop
  endfacet
  facet normal -0.0649964 0.997886 0
    outer loop
      vertex 33.2 -12.8 4.5
      vertex 33.3044 -12.7932 1
      vertex 33.2 -12.8 1
    endloop
  endfacet
  facet normal 0.555362 0.831609 -0
    outer loop
      vertex 32.8 -12.6928 1
      vertex 32.713 -12.6347 4.5
      vertex 32.8 -12.6928 4.5
    endloop
  endfacet
  facet normal 0.555362 0.831609 0
    outer loop
      vertex 32.713 -12.6347 4.5
      vertex 32.8 -12.6928 1
      vertex 32.713 -12.6347 1
    endloop
  endfacet
  facet normal -0.195749 -0.980654 0
    outer loop
      vertex 33.3044 -11.2068 1
      vertex 33.4071 -11.2273 4.5
      vertex 33.3044 -11.2068 4.5
    endloop
  endfacet
  facet normal -0.195749 -0.980654 -0
    outer loop
      vertex 33.4071 -11.2273 4.5
      vertex 33.3044 -11.2068 1
      vertex 33.4071 -11.2273 1
    endloop
  endfacet
  facet normal 0.946948 0.321388 0
    outer loop
      vertex 32.4609 -12.3061 4.5
      vertex 32.4273 -12.2071 1
      vertex 32.4273 -12.2071 4.5
    endloop
  endfacet
  facet normal 0.946948 0.321388 0
    outer loop
      vertex 32.4273 -12.2071 1
      vertex 32.4609 -12.3061 4.5
      vertex 32.4609 -12.3061 1
    endloop
  endfacet
  facet normal -0.44224 0.896897 0
    outer loop
      vertex 33.6 -12.6928 1
      vertex 33.5061 -12.7391 4.5
      vertex 33.6 -12.6928 4.5
    endloop
  endfacet
  facet normal -0.44224 0.896897 0
    outer loop
      vertex 33.5061 -12.7391 4.5
      vertex 33.6 -12.6928 1
      vertex 33.5061 -12.7391 1
    endloop
  endfacet
  facet normal -0.659248 -0.751925 0
    outer loop
      vertex 33.687 -11.3653 1
      vertex 33.7657 -11.4343 4.5
      vertex 33.687 -11.3653 4.5
    endloop
  endfacet
  facet normal -0.659248 -0.751925 -0
    outer loop
      vertex 33.7657 -11.4343 4.5
      vertex 33.687 -11.3653 1
      vertex 33.7657 -11.4343 1
    endloop
  endfacet
  facet normal -0.831609 0.555362 0
    outer loop
      vertex 33.8347 -12.487 1
      vertex 33.8928 -12.4 4.5
      vertex 33.8928 -12.4 1
    endloop
  endfacet
  facet normal -0.831609 0.555362 0
    outer loop
      vertex 33.8928 -12.4 4.5
      vertex 33.8347 -12.487 1
      vertex 33.8347 -12.487 4.5
    endloop
  endfacet
  facet normal -0.44224 -0.896897 0
    outer loop
      vertex 33.5061 -11.2609 1
      vertex 33.6 -11.3072 4.5
      vertex 33.5061 -11.2609 4.5
    endloop
  endfacet
  facet normal -0.44224 -0.896897 -0
    outer loop
      vertex 33.6 -11.3072 4.5
      vertex 33.5061 -11.2609 1
      vertex 33.6 -11.3072 1
    endloop
  endfacet
  facet normal 0.980654 -0.195749 0
    outer loop
      vertex 32.4068 -11.8956 4.5
      vertex 32.4273 -11.7929 1
      vertex 32.4273 -11.7929 4.5
    endloop
  endfacet
  facet normal 0.980654 -0.195749 0
    outer loop
      vertex 32.4273 -11.7929 1
      vertex 32.4068 -11.8956 4.5
      vertex 32.4068 -11.8956 1
    endloop
  endfacet
  facet normal -0.997886 0.0649964 0
    outer loop
      vertex 33.9932 -12.1044 1
      vertex 34 -12 4.5
      vertex 34 -12 1
    endloop
  endfacet
  facet normal -0.997886 0.0649964 0
    outer loop
      vertex 34 -12 4.5
      vertex 33.9932 -12.1044 1
      vertex 33.9932 -12.1044 4.5
    endloop
  endfacet
  facet normal 0.0649964 -0.997886 0
    outer loop
      vertex 33.0956 -11.2068 1
      vertex 33.2 -11.2 4.5
      vertex 33.0956 -11.2068 4.5
    endloop
  endfacet
  facet normal 0.0649964 -0.997886 0
    outer loop
      vertex 33.2 -11.2 4.5
      vertex 33.0956 -11.2068 1
      vertex 33.2 -11.2 1
    endloop
  endfacet
  facet normal 0 0 1
    outer loop
      vertex 33.9932 -11.8956 1
      vertex 33.9932 -12.1044 1
      vertex 34 -12 1
    endloop
  endfacet
  facet normal 0 0 1
    outer loop
      vertex 33.9727 -11.7929 1
      vertex 33.9932 -12.1044 1
      vertex 33.9932 -11.8956 1
    endloop
  endfacet
  facet normal 0 0 1
    outer loop
      vertex 33.9727 -11.7929 1
      vertex 33.9727 -12.2071 1
      vertex 33.9932 -12.1044 1
    endloop
  endfacet
  facet normal 0 0 1
    outer loop
      vertex 33.9391 -11.6939 1
      vertex 33.9727 -12.2071 1
      vertex 33.9727 -11.7929 1
    endloop
  endfacet
  facet normal 0 0 1
    outer loop
      vertex 33.9391 -11.6939 1
      vertex 33.9391 -12.3061 1
      vertex 33.9727 -12.2071 1
    endloop
  endfacet
  facet normal 0 0 1
    outer loop
      vertex 33.8928 -11.6 1
      vertex 33.9391 -12.3061 1
      vertex 33.9391 -11.6939 1
    endloop
  endfacet
  facet normal 0 0 1
    outer loop
      vertex 33.8928 -11.6 1
      vertex 33.8928 -12.4 1
      vertex 33.9391 -12.3061 1
    endloop
  endfacet
  facet normal 0 0 1
    outer loop
      vertex 33.8347 -11.513 1
      vertex 33.8928 -12.4 1
      vertex 33.8928 -11.6 1
    endloop
  endfacet
  facet normal 0 0 1
    outer loop
      vertex 33.8347 -11.513 1
      vertex 33.8347 -12.487 1
      vertex 33.8928 -12.4 1
    endloop
  endfacet
  facet normal 0 0 1
    outer loop
      vertex 33.7657 -11.4343 1
      vertex 33.8347 -12.487 1
      vertex 33.8347 -11.513 1
    endloop
  endfacet
  facet normal 0 0 1
    outer loop
      vertex 33.7657 -11.4343 1
      vertex 33.7657 -12.5657 1
      vertex 33.8347 -12.487 1
    endloop
  endfacet
  facet normal 0 0 1
    outer loop
      vertex 33.687 -11.3653 1
      vertex 33.7657 -12.5657 1
      vertex 33.7657 -11.4343 1
    endloop
  endfacet
  facet normal 0 0 1
    outer loop
      vertex 33.687 -11.3653 1
      vertex 33.687 -12.6347 1
      vertex 33.7657 -12.5657 1
    endloop
  endfacet
  facet normal 0 0 1
    outer loop
      vertex 33.6 -11.3072 1
      vertex 33.687 -12.6347 1
      vertex 33.687 -11.3653 1
    endloop
  endfacet
  facet normal 0 0 1
    outer loop
      vertex 33.6 -11.3072 1
      vertex 33.6 -12.6928 1
      vertex 33.687 -12.6347 1
    endloop
  endfacet
  facet normal 0 0 1
    outer loop
      vertex 33.5061 -11.2609 1
      vertex 33.6 -12.6928 1
      vertex 33.6 -11.3072 1
    endloop
  endfacet
  facet normal 0 0 1
    outer loop
      vertex 33.5061 -11.2609 1
      vertex 33.5061 -12.7391 1
      vertex 33.6 -12.6928 1
    endloop
  endfacet
  facet normal 0 0 1
    outer loop
      vertex 33.4071 -11.2273 1
      vertex 33.5061 -12.7391 1
      vertex 33.5061 -11.2609 1
    endloop
  endfacet
  facet normal 0 0 1
    outer loop
      vertex 33.4071 -11.2273 1
      vertex 33.4071 -12.7727 1
      vertex 33.5061 -12.7391 1
    endloop
  endfacet
  facet normal 0 0 1
    outer loop
      vertex 33.3044 -11.2068 1
      vertex 33.4071 -12.7727 1
      vertex 33.4071 -11.2273 1
    endloop
  endfacet
  facet normal 0 0 1
    outer loop
      vertex 33.3044 -11.2068 1
      vertex 33.3044 -12.7932 1
      vertex 33.4071 -12.7727 1
    endloop
  endfacet
  facet normal 0 0 1
    outer loop
      vertex 33.2 -11.2 1
      vertex 33.3044 -12.7932 1
      vertex 33.3044 -11.2068 1
    endloop
  endfacet
  facet normal 0 0 1
    outer loop
      vertex 33.2 -11.2 1
      vertex 33.2 -12.8 1
      vertex 33.3044 -12.7932 1
    endloop
  endfacet
  facet normal -0 0 1
    outer loop
      vertex 33.0956 -11.2068 1
      vertex 33.2 -12.8 1
      vertex 33.2 -11.2 1
    endloop
  endfacet
  facet normal 0 0 1
    outer loop
      vertex 33.0956 -11.2068 1
      vertex 33.0956 -12.7932 1
      vertex 33.2 -12.8 1
    endloop
  endfacet
  facet normal -0 0 1
    outer loop
      vertex 32.9929 -11.2273 1
      vertex 33.0956 -12.7932 1
      vertex 33.0956 -11.2068 1
    endloop
  endfacet
  facet normal 0 0 1
    outer loop
      vertex 32.9929 -11.2273 1
      vertex 32.9929 -12.7727 1
      vertex 33.0956 -12.7932 1
    endloop
  endfacet
  facet normal -0 0 1
    outer loop
      vertex 32.8939 -11.2609 1
      vertex 32.9929 -12.7727 1
      vertex 32.9929 -11.2273 1
    endloop
  endfacet
  facet normal 0 0 1
    outer loop
      vertex 32.8939 -11.2609 1
      vertex 32.8939 -12.7391 1
      vertex 32.9929 -12.7727 1
    endloop
  endfacet
  facet normal -0 0 1
    outer loop
      vertex 32.8 -11.3072 1
      vertex 32.8939 -12.7391 1
      vertex 32.8939 -11.2609 1
    endloop
  endfacet
  facet normal 0 0 1
    outer loop
      vertex 32.8 -11.3072 1
      vertex 32.8 -12.6928 1
      vertex 32.8939 -12.7391 1
    endloop
  endfacet
  facet normal -0 0 1
    outer loop
      vertex 32.713 -11.3653 1
      vertex 32.8 -12.6928 1
      vertex 32.8 -11.3072 1
    endloop
  endfacet
  facet normal 0 0 1
    outer loop
      vertex 32.713 -11.3653 1
      vertex 32.713 -12.6347 1
      vertex 32.8 -12.6928 1
    endloop
  endfacet
  facet normal -0 0 1
    outer loop
      vertex 32.6343 -11.4343 1
      vertex 32.713 -12.6347 1
      vertex 32.713 -11.3653 1
    endloop
  endfacet
  facet normal 0 0 1
    outer loop
      vertex 32.6343 -11.4343 1
      vertex 32.6343 -12.5657 1
      vertex 32.713 -12.6347 1
    endloop
  endfacet
  facet normal -0 0 1
    outer loop
      vertex 32.5653 -11.513 1
      vertex 32.6343 -12.5657 1
      vertex 32.6343 -11.4343 1
    endloop
  endfacet
  facet normal 0 0 1
    outer loop
      vertex 32.5653 -11.513 1
      vertex 32.5653 -12.487 1
      vertex 32.6343 -12.5657 1
    endloop
  endfacet
  facet normal -0 0 1
    outer loop
      vertex 32.5072 -11.6 1
      vertex 32.5653 -12.487 1
      vertex 32.5653 -11.513 1
    endloop
  endfacet
  facet normal 0 0 1
    outer loop
      vertex 32.5072 -11.6 1
      vertex 32.5072 -12.4 1
      vertex 32.5653 -12.487 1
    endloop
  endfacet
  facet normal -0 0 1
    outer loop
      vertex 32.4609 -11.6939 1
      vertex 32.5072 -12.4 1
      vertex 32.5072 -11.6 1
    endloop
  endfacet
  facet normal 0 0 1
    outer loop
      vertex 32.4609 -11.6939 1
      vertex 32.4609 -12.3061 1
      vertex 32.5072 -12.4 1
    endloop
  endfacet
  facet normal -0 0 1
    outer loop
      vertex 32.4273 -11.7929 1
      vertex 32.4609 -12.3061 1
      vertex 32.4609 -11.6939 1
    endloop
  endfacet
  facet normal 0 0 1
    outer loop
      vertex 32.4273 -11.7929 1
      vertex 32.4273 -12.2071 1
      vertex 32.4609 -12.3061 1
    endloop
  endfacet
  facet normal -0 0 1
    outer loop
      vertex 32.4068 -11.8956 1
      vertex 32.4273 -12.2071 1
      vertex 32.4273 -11.7929 1
    endloop
  endfacet
  facet normal 0 0 1
    outer loop
      vertex 32.4068 -11.8956 1
      vertex 32.4068 -12.1044 1
      vertex 32.4273 -12.2071 1
    endloop
  endfacet
  facet normal 0 -0 1
    outer loop
      vertex 32.4068 -12.1044 1
      vertex 32.4068 -11.8956 1
      vertex 32.4 -12 1
    endloop
  endfacet
  facet normal 0.321388 -0.946948 0
    outer loop
      vertex 32.8939 -11.2609 1
      vertex 32.9929 -11.2273 4.5
      vertex 32.8939 -11.2609 4.5
    endloop
  endfacet
  facet normal 0.321388 -0.946948 0
    outer loop
      vertex 32.9929 -11.2273 4.5
      vertex 32.8939 -11.2609 1
      vertex 32.9929 -11.2273 1
    endloop
  endfacet
  facet normal 0.195749 -0.980654 0
    outer loop
      vertex 32.9929 -11.2273 1
      vertex 33.0956 -11.2068 4.5
      vertex 32.9929 -11.2273 4.5
    endloop
  endfacet
  facet normal 0.195749 -0.980654 0
    outer loop
      vertex 33.0956 -11.2068 4.5
      vertex 32.9929 -11.2273 1
      vertex 33.0956 -11.2068 1
    endloop
  endfacet
  facet normal -0.0649964 -0.997886 0
    outer loop
      vertex 33.2 -11.2 1
      vertex 33.3044 -11.2068 4.5
      vertex 33.2 -11.2 4.5
    endloop
  endfacet
  facet normal -0.0649964 -0.997886 -0
    outer loop
      vertex 33.3044 -11.2068 4.5
      vertex 33.2 -11.2 1
      vertex 33.3044 -11.2068 1
    endloop
  endfacet
  facet normal 0.195749 0.980654 -0
    outer loop
      vertex 33.0956 -12.7932 1
      vertex 32.9929 -12.7727 4.5
      vertex 33.0956 -12.7932 4.5
    endloop
  endfacet
  facet normal 0.195749 0.980654 0
    outer loop
      vertex 32.9929 -12.7727 4.5
      vertex 33.0956 -12.7932 1
      vertex 32.9929 -12.7727 1
    endloop
  endfacet
  facet normal 0.997886 -0.0649964 0
    outer loop
      vertex 32.4 -12 4.5
      vertex 32.4068 -11.8956 1
      vertex 32.4068 -11.8956 4.5
    endloop
  endfacet
  facet normal 0.997886 -0.0649964 0
    outer loop
      vertex 32.4068 -11.8956 1
      vertex 32.4 -12 4.5
      vertex 32.4 -12 1
    endloop
  endfacet
  facet normal 0.44224 -0.896897 0
    outer loop
      vertex 32.8 -11.3072 1
      vertex 32.8939 -11.2609 4.5
      vertex 32.8 -11.3072 4.5
    endloop
  endfacet
  facet normal 0.44224 -0.896897 0
    outer loop
      vertex 32.8939 -11.2609 4.5
      vertex 32.8 -11.3072 1
      vertex 32.8939 -11.2609 1
    endloop
  endfacet
  facet normal -0.195749 0.980654 0
    outer loop
      vertex 33.4071 -12.7727 1
      vertex 33.3044 -12.7932 4.5
      vertex 33.4071 -12.7727 4.5
    endloop
  endfacet
  facet normal -0.195749 0.980654 0
    outer loop
      vertex 33.3044 -12.7932 4.5
      vertex 33.4071 -12.7727 1
      vertex 33.3044 -12.7932 1
    endloop
  endfacet
  facet normal 0.896897 -0.44224 0
    outer loop
      vertex 32.4609 -11.6939 4.5
      vertex 32.5072 -11.6 1
      vertex 32.5072 -11.6 4.5
    endloop
  endfacet
  facet normal 0.896897 -0.44224 0
    outer loop
      vertex 32.5072 -11.6 1
      vertex 32.4609 -11.6939 4.5
      vertex 32.4609 -11.6939 1
    endloop
  endfacet
  facet normal -0.751925 0.659248 0
    outer loop
      vertex 33.7657 -12.5657 1
      vertex 33.8347 -12.487 4.5
      vertex 33.8347 -12.487 1
    endloop
  endfacet
  facet normal -0.751925 0.659248 0
    outer loop
      vertex 33.8347 -12.487 4.5
      vertex 33.7657 -12.5657 1
      vertex 33.7657 -12.5657 4.5
    endloop
  endfacet
  facet normal 0.831609 0.555362 0
    outer loop
      vertex 32.5653 -12.487 4.5
      vertex 32.5072 -12.4 1
      vertex 32.5072 -12.4 4.5
    endloop
  endfacet
  facet normal 0.831609 0.555362 0
    outer loop
      vertex 32.5072 -12.4 1
      vertex 32.5653 -12.487 4.5
      vertex 32.5653 -12.487 1
    endloop
  endfacet
  facet normal -0.980654 0.195749 0
    outer loop
      vertex 33.9727 -12.2071 1
      vertex 33.9932 -12.1044 4.5
      vertex 33.9932 -12.1044 1
    endloop
  endfacet
  facet normal -0.980654 0.195749 0
    outer loop
      vertex 33.9932 -12.1044 4.5
      vertex 33.9727 -12.2071 1
      vertex 33.9727 -12.2071 4.5
    endloop
  endfacet
  facet normal 0.896897 0.44224 0
    outer loop
      vertex 32.5072 -12.4 4.5
      vertex 32.4609 -12.3061 1
      vertex 32.4609 -12.3061 4.5
    endloop
  endfacet
  facet normal 0.896897 0.44224 0
    outer loop
      vertex 32.4609 -12.3061 1
      vertex 32.5072 -12.4 4.5
      vertex 32.5072 -12.4 1
    endloop
  endfacet
  facet normal 0.946948 -0.321388 0
    outer loop
      vertex 32.4273 -11.7929 4.5
      vertex 32.4609 -11.6939 1
      vertex 32.4609 -11.6939 4.5
    endloop
  endfacet
  facet normal 0.946948 -0.321388 0
    outer loop
      vertex 32.4609 -11.6939 1
      vertex 32.4273 -11.7929 4.5
      vertex 32.4273 -11.7929 1
    endloop
  endfacet
  facet normal -0.555362 0.831609 0
    outer loop
      vertex 33.687 -12.6347 1
      vertex 33.6 -12.6928 4.5
      vertex 33.687 -12.6347 4.5
    endloop
  endfacet
  facet normal -0.555362 0.831609 0
    outer loop
      vertex 33.6 -12.6928 4.5
      vertex 33.687 -12.6347 1
      vertex 33.6 -12.6928 1
    endloop
  endfacet
  facet normal 0.44224 0.896897 -0
    outer loop
      vertex 32.8939 -12.7391 1
      vertex 32.8 -12.6928 4.5
      vertex 32.8939 -12.7391 4.5
    endloop
  endfacet
  facet normal 0.44224 0.896897 0
    outer loop
      vertex 32.8 -12.6928 4.5
      vertex 32.8939 -12.7391 1
      vertex 32.8 -12.6928 1
    endloop
  endfacet
  facet normal -0.659248 0.751925 0
    outer loop
      vertex 33.7657 -12.5657 1
      vertex 33.687 -12.6347 4.5
      vertex 33.7657 -12.5657 4.5
    endloop
  endfacet
  facet normal -0.659248 0.751925 0
    outer loop
      vertex 33.687 -12.6347 4.5
      vertex 33.7657 -12.5657 1
      vertex 33.687 -12.6347 1
    endloop
  endfacet
  facet normal 0.980654 0.195749 0
    outer loop
      vertex 32.4273 -12.2071 4.5
      vertex 32.4068 -12.1044 1
      vertex 32.4068 -12.1044 4.5
    endloop
  endfacet
  facet normal 0.980654 0.195749 0
    outer loop
      vertex 32.4068 -12.1044 1
      vertex 32.4273 -12.2071 4.5
      vertex 32.4273 -12.2071 1
    endloop
  endfacet
  facet normal 0.659248 -0.751925 0
    outer loop
      vertex 32.6343 -11.4343 1
      vertex 32.713 -11.3653 4.5
      vertex 32.6343 -11.4343 4.5
    endloop
  endfacet
  facet normal 0.659248 -0.751925 0
    outer loop
      vertex 32.713 -11.3653 4.5
      vertex 32.6343 -11.4343 1
      vertex 32.713 -11.3653 1
    endloop
  endfacet
  facet normal -0.896897 0.44224 0
    outer loop
      vertex 33.8928 -12.4 1
      vertex 33.9391 -12.3061 4.5
      vertex 33.9391 -12.3061 1
    endloop
  endfacet
  facet normal -0.896897 0.44224 0
    outer loop
      vertex 33.9391 -12.3061 4.5
      vertex 33.8928 -12.4 1
      vertex 33.8928 -12.4 4.5
    endloop
  endfacet
  facet normal -0.555362 -0.831609 0
    outer loop
      vertex 33.6 -11.3072 1
      vertex 33.687 -11.3653 4.5
      vertex 33.6 -11.3072 4.5
    endloop
  endfacet
  facet normal -0.555362 -0.831609 -0
    outer loop
      vertex 33.687 -11.3653 4.5
      vertex 33.6 -11.3072 1
      vertex 33.687 -11.3653 1
    endloop
  endfacet
  facet normal 0.659248 0.751925 -0
    outer loop
      vertex 32.713 -12.6347 1
      vertex 32.6343 -12.5657 4.5
      vertex 32.713 -12.6347 4.5
    endloop
  endfacet
  facet normal 0.659248 0.751925 0
    outer loop
      vertex 32.6343 -12.5657 4.5
      vertex 32.713 -12.6347 1
      vertex 32.6343 -12.5657 1
    endloop
  endfacet
  facet normal 0.997886 0.0649964 0
    outer loop
      vertex 32.4068 -12.1044 4.5
      vertex 32.4 -12 1
      vertex 32.4 -12 4.5
    endloop
  endfacet
  facet normal 0.997886 0.0649964 0
    outer loop
      vertex 32.4 -12 1
      vertex 32.4068 -12.1044 4.5
      vertex 32.4068 -12.1044 1
    endloop
  endfacet
  facet normal 0.321388 0.946948 -0
    outer loop
      vertex 32.9929 -12.7727 1
      vertex 32.8939 -12.7391 4.5
      vertex 32.9929 -12.7727 4.5
    endloop
  endfacet
  facet normal 0.321388 0.946948 0
    outer loop
      vertex 32.8939 -12.7391 4.5
      vertex 32.9929 -12.7727 1
      vertex 32.8939 -12.7391 1
    endloop
  endfacet
  facet normal 0.831609 -0.555362 0
    outer loop
      vertex 32.5072 -11.6 4.5
      vertex 32.5653 -11.513 1
      vertex 32.5653 -11.513 4.5
    endloop
  endfacet
  facet normal 0.831609 -0.555362 0
    outer loop
      vertex 32.5653 -11.513 1
      vertex 32.5072 -11.6 4.5
      vertex 32.5072 -11.6 1
    endloop
  endfacet
  facet normal -0.980654 -0.195749 0
    outer loop
      vertex 33.9932 12.1044 1
      vertex 33.9727 12.2071 4.5
      vertex 33.9727 12.2071 1
    endloop
  endfacet
  facet normal -0.980654 -0.195749 0
    outer loop
      vertex 33.9727 12.2071 4.5
      vertex 33.9932 12.1044 1
      vertex 33.9932 12.1044 4.5
    endloop
  endfacet
  facet normal -0.997886 -0.0649964 0
    outer loop
      vertex 34 12 1
      vertex 33.9932 12.1044 4.5
      vertex 33.9932 12.1044 1
    endloop
  endfacet
  facet normal -0.997886 -0.0649964 0
    outer loop
      vertex 33.9932 12.1044 4.5
      vertex 34 12 1
      vertex 34 12 4.5
    endloop
  endfacet
  facet normal -0.946948 -0.321388 0
    outer loop
      vertex 33.9727 12.2071 1
      vertex 33.9391 12.3061 4.5
      vertex 33.9391 12.3061 1
    endloop
  endfacet
  facet normal -0.946948 -0.321388 0
    outer loop
      vertex 33.9391 12.3061 4.5
      vertex 33.9727 12.2071 1
      vertex 33.9727 12.2071 4.5
    endloop
  endfacet
  facet normal -0.831609 -0.555362 0
    outer loop
      vertex 33.8928 12.4 1
      vertex 33.8347 12.487 4.5
      vertex 33.8347 12.487 1
    endloop
  endfacet
  facet normal -0.831609 -0.555362 0
    outer loop
      vertex 33.8347 12.487 4.5
      vertex 33.8928 12.4 1
      vertex 33.8928 12.4 4.5
    endloop
  endfacet
  facet normal 0.946948 0.321388 0
    outer loop
      vertex 32.4609 11.6939 4.5
      vertex 32.4273 11.7929 1
      vertex 32.4273 11.7929 4.5
    endloop
  endfacet
  facet normal 0.946948 0.321388 0
    outer loop
      vertex 32.4273 11.7929 1
      vertex 32.4609 11.6939 4.5
      vertex 32.4609 11.6939 1
    endloop
  endfacet
  facet normal -0.831609 0.555362 0
    outer loop
      vertex 33.8347 11.513 1
      vertex 33.8928 11.6 4.5
      vertex 33.8928 11.6 1
    endloop
  endfacet
  facet normal -0.831609 0.555362 0
    outer loop
      vertex 33.8928 11.6 4.5
      vertex 33.8347 11.513 1
      vertex 33.8347 11.513 4.5
    endloop
  endfacet
  facet normal -0.195749 -0.980654 0
    outer loop
      vertex 33.3044 12.7932 1
      vertex 33.4071 12.7727 4.5
      vertex 33.3044 12.7932 4.5
    endloop
  endfacet
  facet normal -0.195749 -0.980654 -0
    outer loop
      vertex 33.4071 12.7727 4.5
      vertex 33.3044 12.7932 1
      vertex 33.4071 12.7727 1
    endloop
  endfacet
  facet normal -0.321388 -0.946948 0
    outer loop
      vertex 33.4071 12.7727 1
      vertex 33.5061 12.7391 4.5
      vertex 33.4071 12.7727 4.5
    endloop
  endfacet
  facet normal -0.321388 -0.946948 -0
    outer loop
      vertex 33.5061 12.7391 4.5
      vertex 33.4071 12.7727 1
      vertex 33.5061 12.7391 1
    endloop
  endfacet
  facet normal -0.946948 0.321388 0
    outer loop
      vertex 33.9391 11.6939 1
      vertex 33.9727 11.7929 4.5
      vertex 33.9727 11.7929 1
    endloop
  endfacet
  facet normal -0.946948 0.321388 0
    outer loop
      vertex 33.9727 11.7929 4.5
      vertex 33.9391 11.6939 1
      vertex 33.9391 11.6939 4.5
    endloop
  endfacet
  facet normal -0.44224 0.896897 0
    outer loop
      vertex 33.6 11.3072 1
      vertex 33.5061 11.2609 4.5
      vertex 33.6 11.3072 4.5
    endloop
  endfacet
  facet normal -0.44224 0.896897 0
    outer loop
      vertex 33.5061 11.2609 4.5
      vertex 33.6 11.3072 1
      vertex 33.5061 11.2609 1
    endloop
  endfacet
  facet normal -0.896897 -0.44224 0
    outer loop
      vertex 33.9391 12.3061 1
      vertex 33.8928 12.4 4.5
      vertex 33.8928 12.4 1
    endloop
  endfacet
  facet normal -0.896897 -0.44224 0
    outer loop
      vertex 33.8928 12.4 4.5
      vertex 33.9391 12.3061 1
      vertex 33.9391 12.3061 4.5
    endloop
  endfacet
  facet normal 0.659248 -0.751925 0
    outer loop
      vertex 32.6343 12.5657 1
      vertex 32.713 12.6347 4.5
      vertex 32.6343 12.5657 4.5
    endloop
  endfacet
  facet normal 0.659248 -0.751925 0
    outer loop
      vertex 32.713 12.6347 4.5
      vertex 32.6343 12.5657 1
      vertex 32.713 12.6347 1
    endloop
  endfacet
  facet normal 0.997886 0.0649964 0
    outer loop
      vertex 32.4068 11.8956 4.5
      vertex 32.4 12 1
      vertex 32.4 12 4.5
    endloop
  endfacet
  facet normal 0.997886 0.0649964 0
    outer loop
      vertex 32.4 12 1
      vertex 32.4068 11.8956 4.5
      vertex 32.4068 11.8956 1
    endloop
  endfacet
  facet normal -0.0649964 0.997886 0
    outer loop
      vertex 33.3044 11.2068 1
      vertex 33.2 11.2 4.5
      vertex 33.3044 11.2068 4.5
    endloop
  endfacet
  facet normal -0.0649964 0.997886 0
    outer loop
      vertex 33.2 11.2 4.5
      vertex 33.3044 11.2068 1
      vertex 33.2 11.2 1
    endloop
  endfacet
  facet normal 0.321388 0.946948 -0
    outer loop
      vertex 32.9929 11.2273 1
      vertex 32.8939 11.2609 4.5
      vertex 32.9929 11.2273 4.5
    endloop
  endfacet
  facet normal 0.321388 0.946948 0
    outer loop
      vertex 32.8939 11.2609 4.5
      vertex 32.9929 11.2273 1
      vertex 32.8939 11.2609 1
    endloop
  endfacet
  facet normal 0.555362 -0.831609 0
    outer loop
      vertex 32.713 12.6347 1
      vertex 32.8 12.6928 4.5
      vertex 32.713 12.6347 4.5
    endloop
  endfacet
  facet normal 0.555362 -0.831609 0
    outer loop
      vertex 32.8 12.6928 4.5
      vertex 32.713 12.6347 1
      vertex 32.8 12.6928 1
    endloop
  endfacet
  facet normal -0.980654 0.195749 0
    outer loop
      vertex 33.9727 11.7929 1
      vertex 33.9932 11.8956 4.5
      vertex 33.9932 11.8956 1
    endloop
  endfacet
  facet normal -0.980654 0.195749 0
    outer loop
      vertex 33.9932 11.8956 4.5
      vertex 33.9727 11.7929 1
      vertex 33.9727 11.7929 4.5
    endloop
  endfacet
  facet normal 0.980654 0.195749 0
    outer loop
      vertex 32.4273 11.7929 4.5
      vertex 32.4068 11.8956 1
      vertex 32.4068 11.8956 4.5
    endloop
  endfacet
  facet normal 0.980654 0.195749 0
    outer loop
      vertex 32.4068 11.8956 1
      vertex 32.4273 11.7929 4.5
      vertex 32.4273 11.7929 1
    endloop
  endfacet
  facet normal 0.44224 0.896897 -0
    outer loop
      vertex 32.8939 11.2609 1
      vertex 32.8 11.3072 4.5
      vertex 32.8939 11.2609 4.5
    endloop
  endfacet
  facet normal 0.44224 0.896897 0
    outer loop
      vertex 32.8 11.3072 4.5
      vertex 32.8939 11.2609 1
      vertex 32.8 11.3072 1
    endloop
  endfacet
  facet normal -0.195749 0.980654 0
    outer loop
      vertex 33.4071 11.2273 1
      vertex 33.3044 11.2068 4.5
      vertex 33.4071 11.2273 4.5
    endloop
  endfacet
  facet normal -0.195749 0.980654 0
    outer loop
      vertex 33.3044 11.2068 4.5
      vertex 33.4071 11.2273 1
      vertex 33.3044 11.2068 1
    endloop
  endfacet
  facet normal -0.44224 -0.896897 0
    outer loop
      vertex 33.5061 12.7391 1
      vertex 33.6 12.6928 4.5
      vertex 33.5061 12.7391 4.5
    endloop
  endfacet
  facet normal -0.44224 -0.896897 -0
    outer loop
      vertex 33.6 12.6928 4.5
      vertex 33.5061 12.7391 1
      vertex 33.6 12.6928 1
    endloop
  endfacet
  facet normal 0 0 1
    outer loop
      vertex 33.9932 12.1044 1
      vertex 33.9932 11.8956 1
      vertex 34 12 1
    endloop
  endfacet
  facet normal 0 0 1
    outer loop
      vertex 33.9727 12.2071 1
      vertex 33.9932 11.8956 1
      vertex 33.9932 12.1044 1
    endloop
  endfacet
  facet normal 0 0 1
    outer loop
      vertex 33.9727 12.2071 1
      vertex 33.9727 11.7929 1
      vertex 33.9932 11.8956 1
    endloop
  endfacet
  facet normal 0 0 1
    outer loop
      vertex 33.9391 12.3061 1
      vertex 33.9727 11.7929 1
      vertex 33.9727 12.2071 1
    endloop
  endfacet
  facet normal 0 0 1
    outer loop
      vertex 33.9391 12.3061 1
      vertex 33.9391 11.6939 1
      vertex 33.9727 11.7929 1
    endloop
  endfacet
  facet normal 0 0 1
    outer loop
      vertex 33.8928 12.4 1
      vertex 33.9391 11.6939 1
      vertex 33.9391 12.3061 1
    endloop
  endfacet
  facet normal 0 0 1
    outer loop
      vertex 33.8928 12.4 1
      vertex 33.8928 11.6 1
      vertex 33.9391 11.6939 1
    endloop
  endfacet
  facet normal 0 0 1
    outer loop
      vertex 33.8347 12.487 1
      vertex 33.8928 11.6 1
      vertex 33.8928 12.4 1
    endloop
  endfacet
  facet normal 0 0 1
    outer loop
      vertex 33.8347 12.487 1
      vertex 33.8347 11.513 1
      vertex 33.8928 11.6 1
    endloop
  endfacet
  facet normal 0 0 1
    outer loop
      vertex 33.7657 12.5657 1
      vertex 33.8347 11.513 1
      vertex 33.8347 12.487 1
    endloop
  endfacet
  facet normal 0 0 1
    outer loop
      vertex 33.7657 12.5657 1
      vertex 33.7657 11.4343 1
      vertex 33.8347 11.513 1
    endloop
  endfacet
  facet normal 0 0 1
    outer loop
      vertex 33.687 12.6347 1
      vertex 33.7657 11.4343 1
      vertex 33.7657 12.5657 1
    endloop
  endfacet
  facet normal 0 0 1
    outer loop
      vertex 33.687 12.6347 1
      vertex 33.687 11.3653 1
      vertex 33.7657 11.4343 1
    endloop
  endfacet
  facet normal 0 0 1
    outer loop
      vertex 33.6 12.6928 1
      vertex 33.687 11.3653 1
      vertex 33.687 12.6347 1
    endloop
  endfacet
  facet normal 0 0 1
    outer loop
      vertex 33.6 12.6928 1
      vertex 33.6 11.3072 1
      vertex 33.687 11.3653 1
    endloop
  endfacet
  facet normal 0 0 1
    outer loop
      vertex 33.5061 12.7391 1
      vertex 33.6 11.3072 1
      vertex 33.6 12.6928 1
    endloop
  endfacet
  facet normal 0 0 1
    outer loop
      vertex 33.5061 12.7391 1
      vertex 33.5061 11.2609 1
      vertex 33.6 11.3072 1
    endloop
  endfacet
  facet normal 0 0 1
    outer loop
      vertex 33.4071 12.7727 1
      vertex 33.5061 11.2609 1
      vertex 33.5061 12.7391 1
    endloop
  endfacet
  facet normal 0 0 1
    outer loop
      vertex 33.4071 12.7727 1
      vertex 33.4071 11.2273 1
      vertex 33.5061 11.2609 1
    endloop
  endfacet
  facet normal 0 0 1
    outer loop
      vertex 33.3044 12.7932 1
      vertex 33.4071 11.2273 1
      vertex 33.4071 12.7727 1
    endloop
  endfacet
  facet normal 0 0 1
    outer loop
      vertex 33.3044 12.7932 1
      vertex 33.3044 11.2068 1
      vertex 33.4071 11.2273 1
    endloop
  endfacet
  facet normal 0 0 1
    outer loop
      vertex 33.2 12.8 1
      vertex 33.3044 11.2068 1
      vertex 33.3044 12.7932 1
    endloop
  endfacet
  facet normal 0 0 1
    outer loop
      vertex 33.2 12.8 1
      vertex 33.2 11.2 1
      vertex 33.3044 11.2068 1
    endloop
  endfacet
  facet normal -0 0 1
    outer loop
      vertex 33.0956 12.7932 1
      vertex 33.2 11.2 1
      vertex 33.2 12.8 1
    endloop
  endfacet
  facet normal 0 0 1
    outer loop
      vertex 33.0956 12.7932 1
      vertex 33.0956 11.2068 1
      vertex 33.2 11.2 1
    endloop
  endfacet
  facet normal -0 0 1
    outer loop
      vertex 32.9929 12.7727 1
      vertex 33.0956 11.2068 1
      vertex 33.0956 12.7932 1
    endloop
  endfacet
  facet normal 0 0 1
    outer loop
      vertex 32.9929 12.7727 1
      vertex 32.9929 11.2273 1
      vertex 33.0956 11.2068 1
    endloop
  endfacet
  facet normal -0 0 1
    outer loop
      vertex 32.8939 12.7391 1
      vertex 32.9929 11.2273 1
      vertex 32.9929 12.7727 1
    endloop
  endfacet
  facet normal 0 0 1
    outer loop
      vertex 32.8939 12.7391 1
      vertex 32.8939 11.2609 1
      vertex 32.9929 11.2273 1
    endloop
  endfacet
  facet normal -0 0 1
    outer loop
      vertex 32.8 12.6928 1
      vertex 32.8939 11.2609 1
      vertex 32.8939 12.7391 1
    endloop
  endfacet
  facet normal 0 0 1
    outer loop
      vertex 32.8 12.6928 1
      vertex 32.8 11.3072 1
      vertex 32.8939 11.2609 1
    endloop
  endfacet
  facet normal -0 0 1
    outer loop
      vertex 32.713 12.6347 1
      vertex 32.8 11.3072 1
      vertex 32.8 12.6928 1
    endloop
  endfacet
  facet normal 0 0 1
    outer loop
      vertex 32.713 12.6347 1
      vertex 32.713 11.3653 1
      vertex 32.8 11.3072 1
    endloop
  endfacet
  facet normal -0 0 1
    outer loop
      vertex 32.6343 12.5657 1
      vertex 32.713 11.3653 1
      vertex 32.713 12.6347 1
    endloop
  endfacet
  facet normal 0 0 1
    outer loop
      vertex 32.6343 12.5657 1
      vertex 32.6343 11.4343 1
      vertex 32.713 11.3653 1
    endloop
  endfacet
  facet normal -0 0 1
    outer loop
      vertex 32.5653 12.487 1
      vertex 32.6343 11.4343 1
      vertex 32.6343 12.5657 1
    endloop
  endfacet
  facet normal 0 0 1
    outer loop
      vertex 32.5653 12.487 1
      vertex 32.5653 11.513 1
      vertex 32.6343 11.4343 1
    endloop
  endfacet
  facet normal -0 0 1
    outer loop
      vertex 32.5072 12.4 1
      vertex 32.5653 11.513 1
      vertex 32.5653 12.487 1
    endloop
  endfacet
  facet normal 0 0 1
    outer loop
      vertex 32.5072 12.4 1
      vertex 32.5072 11.6 1
      vertex 32.5653 11.513 1
    endloop
  endfacet
  facet normal -0 0 1
    outer loop
      vertex 32.4609 12.3061 1
      vertex 32.5072 11.6 1
      vertex 32.5072 12.4 1
    endloop
  endfacet
  facet normal 0 0 1
    outer loop
      vertex 32.4609 12.3061 1
      vertex 32.4609 11.6939 1
      vertex 32.5072 11.6 1
    endloop
  endfacet
  facet normal -0 0 1
    outer loop
      vertex 32.4273 12.2071 1
      vertex 32.4609 11.6939 1
      vertex 32.4609 12.3061 1
    endloop
  endfacet
  facet normal 0 0 1
    outer loop
      vertex 32.4273 12.2071 1
      vertex 32.4273 11.7929 1
      vertex 32.4609 11.6939 1
    endloop
  endfacet
  facet normal -0 0 1
    outer loop
      vertex 32.4068 12.1044 1
      vertex 32.4273 11.7929 1
      vertex 32.4273 12.2071 1
    endloop
  endfacet
  facet normal 0 0 1
    outer loop
      vertex 32.4068 12.1044 1
      vertex 32.4068 11.8956 1
      vertex 32.4273 11.7929 1
    endloop
  endfacet
  facet normal 0 -0 1
    outer loop
      vertex 32.4068 11.8956 1
      vertex 32.4068 12.1044 1
      vertex 32.4 12 1
    endloop
  endfacet
  facet normal 0.555362 0.831609 -0
    outer loop
      vertex 32.8 11.3072 1
      vertex 32.713 11.3653 4.5
      vertex 32.8 11.3072 4.5
    endloop
  endfacet
  facet normal 0.555362 0.831609 0
    outer loop
      vertex 32.713 11.3653 4.5
      vertex 32.8 11.3072 1
      vertex 32.713 11.3653 1
    endloop
  endfacet
  facet normal 0.195749 -0.980654 0
    outer loop
      vertex 32.9929 12.7727 1
      vertex 33.0956 12.7932 4.5
      vertex 32.9929 12.7727 4.5
    endloop
  endfacet
  facet normal 0.195749 -0.980654 0
    outer loop
      vertex 33.0956 12.7932 4.5
      vertex 32.9929 12.7727 1
      vertex 33.0956 12.7932 1
    endloop
  endfacet
  facet normal -0.997886 0.0649964 0
    outer loop
      vertex 33.9932 11.8956 1
      vertex 34 12 4.5
      vertex 34 12 1
    endloop
  endfacet
  facet normal -0.997886 0.0649964 0
    outer loop
      vertex 34 12 4.5
      vertex 33.9932 11.8956 1
      vertex 33.9932 11.8956 4.5
    endloop
  endfacet
  facet normal 0.659248 0.751925 -0
    outer loop
      vertex 32.713 11.3653 1
      vertex 32.6343 11.4343 4.5
      vertex 32.713 11.3653 4.5
    endloop
  endfacet
  facet normal 0.659248 0.751925 0
    outer loop
      vertex 32.6343 11.4343 4.5
      vertex 32.713 11.3653 1
      vertex 32.6343 11.4343 1
    endloop
  endfacet
  facet normal -0.659248 0.751925 0
    outer loop
      vertex 33.7657 11.4343 1
      vertex 33.687 11.3653 4.5
      vertex 33.7657 11.4343 4.5
    endloop
  endfacet
  facet normal -0.659248 0.751925 0
    outer loop
      vertex 33.687 11.3653 4.5
      vertex 33.7657 11.4343 1
      vertex 33.687 11.3653 1
    endloop
  endfacet
  facet normal 0.44224 -0.896897 0
    outer loop
      vertex 32.8 12.6928 1
      vertex 32.8939 12.7391 4.5
      vertex 32.8 12.6928 4.5
    endloop
  endfacet
  facet normal 0.44224 -0.896897 0
    outer loop
      vertex 32.8939 12.7391 4.5
      vertex 32.8 12.6928 1
      vertex 32.8939 12.7391 1
    endloop
  endfacet
  facet normal -0.321388 0.946948 0
    outer loop
      vertex 33.5061 11.2609 1
      vertex 33.4071 11.2273 4.5
      vertex 33.5061 11.2609 4.5
    endloop
  endfacet
  facet normal -0.321388 0.946948 0
    outer loop
      vertex 33.4071 11.2273 4.5
      vertex 33.5061 11.2609 1
      vertex 33.4071 11.2273 1
    endloop
  endfacet
  facet normal -0.751925 0.659248 0
    outer loop
      vertex 33.7657 11.4343 1
      vertex 33.8347 11.513 4.5
      vertex 33.8347 11.513 1
    endloop
  endfacet
  facet normal -0.751925 0.659248 0
    outer loop
      vertex 33.8347 11.513 4.5
      vertex 33.7657 11.4343 1
      vertex 33.7657 11.4343 4.5
    endloop
  endfacet
  facet normal 0.831609 0.555362 0
    outer loop
      vertex 32.5653 11.513 4.5
      vertex 32.5072 11.6 1
      vertex 32.5072 11.6 4.5
    endloop
  endfacet
  facet normal 0.831609 0.555362 0
    outer loop
      vertex 32.5072 11.6 1
      vertex 32.5653 11.513 4.5
      vertex 32.5653 11.513 1
    endloop
  endfacet
  facet normal 0.0649964 0.997886 -0
    outer loop
      vertex 33.2 11.2 1
      vertex 33.0956 11.2068 4.5
      vertex 33.2 11.2 4.5
    endloop
  endfacet
  facet normal 0.0649964 0.997886 0
    outer loop
      vertex 33.0956 11.2068 4.5
      vertex 33.2 11.2 1
      vertex 33.0956 11.2068 1
    endloop
  endfacet
  facet normal 0.896897 0.44224 0
    outer loop
      vertex 32.5072 11.6 4.5
      vertex 32.4609 11.6939 1
      vertex 32.4609 11.6939 4.5
    endloop
  endfacet
  facet normal 0.896897 0.44224 0
    outer loop
      vertex 32.4609 11.6939 1
      vertex 32.5072 11.6 4.5
      vertex 32.5072 11.6 1
    endloop
  endfacet
  facet normal -0.896897 0.44224 0
    outer loop
      vertex 33.8928 11.6 1
      vertex 33.9391 11.6939 4.5
      vertex 33.9391 11.6939 1
    endloop
  endfacet
  facet normal -0.896897 0.44224 0
    outer loop
      vertex 33.9391 11.6939 4.5
      vertex 33.8928 11.6 1
      vertex 33.8928 11.6 4.5
    endloop
  endfacet
  facet normal -0.555362 0.831609 0
    outer loop
      vertex 33.687 11.3653 1
      vertex 33.6 11.3072 4.5
      vertex 33.687 11.3653 4.5
    endloop
  endfacet
  facet normal -0.555362 0.831609 0
    outer loop
      vertex 33.6 11.3072 4.5
      vertex 33.687 11.3653 1
      vertex 33.6 11.3072 1
    endloop
  endfacet
  facet normal 0.0649964 -0.997886 0
    outer loop
      vertex 33.0956 12.7932 1
      vertex 33.2 12.8 4.5
      vertex 33.0956 12.7932 4.5
    endloop
  endfacet
  facet normal 0.0649964 -0.997886 0
    outer loop
      vertex 33.2 12.8 4.5
      vertex 33.0956 12.7932 1
      vertex 33.2 12.8 1
    endloop
  endfacet
  facet normal 0.751925 -0.659248 0
    outer loop
      vertex 32.5653 12.487 4.5
      vertex 32.6343 12.5657 1
      vertex 32.6343 12.5657 4.5
    endloop
  endfacet
  facet normal 0.751925 -0.659248 0
    outer loop
      vertex 32.6343 12.5657 1
      vertex 32.5653 12.487 4.5
      vertex 32.5653 12.487 1
    endloop
  endfacet
  facet normal 0.751925 0.659248 0
    outer loop
      vertex 32.6343 11.4343 4.5
      vertex 32.5653 11.513 1
      vertex 32.5653 11.513 4.5
    endloop
  endfacet
  facet normal 0.751925 0.659248 0
    outer loop
      vertex 32.5653 11.513 1
      vertex 32.6343 11.4343 4.5
      vertex 32.6343 11.4343 1
    endloop
  endfacet
  facet normal -0.555362 -0.831609 0
    outer loop
      vertex 33.6 12.6928 1
      vertex 33.687 12.6347 4.5
      vertex 33.6 12.6928 4.5
    endloop
  endfacet
  facet normal -0.555362 -0.831609 -0
    outer loop
      vertex 33.687 12.6347 4.5
      vertex 33.6 12.6928 1
      vertex 33.687 12.6347 1
    endloop
  endfacet
  facet normal 0.980654 -0.195749 0
    outer loop
      vertex 32.4068 12.1044 4.5
      vertex 32.4273 12.2071 1
      vertex 32.4273 12.2071 4.5
    endloop
  endfacet
  facet normal 0.980654 -0.195749 0
    outer loop
      vertex 32.4273 12.2071 1
      vertex 32.4068 12.1044 4.5
      vertex 32.4068 12.1044 1
    endloop
  endfacet
  facet normal 0.321388 -0.946948 0
    outer loop
      vertex 32.8939 12.7391 1
      vertex 32.9929 12.7727 4.5
      vertex 32.8939 12.7391 4.5
    endloop
  endfacet
  facet normal 0.321388 -0.946948 0
    outer loop
      vertex 32.9929 12.7727 4.5
      vertex 32.8939 12.7391 1
      vertex 32.9929 12.7727 1
    endloop
  endfacet
  facet normal -0.659248 -0.751925 0
    outer loop
      vertex 33.687 12.6347 1
      vertex 33.7657 12.5657 4.5
      vertex 33.687 12.6347 4.5
    endloop
  endfacet
  facet normal -0.659248 -0.751925 -0
    outer loop
      vertex 33.7657 12.5657 4.5
      vertex 33.687 12.6347 1
      vertex 33.7657 12.5657 1
    endloop
  endfacet
  facet normal -0.0649964 -0.997886 0
    outer loop
      vertex 33.2 12.8 1
      vertex 33.3044 12.7932 4.5
      vertex 33.2 12.8 4.5
    endloop
  endfacet
  facet normal -0.0649964 -0.997886 -0
    outer loop
      vertex 33.3044 12.7932 4.5
      vertex 33.2 12.8 1
      vertex 33.3044 12.7932 1
    endloop
  endfacet
  facet normal 0.896897 -0.44224 0
    outer loop
      vertex 32.4609 12.3061 4.5
      vertex 32.5072 12.4 1
      vertex 32.5072 12.4 4.5
    endloop
  endfacet
  facet normal 0.896897 -0.44224 0
    outer loop
      vertex 32.5072 12.4 1
      vertex 32.4609 12.3061 4.5
      vertex 32.4609 12.3061 1
    endloop
  endfacet
  facet normal 0.195749 0.980654 -0
    outer loop
      vertex 33.0956 11.2068 1
      vertex 32.9929 11.2273 4.5
      vertex 33.0956 11.2068 4.5
    endloop
  endfacet
  facet normal 0.195749 0.980654 0
    outer loop
      vertex 32.9929 11.2273 4.5
      vertex 33.0956 11.2068 1
      vertex 32.9929 11.2273 1
    endloop
  endfacet
  facet normal -0.751925 -0.659248 0
    outer loop
      vertex 33.8347 12.487 1
      vertex 33.7657 12.5657 4.5
      vertex 33.7657 12.5657 1
    endloop
  endfacet
  facet normal -0.751925 -0.659248 0
    outer loop
      vertex 33.7657 12.5657 4.5
      vertex 33.8347 12.487 1
      vertex 33.8347 12.487 4.5
    endloop
  endfacet
  facet normal 0.946948 -0.321388 0
    outer loop
      vertex 32.4273 12.2071 4.5
      vertex 32.4609 12.3061 1
      vertex 32.4609 12.3061 4.5
    endloop
  endfacet
  facet normal 0.946948 -0.321388 0
    outer loop
      vertex 32.4609 12.3061 1
      vertex 32.4273 12.2071 4.5
      vertex 32.4273 12.2071 1
    endloop
  endfacet
  facet normal 0.997886 -0.0649964 0
    outer loop
      vertex 32.4 12 4.5
      vertex 32.4068 12.1044 1
      vertex 32.4068 12.1044 4.5
    endloop
  endfacet
  facet normal 0.997886 -0.0649964 0
    outer loop
      vertex 32.4068 12.1044 1
      vertex 32.4 12 4.5
      vertex 32.4 12 1
    endloop
  endfacet
  facet normal 0.831609 -0.555362 0
    outer loop
      vertex 32.5072 12.4 4.5
      vertex 32.5653 12.487 1
      vertex 32.5653 12.487 4.5
    endloop
  endfacet
  facet normal 0.831609 -0.555362 0
    outer loop
      vertex 32.5653 12.487 1
      vertex 32.5072 12.4 4.5
      vertex 32.5072 12.4 1
    endloop
  endfacet
  facet normal -0.0654873 -0.997853 0
    outer loop
      vertex -36.3916 26.0257 0
      vertex -36 26 2
      vertex -36.3916 26.0257 2
    endloop
  endfacet
  facet normal -0.0654873 -0.997853 -0
    outer loop
      vertex -36 26 2
      vertex -36.3916 26.0257 0
      vertex -36 26 0
    endloop
  endfacet
  facet normal 0.321574 -0.946885 0
    outer loop
      vertex 36.7765 26.1022 0
      vertex 37.1481 26.2284 2
      vertex 36.7765 26.1022 2
    endloop
  endfacet
  facet normal 0.321574 -0.946885 0
    outer loop
      vertex 37.1481 26.2284 2
      vertex 36.7765 26.1022 0
      vertex 37.1481 26.2284 0
    endloop
  endfacet
  facet normal 0 -1 0
    outer loop
      vertex -36 26 0
      vertex 36 26 2
      vertex -36 26 2
    endloop
  endfacet
  facet normal 0 -1 -0
    outer loop
      vertex 36 26 2
      vertex -36 26 0
      vertex 36 26 0
    endloop
  endfacet
  facet normal 0.19494 -0.980815 0
    outer loop
      vertex 36.3916 26.0257 0
      vertex 36.7765 26.1022 2
      vertex 36.3916 26.0257 2
    endloop
  endfacet
  facet normal 0.19494 -0.980815 0
    outer loop
      vertex 36.7765 26.1022 2
      vertex 36.3916 26.0257 0
      vertex 36.7765 26.1022 0
    endloop
  endfacet
  facet normal -0.19494 -0.980815 0
    outer loop
      vertex -36.7765 26.1022 0
      vertex -36.3916 26.0257 2
      vertex -36.7765 26.1022 2
    endloop
  endfacet
  facet normal -0.19494 -0.980815 -0
    outer loop
      vertex -36.3916 26.0257 2
      vertex -36.7765 26.1022 0
      vertex -36.3916 26.0257 0
    endloop
  endfacet
  facet normal -0.659478 0.751724 0
    outer loop
      vertex -37.8263 61.3801 0
      vertex -38.1213 61.1213 2
      vertex -37.8263 61.3801 2
    endloop
  endfacet
  facet normal -0.659478 0.751724 0
    outer loop
      vertex -38.1213 61.1213 2
      vertex -37.8263 61.3801 0
      vertex -38.1213 61.1213 0
    endloop
  endfacet
  facet normal 0.0654873 -0.997853 0
    outer loop
      vertex 36 26 0
      vertex 36.3916 26.0257 2
      vertex 36 26 2
    endloop
  endfacet
  facet normal 0.0654873 -0.997853 0
    outer loop
      vertex 36.3916 26.0257 2
      vertex 36 26 0
      vertex 36.3916 26.0257 0
    endloop
  endfacet
  facet normal 0.321574 0.946885 -0
    outer loop
      vertex 37.1481 61.7716 0
      vertex 36.7765 61.8978 2
      vertex 37.1481 61.7716 2
    endloop
  endfacet
  facet normal 0.321574 0.946885 0
    outer loop
      vertex 36.7765 61.8978 2
      vertex 37.1481 61.7716 0
      vertex 36.7765 61.8978 0
    endloop
  endfacet
  facet normal 0.946885 0.321574 0
    outer loop
      vertex 38.8978 59.7765 2
      vertex 38.7716 60.1481 0
      vertex 38.7716 60.1481 2
    endloop
  endfacet
  facet normal 0.946885 0.321574 0
    outer loop
      vertex 38.7716 60.1481 0
      vertex 38.8978 59.7765 2
      vertex 38.8978 59.7765 0
    endloop
  endfacet
  facet normal -0.0654873 0.997853 0
    outer loop
      vertex -36 62 0
      vertex -36.3916 61.9743 2
      vertex -36 62 2
    endloop
  endfacet
  facet normal -0.0654873 0.997853 0
    outer loop
      vertex -36.3916 61.9743 2
      vertex -36 62 0
      vertex -36.3916 61.9743 0
    endloop
  endfacet
  facet normal -1 0 0
    outer loop
      vertex -39 29 0
      vertex -39 59 2
      vertex -39 59 0
    endloop
  endfacet
  facet normal -1 -0 0
    outer loop
      vertex -39 59 2
      vertex -39 29 0
      vertex -39 29 2
    endloop
  endfacet
  facet normal -0.321574 0.946885 0
    outer loop
      vertex -36.7765 61.8978 0
      vertex -37.1481 61.7716 2
      vertex -36.7765 61.8978 2
    endloop
  endfacet
  facet normal -0.321574 0.946885 0
    outer loop
      vertex -37.1481 61.7716 2
      vertex -36.7765 61.8978 0
      vertex -37.1481 61.7716 0
    endloop
  endfacet
  facet normal 0.555523 0.831501 -0
    outer loop
      vertex 37.8263 61.3801 0
      vertex 37.5 61.5981 2
      vertex 37.8263 61.3801 2
    endloop
  endfacet
  facet normal 0.555523 0.831501 0
    outer loop
      vertex 37.5 61.5981 2
      vertex 37.8263 61.3801 0
      vertex 37.5 61.5981 0
    endloop
  endfacet
  facet normal 0.442211 -0.896911 0
    outer loop
      vertex 37.1481 26.2284 0
      vertex 37.5 26.4019 2
      vertex 37.1481 26.2284 2
    endloop
  endfacet
  facet normal 0.442211 -0.896911 0
    outer loop
      vertex 37.5 26.4019 2
      vertex 37.1481 26.2284 0
      vertex 37.5 26.4019 0
    endloop
  endfacet
  facet normal 0 0 1
    outer loop
      vertex 36.5978 58.5154 2
      vertex 39 59 2
      vertex 38.9743 59.3916 2
    endloop
  endfacet
  facet normal 0 0 1
    outer loop
      vertex 39 59 2
      vertex 36.75 57.75 2
      vertex 39 29 2
    endloop
  endfacet
  facet normal 0 0 1
    outer loop
      vertex 36.4821 58.75 2
      vertex 38.9743 59.3916 2
      vertex 38.8978 59.7765 2
    endloop
  endfacet
  facet normal -0 0 1
    outer loop
      vertex 36.75 30.25 2
      vertex 39 29 2
      vertex 36.75 57.75 2
    endloop
  endfacet
  facet normal 0 0 1
    outer loop
      vertex 36.4821 58.75 2
      vertex 38.8978 59.7765 2
      vertex 38.7716 60.1481 2
    endloop
  endfacet
  facet normal -0 0 1
    outer loop
      vertex 36.7329 29.989 2
      vertex 39 29 2
      vertex 36.75 30.25 2
    endloop
  endfacet
  facet normal 0 0 1
    outer loop
      vertex 36.3367 58.9675 2
      vertex 38.7716 60.1481 2
      vertex 38.5981 60.5 2
    endloop
  endfacet
  facet normal -0 0 1
    outer loop
      vertex 36.6819 29.7324 2
      vertex 39 29 2
      vertex 36.7329 29.989 2
    endloop
  endfacet
  facet normal 0 0 1
    outer loop
      vertex 36.3367 58.9675 2
      vertex 38.5981 60.5 2
      vertex 38.3801 60.8263 2
    endloop
  endfacet
  facet normal -0 0 1
    outer loop
      vertex 36.5978 29.4846 2
      vertex 39 29 2
      vertex 36.6819 29.7324 2
    endloop
  endfacet
  facet normal 0 0 1
    outer loop
      vertex 36.1642 59.1642 2
      vertex 38.3801 60.8263 2
      vertex 38.1213 61.1213 2
    endloop
  endfacet
  facet normal 0 0 1
    outer loop
      vertex 39 29 2
      vertex 36.5978 29.4846 2
      vertex 38.9743 28.6084 2
    endloop
  endfacet
  facet normal 0 0 1
    outer loop
      vertex 36.1642 59.1642 2
      vertex 38.1213 61.1213 2
      vertex 37.8263 61.3801 2
    endloop
  endfacet
  facet normal -0 0 1
    outer loop
      vertex 36.4821 29.25 2
      vertex 38.9743 28.6084 2
      vertex 36.5978 29.4846 2
    endloop
  endfacet
  facet normal 0 0 1
    outer loop
      vertex 35.9675 59.3367 2
      vertex 37.8263 61.3801 2
      vertex 37.5 61.5981 2
    endloop
  endfacet
  facet normal 0 0 1
    outer loop
      vertex 38.9743 28.6084 2
      vertex 36.4821 29.25 2
      vertex 38.8978 28.2235 2
    endloop
  endfacet
  facet normal 0 0 1
    outer loop
      vertex 35.9675 59.3367 2
      vertex 37.5 61.5981 2
      vertex 37.1481 61.7716 2
    endloop
  endfacet
  facet normal 0 0 1
    outer loop
      vertex 38.8978 28.2235 2
      vertex 36.4821 29.25 2
      vertex 38.7716 27.8519 2
    endloop
  endfacet
  facet normal 0 0 1
    outer loop
      vertex 35.75 59.4821 2
      vertex 37.1481 61.7716 2
      vertex 36.7765 61.8978 2
    endloop
  endfacet
  facet normal -0 0 1
    outer loop
      vertex 36.3367 29.0325 2
      vertex 38.7716 27.8519 2
      vertex 36.4821 29.25 2
    endloop
  endfacet
  facet normal 0 0 1
    outer loop
      vertex 38.7716 27.8519 2
      vertex 36.3367 29.0325 2
      vertex 38.5981 27.5 2
    endloop
  endfacet
  facet normal 0 0 1
    outer loop
      vertex 39 59 2
      vertex 36.7329 58.011 2
      vertex 36.75 57.75 2
    endloop
  endfacet
  facet normal 0 0 1
    outer loop
      vertex 39 59 2
      vertex 36.6819 58.2676 2
      vertex 36.7329 58.011 2
    endloop
  endfacet
  facet normal 0 0 1
    outer loop
      vertex 39 59 2
      vertex 36.5978 58.5154 2
      vertex 36.6819 58.2676 2
    endloop
  endfacet
  facet normal 0 0 1
    outer loop
      vertex 38.9743 59.3916 2
      vertex 36.4821 58.75 2
      vertex 36.5978 58.5154 2
    endloop
  endfacet
  facet normal 0 0 1
    outer loop
      vertex 35.75 59.4821 2
      vertex 36.7765 61.8978 2
      vertex 36.3916 61.9743 2
    endloop
  endfacet
  facet normal 0 0 1
    outer loop
      vertex 38.7716 60.1481 2
      vertex 36.3367 58.9675 2
      vertex 36.4821 58.75 2
    endloop
  endfacet
  facet normal 0 0 1
    outer loop
      vertex 38.3801 60.8263 2
      vertex 36.1642 59.1642 2
      vertex 36.3367 58.9675 2
    endloop
  endfacet
  facet normal 0 0 1
    outer loop
      vertex 35.5154 59.5978 2
      vertex 36.3916 61.9743 2
      vertex 36 62 2
    endloop
  endfacet
  facet normal 0 0 1
    outer loop
      vertex 37.8263 61.3801 2
      vertex 35.9675 59.3367 2
      vertex 36.1642 59.1642 2
    endloop
  endfacet
  facet normal 0 0 1
    outer loop
      vertex 37.1481 61.7716 2
      vertex 35.75 59.4821 2
      vertex 35.9675 59.3367 2
    endloop
  endfacet
  facet normal 0 0 1
    outer loop
      vertex 36.3916 61.9743 2
      vertex 35.5154 59.5978 2
      vertex 35.75 59.4821 2
    endloop
  endfacet
  facet normal 0 0 1
    outer loop
      vertex 36 62 2
      vertex 35.2676 59.6819 2
      vertex 35.5154 59.5978 2
    endloop
  endfacet
  facet normal 0 0 1
    outer loop
      vertex 36 62 2
      vertex 35.011 59.7329 2
      vertex 35.2676 59.6819 2
    endloop
  endfacet
  facet normal 0 0 1
    outer loop
      vertex 36 62 2
      vertex 34.75 59.75 2
      vertex 35.011 59.7329 2
    endloop
  endfacet
  facet normal 0 0 1
    outer loop
      vertex 36 62 2
      vertex -34.75 59.75 2
      vertex 34.75 59.75 2
    endloop
  endfacet
  facet normal -0 0 1
    outer loop
      vertex -36 62 2
      vertex -34.75 59.75 2
      vertex 36 62 2
    endloop
  endfacet
  facet normal 0 0 1
    outer loop
      vertex -36 62 2
      vertex -35.011 59.7329 2
      vertex -34.75 59.75 2
    endloop
  endfacet
  facet normal 0 0 1
    outer loop
      vertex -36 62 2
      vertex -35.2676 59.6819 2
      vertex -35.011 59.7329 2
    endloop
  endfacet
  facet normal 0 0 1
    outer loop
      vertex -36 62 2
      vertex -35.5154 59.5978 2
      vertex -35.2676 59.6819 2
    endloop
  endfacet
  facet normal -0 0 1
    outer loop
      vertex -36.3916 61.9743 2
      vertex -35.5154 59.5978 2
      vertex -36 62 2
    endloop
  endfacet
  facet normal 0 0 1
    outer loop
      vertex -35.5154 59.5978 2
      vertex -36.3916 61.9743 2
      vertex -35.75 59.4821 2
    endloop
  endfacet
  facet normal -0 0 1
    outer loop
      vertex -36.7765 61.8978 2
      vertex -35.75 59.4821 2
      vertex -36.3916 61.9743 2
    endloop
  endfacet
  facet normal -0 0 1
    outer loop
      vertex -37.1481 61.7716 2
      vertex -35.75 59.4821 2
      vertex -36.7765 61.8978 2
    endloop
  endfacet
  facet normal 0 0 1
    outer loop
      vertex -35.75 59.4821 2
      vertex -37.1481 61.7716 2
      vertex -35.9675 59.3367 2
    endloop
  endfacet
  facet normal -0 0 1
    outer loop
      vertex -37.5 61.5981 2
      vertex -35.9675 59.3367 2
      vertex -37.1481 61.7716 2
    endloop
  endfacet
  facet normal -0 0 1
    outer loop
      vertex -37.8263 61.3801 2
      vertex -35.9675 59.3367 2
      vertex -37.5 61.5981 2
    endloop
  endfacet
  facet normal 0 0 1
    outer loop
      vertex -35.9675 59.3367 2
      vertex -37.8263 61.3801 2
      vertex -36.1642 59.1642 2
    endloop
  endfacet
  facet normal -0 0 1
    outer loop
      vertex -38.1213 61.1213 2
      vertex -36.1642 59.1642 2
      vertex -37.8263 61.3801 2
    endloop
  endfacet
  facet normal -0 0 1
    outer loop
      vertex -38.5981 60.5 2
      vertex -36.3367 58.9675 2
      vertex -38.3801 60.8263 2
    endloop
  endfacet
  facet normal 0 0 1
    outer loop
      vertex -36.1642 59.1642 2
      vertex -38.3801 60.8263 2
      vertex -36.3367 58.9675 2
    endloop
  endfacet
  facet normal -0 0 1
    outer loop
      vertex -38.3801 60.8263 2
      vertex -36.1642 59.1642 2
      vertex -38.1213 61.1213 2
    endloop
  endfacet
  facet normal 0 0 1
    outer loop
      vertex 38.5981 27.5 2
      vertex 36.3367 29.0325 2
      vertex 38.3801 27.1737 2
    endloop
  endfacet
  facet normal -0 0 1
    outer loop
      vertex 36.1642 28.8358 2
      vertex 38.3801 27.1737 2
      vertex 36.3367 29.0325 2
    endloop
  endfacet
  facet normal 0 0 1
    outer loop
      vertex 38.3801 27.1737 2
      vertex 36.1642 28.8358 2
      vertex 38.1213 26.8787 2
    endloop
  endfacet
  facet normal 0 0 1
    outer loop
      vertex 38.1213 26.8787 2
      vertex 36.1642 28.8358 2
      vertex 37.8263 26.6199 2
    endloop
  endfacet
  facet normal -0 0 1
    outer loop
      vertex 35.9675 28.6633 2
      vertex 37.8263 26.6199 2
      vertex 36.1642 28.8358 2
    endloop
  endfacet
  facet normal 0 0 1
    outer loop
      vertex 37.8263 26.6199 2
      vertex 35.9675 28.6633 2
      vertex 37.5 26.4019 2
    endloop
  endfacet
  facet normal 0 0 1
    outer loop
      vertex 37.5 26.4019 2
      vertex 35.9675 28.6633 2
      vertex 37.1481 26.2284 2
    endloop
  endfacet
  facet normal -0 0 1
    outer loop
      vertex 35.75 28.5179 2
      vertex 37.1481 26.2284 2
      vertex 35.9675 28.6633 2
    endloop
  endfacet
  facet normal 0 0 1
    outer loop
      vertex 37.1481 26.2284 2
      vertex 35.75 28.5179 2
      vertex 36.7765 26.1022 2
    endloop
  endfacet
  facet normal 0 0 1
    outer loop
      vertex 36.7765 26.1022 2
      vertex 35.75 28.5179 2
      vertex 36.3916 26.0257 2
    endloop
  endfacet
  facet normal -0 0 1
    outer loop
      vertex 35.5154 28.4022 2
      vertex 36.3916 26.0257 2
      vertex 35.75 28.5179 2
    endloop
  endfacet
  facet normal 0 0 1
    outer loop
      vertex 36.3916 26.0257 2
      vertex 35.5154 28.4022 2
      vertex 36 26 2
    endloop
  endfacet
  facet normal -0 0 1
    outer loop
      vertex 35.2676 28.3181 2
      vertex 36 26 2
      vertex 35.5154 28.4022 2
    endloop
  endfacet
  facet normal -0 0 1
    outer loop
      vertex 35.011 28.2671 2
      vertex 36 26 2
      vertex 35.2676 28.3181 2
    endloop
  endfacet
  facet normal -0 0 1
    outer loop
      vertex 34.75 28.25 2
      vertex 36 26 2
      vertex 35.011 28.2671 2
    endloop
  endfacet
  facet normal -0 0 1
    outer loop
      vertex -34.75 28.25 2
      vertex 36 26 2
      vertex 34.75 28.25 2
    endloop
  endfacet
  facet normal 0 0 1
    outer loop
      vertex -34.75 28.25 2
      vertex -36 26 2
      vertex 36 26 2
    endloop
  endfacet
  facet normal 0 0 1
    outer loop
      vertex -35.011 28.2671 2
      vertex -36 26 2
      vertex -34.75 28.25 2
    endloop
  endfacet
  facet normal 0 0 1
    outer loop
      vertex -35.2676 28.3181 2
      vertex -36 26 2
      vertex -35.011 28.2671 2
    endloop
  endfacet
  facet normal 0 0 1
    outer loop
      vertex -35.5154 28.4022 2
      vertex -36 26 2
      vertex -35.2676 28.3181 2
    endloop
  endfacet
  facet normal 0 0 1
    outer loop
      vertex -36.3916 26.0257 2
      vertex -35.5154 28.4022 2
      vertex -35.75 28.5179 2
    endloop
  endfacet
  facet normal 0 0 1
    outer loop
      vertex -37.1481 26.2284 2
      vertex -35.75 28.5179 2
      vertex -35.9675 28.6633 2
    endloop
  endfacet
  facet normal 0 0 1
    outer loop
      vertex -37.8263 26.6199 2
      vertex -35.9675 28.6633 2
      vertex -36.1642 28.8358 2
    endloop
  endfacet
  facet normal 0 0 1
    outer loop
      vertex -38.3801 27.1737 2
      vertex -36.1642 28.8358 2
      vertex -36.3367 29.0325 2
    endloop
  endfacet
  facet normal 0 0 1
    outer loop
      vertex -35.5154 28.4022 2
      vertex -36.3916 26.0257 2
      vertex -36 26 2
    endloop
  endfacet
  facet normal 0 0 1
    outer loop
      vertex -38.7716 27.8519 2
      vertex -36.3367 29.0325 2
      vertex -36.4821 29.25 2
    endloop
  endfacet
  facet normal 0 0 1
    outer loop
      vertex -38.9743 28.6084 2
      vertex -36.4821 29.25 2
      vertex -36.5978 29.4846 2
    endloop
  endfacet
  facet normal 0 0 1
    outer loop
      vertex -39 29 2
      vertex -36.5978 29.4846 2
      vertex -36.6819 29.7324 2
    endloop
  endfacet
  facet normal 0 0 1
    outer loop
      vertex -39 29 2
      vertex -36.6819 29.7324 2
      vertex -36.7329 29.989 2
    endloop
  endfacet
  facet normal 0 0 1
    outer loop
      vertex -35.75 28.5179 2
      vertex -36.7765 26.1022 2
      vertex -36.3916 26.0257 2
    endloop
  endfacet
  facet normal 0 0 1
    outer loop
      vertex -39 29 2
      vertex -36.7329 29.989 2
      vertex -36.75 30.25 2
    endloop
  endfacet
  facet normal 0 0 1
    outer loop
      vertex -36.75 57.75 2
      vertex -39 59 2
      vertex -36.75 30.25 2
    endloop
  endfacet
  facet normal -0 0 1
    outer loop
      vertex -38.7716 60.1481 2
      vertex -36.3367 58.9675 2
      vertex -38.5981 60.5 2
    endloop
  endfacet
  facet normal 0 0 1
    outer loop
      vertex -39 29 2
      vertex -36.75 30.25 2
      vertex -39 59 2
    endloop
  endfacet
  facet normal 0 0 1
    outer loop
      vertex -36.3367 58.9675 2
      vertex -38.7716 60.1481 2
      vertex -36.4821 58.75 2
    endloop
  endfacet
  facet normal 0 0 1
    outer loop
      vertex -36.5978 29.4846 2
      vertex -39 29 2
      vertex -38.9743 28.6084 2
    endloop
  endfacet
  facet normal -0 0 1
    outer loop
      vertex -38.8978 59.7765 2
      vertex -36.4821 58.75 2
      vertex -38.7716 60.1481 2
    endloop
  endfacet
  facet normal 0 0 1
    outer loop
      vertex -35.75 28.5179 2
      vertex -37.1481 26.2284 2
      vertex -36.7765 26.1022 2
    endloop
  endfacet
  facet normal -0 0 1
    outer loop
      vertex -38.9743 59.3916 2
      vertex -36.4821 58.75 2
      vertex -38.8978 59.7765 2
    endloop
  endfacet
  facet normal 0 0 1
    outer loop
      vertex -35.9675 28.6633 2
      vertex -37.5 26.4019 2
      vertex -37.1481 26.2284 2
    endloop
  endfacet
  facet normal 0 0 1
    outer loop
      vertex -36.4821 58.75 2
      vertex -38.9743 59.3916 2
      vertex -36.5978 58.5154 2
    endloop
  endfacet
  facet normal 0 0 1
    outer loop
      vertex -35.9675 28.6633 2
      vertex -37.8263 26.6199 2
      vertex -37.5 26.4019 2
    endloop
  endfacet
  facet normal -0 0 1
    outer loop
      vertex -39 59 2
      vertex -36.5978 58.5154 2
      vertex -38.9743 59.3916 2
    endloop
  endfacet
  facet normal 0 0 1
    outer loop
      vertex -36.1642 28.8358 2
      vertex -38.1213 26.8787 2
      vertex -37.8263 26.6199 2
    endloop
  endfacet
  facet normal 0 0 1
    outer loop
      vertex -36.5978 58.5154 2
      vertex -39 59 2
      vertex -36.6819 58.2676 2
    endloop
  endfacet
  facet normal 0 0 1
    outer loop
      vertex -36.1642 28.8358 2
      vertex -38.3801 27.1737 2
      vertex -38.1213 26.8787 2
    endloop
  endfacet
  facet normal 0 0 1
    outer loop
      vertex -36.6819 58.2676 2
      vertex -39 59 2
      vertex -36.7329 58.011 2
    endloop
  endfacet
  facet normal 0 0 1
    outer loop
      vertex -36.3367 29.0325 2
      vertex -38.5981 27.5 2
      vertex -38.3801 27.1737 2
    endloop
  endfacet
  facet normal 0 0 1
    outer loop
      vertex -36.7329 58.011 2
      vertex -39 59 2
      vertex -36.75 57.75 2
    endloop
  endfacet
  facet normal 0 0 1
    outer loop
      vertex -36.3367 29.0325 2
      vertex -38.7716 27.8519 2
      vertex -38.5981 27.5 2
    endloop
  endfacet
  facet normal 0 0 1
    outer loop
      vertex -36.4821 29.25 2
      vertex -38.8978 28.2235 2
      vertex -38.7716 27.8519 2
    endloop
  endfacet
  facet normal 0 0 1
    outer loop
      vertex -36.4821 29.25 2
      vertex -38.9743 28.6084 2
      vertex -38.8978 28.2235 2
    endloop
  endfacet
  facet normal 0 1 -0
    outer loop
      vertex 36 62 0
      vertex -36 62 2
      vertex 36 62 2
    endloop
  endfacet
  facet normal 0 1 0
    outer loop
      vertex -36 62 2
      vertex 36 62 0
      vertex -36 62 0
    endloop
  endfacet
  facet normal 0.659478 -0.751724 0
    outer loop
      vertex 37.8263 26.6199 0
      vertex 38.1213 26.8787 2
      vertex 37.8263 26.6199 2
    endloop
  endfacet
  facet normal 0.659478 -0.751724 0
    outer loop
      vertex 38.1213 26.8787 2
      vertex 37.8263 26.6199 0
      vertex 38.1213 26.8787 0
    endloop
  endfacet
  facet normal -0.321574 -0.946885 0
    outer loop
      vertex -37.1481 26.2284 0
      vertex -36.7765 26.1022 2
      vertex -37.1481 26.2284 2
    endloop
  endfacet
  facet normal -0.321574 -0.946885 -0
    outer loop
      vertex -36.7765 26.1022 2
      vertex -37.1481 26.2284 0
      vertex -36.7765 26.1022 0
    endloop
  endfacet
  facet normal -0.946885 0.321574 0
    outer loop
      vertex -38.8978 59.7765 0
      vertex -38.7716 60.1481 2
      vertex -38.7716 60.1481 0
    endloop
  endfacet
  facet normal -0.946885 0.321574 0
    outer loop
      vertex -38.7716 60.1481 2
      vertex -38.8978 59.7765 0
      vertex -38.8978 59.7765 2
    endloop
  endfacet
  facet normal -0.896911 0.442211 0
    outer loop
      vertex -38.7716 60.1481 0
      vertex -38.5981 60.5 2
      vertex -38.5981 60.5 0
    endloop
  endfacet
  facet normal -0.896911 0.442211 0
    outer loop
      vertex -38.5981 60.5 2
      vertex -38.7716 60.1481 0
      vertex -38.7716 60.1481 2
    endloop
  endfacet
  facet normal 1 -0 0
    outer loop
      vertex 39 29 2
      vertex 39 59 0
      vertex 39 59 2
    endloop
  endfacet
  facet normal 1 0 0
    outer loop
      vertex 39 59 0
      vertex 39 29 2
      vertex 39 29 0
    endloop
  endfacet
  facet normal -0.442211 0.896911 0
    outer loop
      vertex -37.1481 61.7716 0
      vertex -37.5 61.5981 2
      vertex -37.1481 61.7716 2
    endloop
  endfacet
  facet normal -0.442211 0.896911 0
    outer loop
      vertex -37.5 61.5981 2
      vertex -37.1481 61.7716 0
      vertex -37.5 61.5981 0
    endloop
  endfacet
  facet normal 0.831501 -0.555523 0
    outer loop
      vertex 38.3801 27.1737 2
      vertex 38.5981 27.5 0
      vertex 38.5981 27.5 2
    endloop
  endfacet
  facet normal 0.831501 -0.555523 0
    outer loop
      vertex 38.5981 27.5 0
      vertex 38.3801 27.1737 2
      vertex 38.3801 27.1737 0
    endloop
  endfacet
  facet normal 0.19494 0.980815 -0
    outer loop
      vertex 36.7765 61.8978 0
      vertex 36.3916 61.9743 2
      vertex 36.7765 61.8978 2
    endloop
  endfacet
  facet normal 0.19494 0.980815 0
    outer loop
      vertex 36.3916 61.9743 2
      vertex 36.7765 61.8978 0
      vertex 36.3916 61.9743 0
    endloop
  endfacet
  facet normal 0.751724 -0.659478 0
    outer loop
      vertex 38.1213 26.8787 2
      vertex 38.3801 27.1737 0
      vertex 38.3801 27.1737 2
    endloop
  endfacet
  facet normal 0.751724 -0.659478 0
    outer loop
      vertex 38.3801 27.1737 0
      vertex 38.1213 26.8787 2
      vertex 38.1213 26.8787 0
    endloop
  endfacet
  facet normal -0.19494 0.980815 0
    outer loop
      vertex -36.3916 61.9743 0
      vertex -36.7765 61.8978 2
      vertex -36.3916 61.9743 2
    endloop
  endfacet
  facet normal -0.19494 0.980815 0
    outer loop
      vertex -36.7765 61.8978 2
      vertex -36.3916 61.9743 0
      vertex -36.7765 61.8978 0
    endloop
  endfacet
  facet normal 0.997853 -0.0654873 0
    outer loop
      vertex 38.9743 28.6084 2
      vertex 39 29 0
      vertex 39 29 2
    endloop
  endfacet
  facet normal 0.997853 -0.0654873 0
    outer loop
      vertex 39 29 0
      vertex 38.9743 28.6084 2
      vertex 38.9743 28.6084 0
    endloop
  endfacet
  facet normal -0.980815 0.19494 0
    outer loop
      vertex -38.9743 59.3916 0
      vertex -38.8978 59.7765 2
      vertex -38.8978 59.7765 0
    endloop
  endfacet
  facet normal -0.980815 0.19494 0
    outer loop
      vertex -38.8978 59.7765 2
      vertex -38.9743 59.3916 0
      vertex -38.9743 59.3916 2
    endloop
  endfacet
  facet normal -0.555523 0.831501 0
    outer loop
      vertex -37.5 61.5981 0
      vertex -37.8263 61.3801 2
      vertex -37.5 61.5981 2
    endloop
  endfacet
  facet normal -0.555523 0.831501 0
    outer loop
      vertex -37.8263 61.3801 2
      vertex -37.5 61.5981 0
      vertex -37.8263 61.3801 0
    endloop
  endfacet
  facet normal -0.997853 -0.0654873 0
    outer loop
      vertex -38.9743 28.6084 0
      vertex -39 29 2
      vertex -39 29 0
    endloop
  endfacet
  facet normal -0.997853 -0.0654873 0
    outer loop
      vertex -39 29 2
      vertex -38.9743 28.6084 0
      vertex -38.9743 28.6084 2
    endloop
  endfacet
  facet normal 0.751724 0.659478 0
    outer loop
      vertex 38.3801 60.8263 2
      vertex 38.1213 61.1213 0
      vertex 38.1213 61.1213 2
    endloop
  endfacet
  facet normal 0.751724 0.659478 0
    outer loop
      vertex 38.1213 61.1213 0
      vertex 38.3801 60.8263 2
      vertex 38.3801 60.8263 0
    endloop
  endfacet
  facet normal 0.0654873 0.997853 -0
    outer loop
      vertex 36.3916 61.9743 0
      vertex 36 62 2
      vertex 36.3916 61.9743 2
    endloop
  endfacet
  facet normal 0.0654873 0.997853 0
    outer loop
      vertex 36 62 2
      vertex 36.3916 61.9743 0
      vertex 36 62 0
    endloop
  endfacet
  facet normal -0.751724 0.659478 0
    outer loop
      vertex -38.3801 60.8263 0
      vertex -38.1213 61.1213 2
      vertex -38.1213 61.1213 0
    endloop
  endfacet
  facet normal -0.751724 0.659478 0
    outer loop
      vertex -38.1213 61.1213 2
      vertex -38.3801 60.8263 0
      vertex -38.3801 60.8263 2
    endloop
  endfacet
  facet normal 0.831501 0.555523 0
    outer loop
      vertex 38.5981 60.5 2
      vertex 38.3801 60.8263 0
      vertex 38.3801 60.8263 2
    endloop
  endfacet
  facet normal 0.831501 0.555523 0
    outer loop
      vertex 38.3801 60.8263 0
      vertex 38.5981 60.5 2
      vertex 38.5981 60.5 0
    endloop
  endfacet
  facet normal -0.831501 0.555523 0
    outer loop
      vertex -38.5981 60.5 0
      vertex -38.3801 60.8263 2
      vertex -38.3801 60.8263 0
    endloop
  endfacet
  facet normal -0.831501 0.555523 0
    outer loop
      vertex -38.3801 60.8263 2
      vertex -38.5981 60.5 0
      vertex -38.5981 60.5 2
    endloop
  endfacet
  facet normal -0.751724 -0.659478 0
    outer loop
      vertex -38.1213 26.8787 0
      vertex -38.3801 27.1737 2
      vertex -38.3801 27.1737 0
    endloop
  endfacet
  facet normal -0.751724 -0.659478 0
    outer loop
      vertex -38.3801 27.1737 2
      vertex -38.1213 26.8787 0
      vertex -38.1213 26.8787 2
    endloop
  endfacet
  facet normal 0.659478 0.751724 -0
    outer loop
      vertex 38.1213 61.1213 0
      vertex 37.8263 61.3801 2
      vertex 38.1213 61.1213 2
    endloop
  endfacet
  facet normal 0.659478 0.751724 0
    outer loop
      vertex 37.8263 61.3801 2
      vertex 38.1213 61.1213 0
      vertex 37.8263 61.3801 0
    endloop
  endfacet
  facet normal 0.896911 0.442211 0
    outer loop
      vertex 38.7716 60.1481 2
      vertex 38.5981 60.5 0
      vertex 38.5981 60.5 2
    endloop
  endfacet
  facet normal 0.896911 0.442211 0
    outer loop
      vertex 38.5981 60.5 0
      vertex 38.7716 60.1481 2
      vertex 38.7716 60.1481 0
    endloop
  endfacet
  facet normal 0.980815 0.19494 0
    outer loop
      vertex 38.9743 59.3916 2
      vertex 38.8978 59.7765 0
      vertex 38.8978 59.7765 2
    endloop
  endfacet
  facet normal 0.980815 0.19494 0
    outer loop
      vertex 38.8978 59.7765 0
      vertex 38.9743 59.3916 2
      vertex 38.9743 59.3916 0
    endloop
  endfacet
  facet normal 0.946885 -0.321574 0
    outer loop
      vertex 38.7716 27.8519 2
      vertex 38.8978 28.2235 0
      vertex 38.8978 28.2235 2
    endloop
  endfacet
  facet normal 0.946885 -0.321574 0
    outer loop
      vertex 38.8978 28.2235 0
      vertex 38.7716 27.8519 2
      vertex 38.7716 27.8519 0
    endloop
  endfacet
  facet normal 0.896911 -0.442211 0
    outer loop
      vertex 38.5981 27.5 2
      vertex 38.7716 27.8519 0
      vertex 38.7716 27.8519 2
    endloop
  endfacet
  facet normal 0.896911 -0.442211 0
    outer loop
      vertex 38.7716 27.8519 0
      vertex 38.5981 27.5 2
      vertex 38.5981 27.5 0
    endloop
  endfacet
  facet normal -0.997853 0.0654873 0
    outer loop
      vertex -39 59 0
      vertex -38.9743 59.3916 2
      vertex -38.9743 59.3916 0
    endloop
  endfacet
  facet normal -0.997853 0.0654873 0
    outer loop
      vertex -38.9743 59.3916 2
      vertex -39 59 0
      vertex -39 59 2
    endloop
  endfacet
  facet normal 0.997853 0.0654873 0
    outer loop
      vertex 39 59 2
      vertex 38.9743 59.3916 0
      vertex 38.9743 59.3916 2
    endloop
  endfacet
  facet normal 0.997853 0.0654873 0
    outer loop
      vertex 38.9743 59.3916 0
      vertex 39 59 2
      vertex 39 59 0
    endloop
  endfacet
  facet normal -0.442211 -0.896911 0
    outer loop
      vertex -37.5 26.4019 0
      vertex -37.1481 26.2284 2
      vertex -37.5 26.4019 2
    endloop
  endfacet
  facet normal -0.442211 -0.896911 -0
    outer loop
      vertex -37.1481 26.2284 2
      vertex -37.5 26.4019 0
      vertex -37.1481 26.2284 0
    endloop
  endfacet
  facet normal 0.555523 -0.831501 0
    outer loop
      vertex 37.5 26.4019 0
      vertex 37.8263 26.6199 2
      vertex 37.5 26.4019 2
    endloop
  endfacet
  facet normal 0.555523 -0.831501 0
    outer loop
      vertex 37.8263 26.6199 2
      vertex 37.5 26.4019 0
      vertex 37.8263 26.6199 0
    endloop
  endfacet
  facet normal -0.555523 -0.831501 0
    outer loop
      vertex -37.8263 26.6199 0
      vertex -37.5 26.4019 2
      vertex -37.8263 26.6199 2
    endloop
  endfacet
  facet normal -0.555523 -0.831501 -0
    outer loop
      vertex -37.5 26.4019 2
      vertex -37.8263 26.6199 0
      vertex -37.5 26.4019 0
    endloop
  endfacet
  facet normal 0.442211 0.896911 -0
    outer loop
      vertex 37.5 61.5981 0
      vertex 37.1481 61.7716 2
      vertex 37.5 61.5981 2
    endloop
  endfacet
  facet normal 0.442211 0.896911 0
    outer loop
      vertex 37.1481 61.7716 2
      vertex 37.5 61.5981 0
      vertex 37.1481 61.7716 0
    endloop
  endfacet
  facet normal -0.896911 -0.442211 0
    outer loop
      vertex -38.5981 27.5 0
      vertex -38.7716 27.8519 2
      vertex -38.7716 27.8519 0
    endloop
  endfacet
  facet normal -0.896911 -0.442211 0
    outer loop
      vertex -38.7716 27.8519 2
      vertex -38.5981 27.5 0
      vertex -38.5981 27.5 2
    endloop
  endfacet
  facet normal -0.980815 -0.19494 0
    outer loop
      vertex -38.8978 28.2235 0
      vertex -38.9743 28.6084 2
      vertex -38.9743 28.6084 0
    endloop
  endfacet
  facet normal -0.980815 -0.19494 0
    outer loop
      vertex -38.9743 28.6084 2
      vertex -38.8978 28.2235 0
      vertex -38.8978 28.2235 2
    endloop
  endfacet
  facet normal -0.831501 -0.555523 0
    outer loop
      vertex -38.3801 27.1737 0
      vertex -38.5981 27.5 2
      vertex -38.5981 27.5 0
    endloop
  endfacet
  facet normal -0.831501 -0.555523 0
    outer loop
      vertex -38.5981 27.5 2
      vertex -38.3801 27.1737 0
      vertex -38.3801 27.1737 2
    endloop
  endfacet
  facet normal -0.659478 -0.751724 0
    outer loop
      vertex -38.1213 26.8787 0
      vertex -37.8263 26.6199 2
      vertex -38.1213 26.8787 2
    endloop
  endfacet
  facet normal -0.659478 -0.751724 -0
    outer loop
      vertex -37.8263 26.6199 2
      vertex -38.1213 26.8787 0
      vertex -37.8263 26.6199 0
    endloop
  endfacet
  facet normal -0.946885 -0.321574 0
    outer loop
      vertex -38.7716 27.8519 0
      vertex -38.8978 28.2235 2
      vertex -38.8978 28.2235 0
    endloop
  endfacet
  facet normal -0.946885 -0.321574 0
    outer loop
      vertex -38.8978 28.2235 2
      vertex -38.7716 27.8519 0
      vertex -38.7716 27.8519 2
    endloop
  endfacet
  facet normal 0 0 -1
    outer loop
      vertex -33.5 49.8 0
      vertex -28.5 53.2 0
      vertex -28.5 49.8 0
    endloop
  endfacet
  facet normal -0 0 -1
    outer loop
      vertex -28.5 53.2 0
      vertex -33.5 49.8 0
      vertex -33.5 53.2 0
    endloop
  endfacet
  facet normal 0 0 -1
    outer loop
      vertex -33.5 44.8 0
      vertex -28.5 48.2 0
      vertex -28.5 44.8 0
    endloop
  endfacet
  facet normal -0 0 -1
    outer loop
      vertex -28.5 48.2 0
      vertex -33.5 44.8 0
      vertex -33.5 48.2 0
    endloop
  endfacet
  facet normal 0 0 -1
    outer loop
      vertex -33.5 39.8 0
      vertex -28.5 43.2 0
      vertex -28.5 39.8 0
    endloop
  endfacet
  facet normal -0 0 -1
    outer loop
      vertex -28.5 43.2 0
      vertex -33.5 39.8 0
      vertex -33.5 43.2 0
    endloop
  endfacet
  facet normal 0 0 -1
    outer loop
      vertex -33.5 34.8 0
      vertex -28.5 38.2 0
      vertex -28.5 34.8 0
    endloop
  endfacet
  facet normal -0 0 -1
    outer loop
      vertex -28.5 38.2 0
      vertex -33.5 34.8 0
      vertex -33.5 38.2 0
    endloop
  endfacet
  facet normal 0 0 -1
    outer loop
      vertex -28.5 43.2 0
      vertex -14 32 0
      vertex -22 32 0
    endloop
  endfacet
  facet normal 0 0 -1
    outer loop
      vertex -14 32 0
      vertex -28.5 43.2 0
      vertex -14 56 0
    endloop
  endfacet
  facet normal 0 0 -1
    outer loop
      vertex 14 56 0
      vertex 28.5 44.8 0
      vertex 14 32 0
    endloop
  endfacet
  facet normal 0 0 -1
    outer loop
      vertex 28.5 44.8 0
      vertex 14 56 0
      vertex 22 56 0
    endloop
  endfacet
  facet normal 0 0 -1
    outer loop
      vertex 28.5 49.8 0
      vertex 33.5 53.2 0
      vertex 33.5 49.8 0
    endloop
  endfacet
  facet normal -0 0 -1
    outer loop
      vertex 33.5 53.2 0
      vertex 28.5 49.8 0
      vertex 28.5 53.2 0
    endloop
  endfacet
  facet normal 0 0 -1
    outer loop
      vertex 28.5 44.8 0
      vertex 33.5 48.2 0
      vertex 33.5 44.8 0
    endloop
  endfacet
  facet normal -0 0 -1
    outer loop
      vertex 33.5 48.2 0
      vertex 28.5 44.8 0
      vertex 28.5 48.2 0
    endloop
  endfacet
  facet normal 0 0 -1
    outer loop
      vertex 28.5 39.8 0
      vertex 33.5 43.2 0
      vertex 33.5 39.8 0
    endloop
  endfacet
  facet normal -0 0 -1
    outer loop
      vertex 33.5 43.2 0
      vertex 28.5 39.8 0
      vertex 28.5 43.2 0
    endloop
  endfacet
  facet normal 0 0 -1
    outer loop
      vertex 28.5 34.8 0
      vertex 33.5 38.2 0
      vertex 33.5 34.8 0
    endloop
  endfacet
  facet normal -0 0 -1
    outer loop
      vertex 33.5 38.2 0
      vertex 28.5 34.8 0
      vertex 28.5 38.2 0
    endloop
  endfacet
  facet normal 0 0 -1
    outer loop
      vertex 36 26 0
      vertex 39 29 0
      vertex 38.9743 28.6084 0
    endloop
  endfacet
  facet normal 0 0 -1
    outer loop
      vertex 39 29 0
      vertex 33.5 43.2 0
      vertex 39 59 0
    endloop
  endfacet
  facet normal 0 0 -1
    outer loop
      vertex 36 26 0
      vertex 38.9743 28.6084 0
      vertex 38.8978 28.2235 0
    endloop
  endfacet
  facet normal 0 0 -1
    outer loop
      vertex 33.5 44.8 0
      vertex 39 59 0
      vertex 33.5 43.2 0
    endloop
  endfacet
  facet normal 0 0 -1
    outer loop
      vertex 36 26 0
      vertex 38.8978 28.2235 0
      vertex 38.7716 27.8519 0
    endloop
  endfacet
  facet normal 0 0 -1
    outer loop
      vertex 33.5 48.2 0
      vertex 39 59 0
      vertex 33.5 44.8 0
    endloop
  endfacet
  facet normal 0 0 -1
    outer loop
      vertex 36 26 0
      vertex 38.7716 27.8519 0
      vertex 38.5981 27.5 0
    endloop
  endfacet
  facet normal 0 0 -1
    outer loop
      vertex 33.5 49.8 0
      vertex 39 59 0
      vertex 33.5 48.2 0
    endloop
  endfacet
  facet normal 0 0 -1
    outer loop
      vertex 36 26 0
      vertex 38.5981 27.5 0
      vertex 38.3801 27.1737 0
    endloop
  endfacet
  facet normal 0 0 -1
    outer loop
      vertex 33.5 53.2 0
      vertex 39 59 0
      vertex 33.5 49.8 0
    endloop
  endfacet
  facet normal 0 0 -1
    outer loop
      vertex 36 26 0
      vertex 38.3801 27.1737 0
      vertex 38.1213 26.8787 0
    endloop
  endfacet
  facet normal 0 0 -1
    outer loop
      vertex 33.5 54.8 0
      vertex 39 59 0
      vertex 33.5 53.2 0
    endloop
  endfacet
  facet normal 0 0 -1
    outer loop
      vertex 36 26 0
      vertex 38.1213 26.8787 0
      vertex 37.8263 26.6199 0
    endloop
  endfacet
  facet normal 0 -0 -1
    outer loop
      vertex 36 62 0
      vertex 39 59 0
      vertex 33.5 54.8 0
    endloop
  endfacet
  facet normal 0 0 -1
    outer loop
      vertex 36 26 0
      vertex 37.8263 26.6199 0
      vertex 37.5 26.4019 0
    endloop
  endfacet
  facet normal 0 0 -1
    outer loop
      vertex 39 59 0
      vertex 36 62 0
      vertex 38.9743 59.3916 0
    endloop
  endfacet
  facet normal 0 0 -1
    outer loop
      vertex 36 26 0
      vertex 37.5 26.4019 0
      vertex 37.1481 26.2284 0
    endloop
  endfacet
  facet normal 0 0 -1
    outer loop
      vertex 38.9743 59.3916 0
      vertex 36 62 0
      vertex 38.8978 59.7765 0
    endloop
  endfacet
  facet normal 0 0 -1
    outer loop
      vertex 36 26 0
      vertex 37.1481 26.2284 0
      vertex 36.7765 26.1022 0
    endloop
  endfacet
  facet normal 0 0 -1
    outer loop
      vertex 38.8978 59.7765 0
      vertex 36 62 0
      vertex 38.7716 60.1481 0
    endloop
  endfacet
  facet normal 0 0 -1
    outer loop
      vertex 36 26 0
      vertex 36.7765 26.1022 0
      vertex 36.3916 26.0257 0
    endloop
  endfacet
  facet normal 0 0 -1
    outer loop
      vertex 38.7716 60.1481 0
      vertex 36 62 0
      vertex 38.5981 60.5 0
    endloop
  endfacet
  facet normal -0 0 -1
    outer loop
      vertex 39 29 0
      vertex 36 26 0
      vertex 33.5 33.2 0
    endloop
  endfacet
  facet normal 0 0 -1
    outer loop
      vertex 38.5981 60.5 0
      vertex 36 62 0
      vertex 38.3801 60.8263 0
    endloop
  endfacet
  facet normal 0 0 -1
    outer loop
      vertex 39 29 0
      vertex 33.5 33.2 0
      vertex 33.5 34.8 0
    endloop
  endfacet
  facet normal 0 0 -1
    outer loop
      vertex 36 26 0
      vertex 28.5 33.2 0
      vertex 33.5 33.2 0
    endloop
  endfacet
  facet normal 0 0 -1
    outer loop
      vertex 22 32 0
      vertex 28.5 34.8 0
      vertex 28.5 33.2 0
    endloop
  endfacet
  facet normal -0 0 -1
    outer loop
      vertex 28.5 34.8 0
      vertex 22 32 0
      vertex 28.5 38.2 0
    endloop
  endfacet
  facet normal -0 0 -1
    outer loop
      vertex 28.5 38.2 0
      vertex 22 32 0
      vertex 28.5 39.8 0
    endloop
  endfacet
  facet normal -0 0 -1
    outer loop
      vertex 28.5 39.8 0
      vertex 22 32 0
      vertex 28.5 43.2 0
    endloop
  endfacet
  facet normal 0 0 -1
    outer loop
      vertex 14 32 0
      vertex 28.5 43.2 0
      vertex 22 32 0
    endloop
  endfacet
  facet normal -0 0 -1
    outer loop
      vertex 28.5 43.2 0
      vertex 14 32 0
      vertex 28.5 44.8 0
    endloop
  endfacet
  facet normal 0 0 -1
    outer loop
      vertex 28.5 44.8 0
      vertex 22 56 0
      vertex 28.5 48.2 0
    endloop
  endfacet
  facet normal 0 0 -1
    outer loop
      vertex 28.5 48.2 0
      vertex 22 56 0
      vertex 28.5 49.8 0
    endloop
  endfacet
  facet normal 0 0 -1
    outer loop
      vertex 22 32 0
      vertex 28.5 33.2 0
      vertex 22 30 0
    endloop
  endfacet
  facet normal 0 0 -1
    outer loop
      vertex 36 26 0
      vertex 22 30 0
      vertex 28.5 33.2 0
    endloop
  endfacet
  facet normal 0 0 -1
    outer loop
      vertex 36 26 0
      vertex 14 30 0
      vertex 22 30 0
    endloop
  endfacet
  facet normal 0 0 -1
    outer loop
      vertex -14 32 0
      vertex 14 32 0
      vertex 14 30 0
    endloop
  endfacet
  facet normal 0 0 -1
    outer loop
      vertex 14 32 0
      vertex -14 32 0
      vertex 14 56 0
    endloop
  endfacet
  facet normal 0 0 -1
    outer loop
      vertex -14 32 0
      vertex 14 30 0
      vertex -14 30 0
    endloop
  endfacet
  facet normal 0 0 -1
    outer loop
      vertex 36 26 0
      vertex -14 30 0
      vertex 14 30 0
    endloop
  endfacet
  facet normal 0 0 -1
    outer loop
      vertex -36 26 0
      vertex -14 30 0
      vertex 36 26 0
    endloop
  endfacet
  facet normal 0 0 -1
    outer loop
      vertex -28.5 33.2 0
      vertex -22 32 0
      vertex -22 30 0
    endloop
  endfacet
  facet normal 0 0 -1
    outer loop
      vertex -28.5 44.8 0
      vertex -14 56 0
      vertex -28.5 43.2 0
    endloop
  endfacet
  facet normal 0 0 -1
    outer loop
      vertex -22 32 0
      vertex -28.5 33.2 0
      vertex -28.5 34.8 0
    endloop
  endfacet
  facet normal 0 0 -1
    outer loop
      vertex -36 26 0
      vertex -28.5 33.2 0
      vertex -22 30 0
    endloop
  endfacet
  facet normal 0 0 -1
    outer loop
      vertex -39 29 0
      vertex -33.5 34.8 0
      vertex -33.5 33.2 0
    endloop
  endfacet
  facet normal -0 0 -1
    outer loop
      vertex -33.5 34.8 0
      vertex -39 29 0
      vertex -33.5 38.2 0
    endloop
  endfacet
  facet normal -0 0 -1
    outer loop
      vertex -33.5 38.2 0
      vertex -39 29 0
      vertex -33.5 39.8 0
    endloop
  endfacet
  facet normal -0 0 -1
    outer loop
      vertex -33.5 39.8 0
      vertex -39 29 0
      vertex -33.5 43.2 0
    endloop
  endfacet
  facet normal -0 0 -1
    outer loop
      vertex -33.5 43.2 0
      vertex -39 29 0
      vertex -33.5 44.8 0
    endloop
  endfacet
  facet normal 0 0 -1
    outer loop
      vertex -39 59 0
      vertex -33.5 44.8 0
      vertex -39 29 0
    endloop
  endfacet
  facet normal 0 0 -1
    outer loop
      vertex -33.5 44.8 0
      vertex -39 59 0
      vertex -33.5 48.2 0
    endloop
  endfacet
  facet normal 0 0 -1
    outer loop
      vertex -33.5 48.2 0
      vertex -39 59 0
      vertex -33.5 49.8 0
    endloop
  endfacet
  facet normal 0 0 -1
    outer loop
      vertex -39 29 0
      vertex -33.5 33.2 0
      vertex -36 26 0
    endloop
  endfacet
  facet normal -0 0 -1
    outer loop
      vertex -28.5 33.2 0
      vertex -36 26 0
      vertex -33.5 33.2 0
    endloop
  endfacet
  facet normal -0 0 -1
    outer loop
      vertex -14 30 0
      vertex -36 26 0
      vertex -22 30 0
    endloop
  endfacet
  facet normal 0 0 -1
    outer loop
      vertex 39 29 0
      vertex 33.5 34.8 0
      vertex 33.5 38.2 0
    endloop
  endfacet
  facet normal 0 0 -1
    outer loop
      vertex 39 29 0
      vertex 33.5 38.2 0
      vertex 33.5 39.8 0
    endloop
  endfacet
  facet normal 0 0 -1
    outer loop
      vertex 39 29 0
      vertex 33.5 39.8 0
      vertex 33.5 43.2 0
    endloop
  endfacet
  facet normal 0 0 -1
    outer loop
      vertex 38.3801 60.8263 0
      vertex 36 62 0
      vertex 38.1213 61.1213 0
    endloop
  endfacet
  facet normal 0 0 -1
    outer loop
      vertex 38.1213 61.1213 0
      vertex 36 62 0
      vertex 37.8263 61.3801 0
    endloop
  endfacet
  facet normal 0 0 -1
    outer loop
      vertex 37.8263 61.3801 0
      vertex 36 62 0
      vertex 37.5 61.5981 0
    endloop
  endfacet
  facet normal 0 0 -1
    outer loop
      vertex 37.5 61.5981 0
      vertex 36 62 0
      vertex 37.1481 61.7716 0
    endloop
  endfacet
  facet normal 0 0 -1
    outer loop
      vertex 37.1481 61.7716 0
      vertex 36 62 0
      vertex 36.7765 61.8978 0
    endloop
  endfacet
  facet normal 0 0 -1
    outer loop
      vertex 36.7765 61.8978 0
      vertex 36 62 0
      vertex 36.3916 61.9743 0
    endloop
  endfacet
  facet normal 0 0 -1
    outer loop
      vertex 28.5 54.8 0
      vertex 36 62 0
      vertex 33.5 54.8 0
    endloop
  endfacet
  facet normal 0 0 -1
    outer loop
      vertex 28.5 49.8 0
      vertex 22 56 0
      vertex 28.5 53.2 0
    endloop
  endfacet
  facet normal 0 0 -1
    outer loop
      vertex 28.5 53.2 0
      vertex 22 56 0
      vertex 28.5 54.8 0
    endloop
  endfacet
  facet normal 0 0 -1
    outer loop
      vertex 22 58 0
      vertex 28.5 54.8 0
      vertex 22 56 0
    endloop
  endfacet
  facet normal 0 0 -1
    outer loop
      vertex 28.5 54.8 0
      vertex 22 58 0
      vertex 36 62 0
    endloop
  endfacet
  facet normal 0 0 -1
    outer loop
      vertex 14 58 0
      vertex 36 62 0
      vertex 22 58 0
    endloop
  endfacet
  facet normal 0 0 -1
    outer loop
      vertex -14 56 0
      vertex 14 56 0
      vertex -14 32 0
    endloop
  endfacet
  facet normal 0 0 -1
    outer loop
      vertex 14 56 0
      vertex -14 56 0
      vertex 14 58 0
    endloop
  endfacet
  facet normal 0 0 -1
    outer loop
      vertex -14 58 0
      vertex 14 58 0
      vertex -14 56 0
    endloop
  endfacet
  facet normal 0 0 -1
    outer loop
      vertex 14 58 0
      vertex -14 58 0
      vertex 36 62 0
    endloop
  endfacet
  facet normal 0 0 -1
    outer loop
      vertex -36 62 0
      vertex -14 58 0
      vertex -22 58 0
    endloop
  endfacet
  facet normal 0 0 -1
    outer loop
      vertex -22 32 0
      vertex -28.5 34.8 0
      vertex -28.5 38.2 0
    endloop
  endfacet
  facet normal 0 0 -1
    outer loop
      vertex -22 32 0
      vertex -28.5 38.2 0
      vertex -28.5 39.8 0
    endloop
  endfacet
  facet normal 0 0 -1
    outer loop
      vertex -22 32 0
      vertex -28.5 39.8 0
      vertex -28.5 43.2 0
    endloop
  endfacet
  facet normal -0 0 -1
    outer loop
      vertex -14 56 0
      vertex -28.5 44.8 0
      vertex -22 56 0
    endloop
  endfacet
  facet normal 0 0 -1
    outer loop
      vertex -28.5 48.2 0
      vertex -22 56 0
      vertex -28.5 44.8 0
    endloop
  endfacet
  facet normal 0 0 -1
    outer loop
      vertex -28.5 49.8 0
      vertex -22 56 0
      vertex -28.5 48.2 0
    endloop
  endfacet
  facet normal 0 0 -1
    outer loop
      vertex -28.5 53.2 0
      vertex -22 56 0
      vertex -28.5 49.8 0
    endloop
  endfacet
  facet normal 0 0 -1
    outer loop
      vertex -28.5 54.8 0
      vertex -22 56 0
      vertex -28.5 53.2 0
    endloop
  endfacet
  facet normal -0 0 -1
    outer loop
      vertex -22 56 0
      vertex -28.5 54.8 0
      vertex -22 58 0
    endloop
  endfacet
  facet normal 0 0 -1
    outer loop
      vertex -36 62 0
      vertex -28.5 54.8 0
      vertex -33.5 54.8 0
    endloop
  endfacet
  facet normal 0 0 -1
    outer loop
      vertex -14 58 0
      vertex -36 62 0
      vertex 36 62 0
    endloop
  endfacet
  facet normal 0 0 -1
    outer loop
      vertex -28.5 54.8 0
      vertex -36 62 0
      vertex -22 58 0
    endloop
  endfacet
  facet normal 0 0 -1
    outer loop
      vertex -33.5 49.8 0
      vertex -39 59 0
      vertex -33.5 53.2 0
    endloop
  endfacet
  facet normal 0 0 -1
    outer loop
      vertex -39 29 0
      vertex -36 26 0
      vertex -36.3916 26.0257 0
    endloop
  endfacet
  facet normal 0 0 -1
    outer loop
      vertex -33.5 53.2 0
      vertex -39 59 0
      vertex -33.5 54.8 0
    endloop
  endfacet
  facet normal 0 0 -1
    outer loop
      vertex -39 29 0
      vertex -36.3916 26.0257 0
      vertex -36.7765 26.1022 0
    endloop
  endfacet
  facet normal 0 0 -1
    outer loop
      vertex -33.5 54.8 0
      vertex -39 59 0
      vertex -36 62 0
    endloop
  endfacet
  facet normal 0 0 -1
    outer loop
      vertex -39 29 0
      vertex -36.7765 26.1022 0
      vertex -37.1481 26.2284 0
    endloop
  endfacet
  facet normal 0 0 -1
    outer loop
      vertex -36 62 0
      vertex -39 59 0
      vertex -36.3916 61.9743 0
    endloop
  endfacet
  facet normal 0 0 -1
    outer loop
      vertex -39 29 0
      vertex -37.1481 26.2284 0
      vertex -37.5 26.4019 0
    endloop
  endfacet
  facet normal 0 0 -1
    outer loop
      vertex -36.3916 61.9743 0
      vertex -39 59 0
      vertex -36.7765 61.8978 0
    endloop
  endfacet
  facet normal 0 0 -1
    outer loop
      vertex -39 29 0
      vertex -37.5 26.4019 0
      vertex -37.8263 26.6199 0
    endloop
  endfacet
  facet normal 0 0 -1
    outer loop
      vertex -36.7765 61.8978 0
      vertex -39 59 0
      vertex -37.1481 61.7716 0
    endloop
  endfacet
  facet normal 0 0 -1
    outer loop
      vertex -39 29 0
      vertex -37.8263 26.6199 0
      vertex -38.1213 26.8787 0
    endloop
  endfacet
  facet normal 0 0 -1
    outer loop
      vertex -37.1481 61.7716 0
      vertex -39 59 0
      vertex -37.5 61.5981 0
    endloop
  endfacet
  facet normal 0 0 -1
    outer loop
      vertex -39 29 0
      vertex -38.1213 26.8787 0
      vertex -38.3801 27.1737 0
    endloop
  endfacet
  facet normal 0 0 -1
    outer loop
      vertex -37.5 61.5981 0
      vertex -39 59 0
      vertex -37.8263 61.3801 0
    endloop
  endfacet
  facet normal 0 0 -1
    outer loop
      vertex -39 29 0
      vertex -38.3801 27.1737 0
      vertex -38.5981 27.5 0
    endloop
  endfacet
  facet normal 0 0 -1
    outer loop
      vertex -37.8263 61.3801 0
      vertex -39 59 0
      vertex -38.1213 61.1213 0
    endloop
  endfacet
  facet normal 0 0 -1
    outer loop
      vertex -39 29 0
      vertex -38.5981 27.5 0
      vertex -38.7716 27.8519 0
    endloop
  endfacet
  facet normal 0 0 -1
    outer loop
      vertex -38.1213 61.1213 0
      vertex -39 59 0
      vertex -38.3801 60.8263 0
    endloop
  endfacet
  facet normal 0 0 -1
    outer loop
      vertex -39 29 0
      vertex -38.7716 27.8519 0
      vertex -38.8978 28.2235 0
    endloop
  endfacet
  facet normal 0 0 -1
    outer loop
      vertex -38.3801 60.8263 0
      vertex -39 59 0
      vertex -38.5981 60.5 0
    endloop
  endfacet
  facet normal 0 0 -1
    outer loop
      vertex -39 29 0
      vertex -38.8978 28.2235 0
      vertex -38.9743 28.6084 0
    endloop
  endfacet
  facet normal 0 0 -1
    outer loop
      vertex -38.5981 60.5 0
      vertex -39 59 0
      vertex -38.7716 60.1481 0
    endloop
  endfacet
  facet normal 0 0 -1
    outer loop
      vertex -38.7716 60.1481 0
      vertex -39 59 0
      vertex -38.8978 59.7765 0
    endloop
  endfacet
  facet normal 0 0 -1
    outer loop
      vertex -38.8978 59.7765 0
      vertex -39 59 0
      vertex -38.9743 59.3916 0
    endloop
  endfacet
  facet normal 0.980815 -0.19494 0
    outer loop
      vertex 38.8978 28.2235 2
      vertex 38.9743 28.6084 0
      vertex 38.9743 28.6084 2
    endloop
  endfacet
  facet normal 0.980815 -0.19494 0
    outer loop
      vertex 38.9743 28.6084 0
      vertex 38.8978 28.2235 2
      vertex 38.8978 28.2235 0
    endloop
  endfacet
  facet normal 0.0653771 -0.997861 0
    outer loop
      vertex 34.75 28.25 2
      vertex 35.011 28.2671 3.5
      vertex 34.75 28.25 3.5
    endloop
  endfacet
  facet normal 0.0653771 -0.997861 0
    outer loop
      vertex 35.011 28.2671 3.5
      vertex 34.75 28.25 2
      vertex 35.011 28.2671 2
    endloop
  endfacet
  facet normal -0.89686 0.442314 0
    outer loop
      vertex -36.5978 58.5154 2
      vertex -36.4821 58.75 3.5
      vertex -36.4821 58.75 2
    endloop
  endfacet
  facet normal -0.89686 0.442314 0
    outer loop
      vertex -36.4821 58.75 3.5
      vertex -36.5978 58.5154 2
      vertex -36.5978 58.5154 3.5
    endloop
  endfacet
  facet normal 0.0653771 0.997861 -0
    outer loop
      vertex 35.011 59.7329 2
      vertex 34.75 59.75 3.5
      vertex 35.011 59.7329 3.5
    endloop
  endfacet
  facet normal 0.0653771 0.997861 0
    outer loop
      vertex 34.75 59.75 3.5
      vertex 35.011 59.7329 2
      vertex 34.75 59.75 2
    endloop
  endfacet
  facet normal -0.0653771 -0.997861 0
    outer loop
      vertex -35.011 28.2671 2
      vertex -34.75 28.25 3.5
      vertex -35.011 28.2671 3.5
    endloop
  endfacet
  facet normal -0.0653771 -0.997861 -0
    outer loop
      vertex -34.75 28.25 3.5
      vertex -35.011 28.2671 2
      vertex -34.75 28.25 2
    endloop
  endfacet
  facet normal -1 0 0
    outer loop
      vertex -36.75 30.25 2
      vertex -36.75 57.75 3.5
      vertex -36.75 57.75 2
    endloop
  endfacet
  facet normal -1 -0 0
    outer loop
      vertex -36.75 57.75 3.5
      vertex -36.75 30.25 2
      vertex -36.75 30.25 3.5
    endloop
  endfacet
  facet normal 0.555758 -0.831344 0
    outer loop
      vertex 35.75 28.5179 2
      vertex 35.9675 28.6633 3.5
      vertex 35.75 28.5179 3.5
    endloop
  endfacet
  facet normal 0.555758 -0.831344 0
    outer loop
      vertex 35.9675 28.6633 3.5
      vertex 35.75 28.5179 2
      vertex 35.9675 28.6633 2
    endloop
  endfacet
  facet normal 0 1 -0
    outer loop
      vertex 34.75 59.75 2
      vertex -34.75 59.75 3.5
      vertex 34.75 59.75 3.5
    endloop
  endfacet
  facet normal 0 1 0
    outer loop
      vertex -34.75 59.75 3.5
      vertex 34.75 59.75 2
      vertex -34.75 59.75 2
    endloop
  endfacet
  facet normal -0.321382 -0.94695 0
    outer loop
      vertex -35.5154 28.4022 2
      vertex -35.2676 28.3181 3.5
      vertex -35.5154 28.4022 3.5
    endloop
  endfacet
  facet normal -0.321382 -0.94695 -0
    outer loop
      vertex -35.2676 28.3181 3.5
      vertex -35.5154 28.4022 2
      vertex -35.2676 28.3181 2
    endloop
  endfacet
  facet normal -0.555758 0.831344 0
    outer loop
      vertex -35.75 59.4821 2
      vertex -35.9675 59.3367 3.5
      vertex -35.75 59.4821 3.5
    endloop
  endfacet
  facet normal -0.555758 0.831344 0
    outer loop
      vertex -35.9675 59.3367 3.5
      vertex -35.75 59.4821 2
      vertex -35.9675 59.3367 2
    endloop
  endfacet
  facet normal -0.19494 0.980815 0
    outer loop
      vertex -35.011 59.7329 2
      vertex -35.2676 59.6819 3.5
      vertex -35.011 59.7329 3.5
    endloop
  endfacet
  facet normal -0.19494 0.980815 0
    outer loop
      vertex -35.2676 59.6819 3.5
      vertex -35.011 59.7329 2
      vertex -35.2676 59.6819 2
    endloop
  endfacet
  facet normal 0 -1 0
    outer loop
      vertex -34.75 28.25 2
      vertex 34.75 28.25 3.5
      vertex -34.75 28.25 3.5
    endloop
  endfacet
  facet normal 0 -1 -0
    outer loop
      vertex 34.75 28.25 3.5
      vertex -34.75 28.25 2
      vertex 34.75 28.25 2
    endloop
  endfacet
  facet normal 0.997861 -0.0653771 0
    outer loop
      vertex 36.7329 29.989 3.5
      vertex 36.75 30.25 2
      vertex 36.75 30.25 3.5
    endloop
  endfacet
  facet normal 0.997861 -0.0653771 0
    outer loop
      vertex 36.75 30.25 2
      vertex 36.7329 29.989 3.5
      vertex 36.7329 29.989 2
    endloop
  endfacet
  facet normal 1 -0 0
    outer loop
      vertex 36.75 30.25 3.5
      vertex 36.75 57.75 2
      vertex 36.75 57.75 3.5
    endloop
  endfacet
  facet normal 1 0 0
    outer loop
      vertex 36.75 57.75 2
      vertex 36.75 30.25 3.5
      vertex 36.75 30.25 2
    endloop
  endfacet
  facet normal -0.659343 -0.751842 0
    outer loop
      vertex -36.1642 28.8358 2
      vertex -35.9675 28.6633 3.5
      vertex -36.1642 28.8358 3.5
    endloop
  endfacet
  facet normal -0.659343 -0.751842 -0
    outer loop
      vertex -35.9675 28.6633 3.5
      vertex -36.1642 28.8358 2
      vertex -35.9675 28.6633 2
    endloop
  endfacet
  facet normal -0.997861 0.0653771 0
    outer loop
      vertex -36.75 57.75 2
      vertex -36.7329 58.011 3.5
      vertex -36.7329 58.011 2
    endloop
  endfacet
  facet normal -0.997861 0.0653771 0
    outer loop
      vertex -36.7329 58.011 3.5
      vertex -36.75 57.75 2
      vertex -36.75 57.75 3.5
    endloop
  endfacet
  facet normal -0.19494 -0.980815 0
    outer loop
      vertex -35.2676 28.3181 2
      vertex -35.011 28.2671 3.5
      vertex -35.2676 28.3181 3.5
    endloop
  endfacet
  facet normal -0.19494 -0.980815 -0
    outer loop
      vertex -35.011 28.2671 3.5
      vertex -35.2676 28.3181 2
      vertex -35.011 28.2671 2
    endloop
  endfacet
  facet normal 0.94695 0.321382 0
    outer loop
      vertex 36.6819 58.2676 3.5
      vertex 36.5978 58.5154 2
      vertex 36.5978 58.5154 3.5
    endloop
  endfacet
  facet normal 0.94695 0.321382 0
    outer loop
      vertex 36.5978 58.5154 2
      vertex 36.6819 58.2676 3.5
      vertex 36.6819 58.2676 2
    endloop
  endfacet
  facet normal -0.442314 -0.89686 0
    outer loop
      vertex -35.75 28.5179 2
      vertex -35.5154 28.4022 3.5
      vertex -35.75 28.5179 3.5
    endloop
  endfacet
  facet normal -0.442314 -0.89686 -0
    outer loop
      vertex -35.5154 28.4022 3.5
      vertex -35.75 28.5179 2
      vertex -35.5154 28.4022 2
    endloop
  endfacet
  facet normal -0.0653771 0.997861 0
    outer loop
      vertex -34.75 59.75 2
      vertex -35.011 59.7329 3.5
      vertex -34.75 59.75 3.5
    endloop
  endfacet
  facet normal -0.0653771 0.997861 0
    outer loop
      vertex -35.011 59.7329 3.5
      vertex -34.75 59.75 2
      vertex -35.011 59.7329 2
    endloop
  endfacet
  facet normal 0.980815 0.19494 0
    outer loop
      vertex 36.7329 58.011 3.5
      vertex 36.6819 58.2676 2
      vertex 36.6819 58.2676 3.5
    endloop
  endfacet
  facet normal 0.980815 0.19494 0
    outer loop
      vertex 36.6819 58.2676 2
      vertex 36.7329 58.011 3.5
      vertex 36.7329 58.011 2
    endloop
  endfacet
  facet normal 0.19494 0.980815 -0
    outer loop
      vertex 35.2676 59.6819 2
      vertex 35.011 59.7329 3.5
      vertex 35.2676 59.6819 3.5
    endloop
  endfacet
  facet normal 0.19494 0.980815 0
    outer loop
      vertex 35.011 59.7329 3.5
      vertex 35.2676 59.6819 2
      vertex 35.011 59.7329 2
    endloop
  endfacet
  facet normal 0.980815 -0.19494 0
    outer loop
      vertex 36.6819 29.7324 3.5
      vertex 36.7329 29.989 2
      vertex 36.7329 29.989 3.5
    endloop
  endfacet
  facet normal 0.980815 -0.19494 0
    outer loop
      vertex 36.7329 29.989 2
      vertex 36.6819 29.7324 3.5
      vertex 36.6819 29.7324 2
    endloop
  endfacet
  facet normal -0.659343 0.751842 0
    outer loop
      vertex -35.9675 59.3367 2
      vertex -36.1642 59.1642 3.5
      vertex -35.9675 59.3367 3.5
    endloop
  endfacet
  facet normal -0.659343 0.751842 0
    outer loop
      vertex -36.1642 59.1642 3.5
      vertex -35.9675 59.3367 2
      vertex -36.1642 59.1642 2
    endloop
  endfacet
  facet normal 0.321382 0.94695 -0
    outer loop
      vertex 35.5154 59.5978 2
      vertex 35.2676 59.6819 3.5
      vertex 35.5154 59.5978 3.5
    endloop
  endfacet
  facet normal 0.321382 0.94695 0
    outer loop
      vertex 35.2676 59.6819 3.5
      vertex 35.5154 59.5978 2
      vertex 35.2676 59.6819 2
    endloop
  endfacet
  facet normal 0.831344 0.555758 0
    outer loop
      vertex 36.4821 58.75 3.5
      vertex 36.3367 58.9675 2
      vertex 36.3367 58.9675 3.5
    endloop
  endfacet
  facet normal 0.831344 0.555758 0
    outer loop
      vertex 36.3367 58.9675 2
      vertex 36.4821 58.75 3.5
      vertex 36.4821 58.75 2
    endloop
  endfacet
  facet normal -0.980815 -0.19494 0
    outer loop
      vertex -36.6819 29.7324 2
      vertex -36.7329 29.989 3.5
      vertex -36.7329 29.989 2
    endloop
  endfacet
  facet normal -0.980815 -0.19494 0
    outer loop
      vertex -36.7329 29.989 3.5
      vertex -36.6819 29.7324 2
      vertex -36.6819 29.7324 3.5
    endloop
  endfacet
  facet normal -0.94695 0.321382 0
    outer loop
      vertex -36.6819 58.2676 2
      vertex -36.5978 58.5154 3.5
      vertex -36.5978 58.5154 2
    endloop
  endfacet
  facet normal -0.94695 0.321382 0
    outer loop
      vertex -36.5978 58.5154 3.5
      vertex -36.6819 58.2676 2
      vertex -36.6819 58.2676 3.5
    endloop
  endfacet
  facet normal -0.442314 0.89686 0
    outer loop
      vertex -35.5154 59.5978 2
      vertex -35.75 59.4821 3.5
      vertex -35.5154 59.5978 3.5
    endloop
  endfacet
  facet normal -0.442314 0.89686 0
    outer loop
      vertex -35.75 59.4821 3.5
      vertex -35.5154 59.5978 2
      vertex -35.75 59.4821 2
    endloop
  endfacet
  facet normal -0.94695 -0.321382 0
    outer loop
      vertex -36.5978 29.4846 2
      vertex -36.6819 29.7324 3.5
      vertex -36.6819 29.7324 2
    endloop
  endfacet
  facet normal -0.94695 -0.321382 0
    outer loop
      vertex -36.6819 29.7324 3.5
      vertex -36.5978 29.4846 2
      vertex -36.5978 29.4846 3.5
    endloop
  endfacet
  facet normal -0.980815 0.19494 0
    outer loop
      vertex -36.7329 58.011 2
      vertex -36.6819 58.2676 3.5
      vertex -36.6819 58.2676 2
    endloop
  endfacet
  facet normal -0.980815 0.19494 0
    outer loop
      vertex -36.6819 58.2676 3.5
      vertex -36.7329 58.011 2
      vertex -36.7329 58.011 3.5
    endloop
  endfacet
  facet normal 0.751842 0.659343 0
    outer loop
      vertex 36.3367 58.9675 3.5
      vertex 36.1642 59.1642 2
      vertex 36.1642 59.1642 3.5
    endloop
  endfacet
  facet normal 0.751842 0.659343 0
    outer loop
      vertex 36.1642 59.1642 2
      vertex 36.3367 58.9675 3.5
      vertex 36.3367 58.9675 2
    endloop
  endfacet
  facet normal 0.659343 -0.751842 0
    outer loop
      vertex 35.9675 28.6633 2
      vertex 36.1642 28.8358 3.5
      vertex 35.9675 28.6633 3.5
    endloop
  endfacet
  facet normal 0.659343 -0.751842 0
    outer loop
      vertex 36.1642 28.8358 3.5
      vertex 35.9675 28.6633 2
      vertex 36.1642 28.8358 2
    endloop
  endfacet
  facet normal -0.997861 -0.0653771 0
    outer loop
      vertex -36.7329 29.989 2
      vertex -36.75 30.25 3.5
      vertex -36.75 30.25 2
    endloop
  endfacet
  facet normal -0.997861 -0.0653771 0
    outer loop
      vertex -36.75 30.25 3.5
      vertex -36.7329 29.989 2
      vertex -36.7329 29.989 3.5
    endloop
  endfacet
  facet normal 0.321382 -0.94695 0
    outer loop
      vertex 35.2676 28.3181 2
      vertex 35.5154 28.4022 3.5
      vertex 35.2676 28.3181 3.5
    endloop
  endfacet
  facet normal 0.321382 -0.94695 0
    outer loop
      vertex 35.5154 28.4022 3.5
      vertex 35.2676 28.3181 2
      vertex 35.5154 28.4022 2
    endloop
  endfacet
  facet normal -0.321382 0.94695 0
    outer loop
      vertex -35.2676 59.6819 2
      vertex -35.5154 59.5978 3.5
      vertex -35.2676 59.6819 3.5
    endloop
  endfacet
  facet normal -0.321382 0.94695 0
    outer loop
      vertex -35.5154 59.5978 3.5
      vertex -35.2676 59.6819 2
      vertex -35.5154 59.5978 2
    endloop
  endfacet
  facet normal 0.997861 0.0653771 0
    outer loop
      vertex 36.75 57.75 3.5
      vertex 36.7329 58.011 2
      vertex 36.7329 58.011 3.5
    endloop
  endfacet
  facet normal 0.997861 0.0653771 0
    outer loop
      vertex 36.7329 58.011 2
      vertex 36.75 57.75 3.5
      vertex 36.75 57.75 2
    endloop
  endfacet
  facet normal 0.89686 -0.442314 0
    outer loop
      vertex 36.4821 29.25 3.5
      vertex 36.5978 29.4846 2
      vertex 36.5978 29.4846 3.5
    endloop
  endfacet
  facet normal 0.89686 -0.442314 0
    outer loop
      vertex 36.5978 29.4846 2
      vertex 36.4821 29.25 3.5
      vertex 36.4821 29.25 2
    endloop
  endfacet
  facet normal -0.831344 0.555758 0
    outer loop
      vertex -36.4821 58.75 2
      vertex -36.3367 58.9675 3.5
      vertex -36.3367 58.9675 2
    endloop
  endfacet
  facet normal -0.831344 0.555758 0
    outer loop
      vertex -36.3367 58.9675 3.5
      vertex -36.4821 58.75 2
      vertex -36.4821 58.75 3.5
    endloop
  endfacet
  facet normal -0.555758 -0.831344 0
    outer loop
      vertex -35.9675 28.6633 2
      vertex -35.75 28.5179 3.5
      vertex -35.9675 28.6633 3.5
    endloop
  endfacet
  facet normal -0.555758 -0.831344 -0
    outer loop
      vertex -35.75 28.5179 3.5
      vertex -35.9675 28.6633 2
      vertex -35.75 28.5179 2
    endloop
  endfacet
  facet normal 0.442314 -0.89686 0
    outer loop
      vertex 35.5154 28.4022 2
      vertex 35.75 28.5179 3.5
      vertex 35.5154 28.4022 3.5
    endloop
  endfacet
  facet normal 0.442314 -0.89686 0
    outer loop
      vertex 35.75 28.5179 3.5
      vertex 35.5154 28.4022 2
      vertex 35.75 28.5179 2
    endloop
  endfacet
  facet normal 0.19494 -0.980815 0
    outer loop
      vertex 35.011 28.2671 2
      vertex 35.2676 28.3181 3.5
      vertex 35.011 28.2671 3.5
    endloop
  endfacet
  facet normal 0.19494 -0.980815 0
    outer loop
      vertex 35.2676 28.3181 3.5
      vertex 35.011 28.2671 2
      vertex 35.2676 28.3181 2
    endloop
  endfacet
  facet normal -0.89686 -0.442314 0
    outer loop
      vertex -36.4821 29.25 2
      vertex -36.5978 29.4846 3.5
      vertex -36.5978 29.4846 2
    endloop
  endfacet
  facet normal -0.89686 -0.442314 0
    outer loop
      vertex -36.5978 29.4846 3.5
      vertex -36.4821 29.25 2
      vertex -36.4821 29.25 3.5
    endloop
  endfacet
  facet normal 0.89686 0.442314 0
    outer loop
      vertex 36.5978 58.5154 3.5
      vertex 36.4821 58.75 2
      vertex 36.4821 58.75 3.5
    endloop
  endfacet
  facet normal 0.89686 0.442314 0
    outer loop
      vertex 36.4821 58.75 2
      vertex 36.5978 58.5154 3.5
      vertex 36.5978 58.5154 2
    endloop
  endfacet
  facet normal -0 0 1
    outer loop
      vertex -33.5 38.2 3.5
      vertex -28.5 34.8 3.5
      vertex -28.5 38.2 3.5
    endloop
  endfacet
  facet normal 0 0 1
    outer loop
      vertex -28.5 34.8 3.5
      vertex -33.5 38.2 3.5
      vertex -33.5 34.8 3.5
    endloop
  endfacet
  facet normal -0 0 1
    outer loop
      vertex -33.5 43.2 3.5
      vertex -28.5 39.8 3.5
      vertex -28.5 43.2 3.5
    endloop
  endfacet
  facet normal 0 0 1
    outer loop
      vertex -28.5 39.8 3.5
      vertex -33.5 43.2 3.5
      vertex -33.5 39.8 3.5
    endloop
  endfacet
  facet normal -0 0 1
    outer loop
      vertex -33.5 48.2 3.5
      vertex -28.5 44.8 3.5
      vertex -28.5 48.2 3.5
    endloop
  endfacet
  facet normal 0 0 1
    outer loop
      vertex -28.5 44.8 3.5
      vertex -33.5 48.2 3.5
      vertex -33.5 44.8 3.5
    endloop
  endfacet
  facet normal -0 0 1
    outer loop
      vertex -33.5 53.2 3.5
      vertex -28.5 49.8 3.5
      vertex -28.5 53.2 3.5
    endloop
  endfacet
  facet normal 0 0 1
    outer loop
      vertex -28.5 49.8 3.5
      vertex -33.5 53.2 3.5
      vertex -33.5 49.8 3.5
    endloop
  endfacet
  facet normal 0 0 1
    outer loop
      vertex -20.1522 51.2346 3.5
      vertex -14 56 3.5
      vertex -20.0681 51.4824 3.5
    endloop
  endfacet
  facet normal 0 0 1
    outer loop
      vertex -14 32 3.5
      vertex -20.0171 36.2611 3.5
      vertex -20 36 3.5
    endloop
  endfacet
  facet normal 0 0 1
    outer loop
      vertex -20.2679 51 3.5
      vertex -14 56 3.5
      vertex -20.1522 51.2346 3.5
    endloop
  endfacet
  facet normal 0 0 1
    outer loop
      vertex -14 32 3.5
      vertex -20.0681 36.5176 3.5
      vertex -20.0171 36.2611 3.5
    endloop
  endfacet
  facet normal 0 0 1
    outer loop
      vertex -14 56 3.5
      vertex -20.2679 51 3.5
      vertex -14 32 3.5
    endloop
  endfacet
  facet normal 0 0 1
    outer loop
      vertex -14 32 3.5
      vertex -20.1522 36.7654 3.5
      vertex -20.0681 36.5176 3.5
    endloop
  endfacet
  facet normal -0 0 1
    outer loop
      vertex -20.2679 37 3.5
      vertex -14 32 3.5
      vertex -20.2679 51 3.5
    endloop
  endfacet
  facet normal 0 0 1
    outer loop
      vertex -14 32 3.5
      vertex -20.2679 37 3.5
      vertex -20.1522 36.7654 3.5
    endloop
  endfacet
  facet normal -0 0 1
    outer loop
      vertex -20.4133 50.7825 3.5
      vertex -20.2679 37 3.5
      vertex -20.2679 51 3.5
    endloop
  endfacet
  facet normal 0 0 1
    outer loop
      vertex -20.4133 50.7825 3.5
      vertex -20.4133 37.2175 3.5
      vertex -20.2679 37 3.5
    endloop
  endfacet
  facet normal -0 0 1
    outer loop
      vertex -20.5858 50.5858 3.5
      vertex -20.4133 37.2175 3.5
      vertex -20.4133 50.7825 3.5
    endloop
  endfacet
  facet normal 0 0 1
    outer loop
      vertex -20.5858 50.5858 3.5
      vertex -20.5858 37.4142 3.5
      vertex -20.4133 37.2175 3.5
    endloop
  endfacet
  facet normal -0 0 1
    outer loop
      vertex -20.7825 50.4133 3.5
      vertex -20.5858 37.4142 3.5
      vertex -20.5858 50.5858 3.5
    endloop
  endfacet
  facet normal 0 0 1
    outer loop
      vertex -20.7825 50.4133 3.5
      vertex -20.7825 37.5867 3.5
      vertex -20.5858 37.4142 3.5
    endloop
  endfacet
  facet normal -0 0 1
    outer loop
      vertex -21 50.2679 3.5
      vertex -20.7825 37.5867 3.5
      vertex -20.7825 50.4133 3.5
    endloop
  endfacet
  facet normal 0 0 1
    outer loop
      vertex -21 50.2679 3.5
      vertex -21 37.7321 3.5
      vertex -20.7825 37.5867 3.5
    endloop
  endfacet
  facet normal -0 0 1
    outer loop
      vertex -21.2346 50.1522 3.5
      vertex -21 37.7321 3.5
      vertex -21 50.2679 3.5
    endloop
  endfacet
  facet normal 0 0 1
    outer loop
      vertex -21.2346 50.1522 3.5
      vertex -21.2346 37.8478 3.5
      vertex -21 37.7321 3.5
    endloop
  endfacet
  facet normal -0 0 1
    outer loop
      vertex -21.4824 50.0681 3.5
      vertex -21.2346 37.8478 3.5
      vertex -21.2346 50.1522 3.5
    endloop
  endfacet
  facet normal 0 0 1
    outer loop
      vertex -21.4824 50.0681 3.5
      vertex -21.4824 37.9319 3.5
      vertex -21.2346 37.8478 3.5
    endloop
  endfacet
  facet normal -0 0 1
    outer loop
      vertex -21.7389 50.0171 3.5
      vertex -21.4824 37.9319 3.5
      vertex -21.4824 50.0681 3.5
    endloop
  endfacet
  facet normal 0 0 1
    outer loop
      vertex -21.7389 50.0171 3.5
      vertex -21.7389 37.9829 3.5
      vertex -21.4824 37.9319 3.5
    endloop
  endfacet
  facet normal -0 0 1
    outer loop
      vertex -22 50 3.5
      vertex -21.7389 37.9829 3.5
      vertex -21.7389 50.0171 3.5
    endloop
  endfacet
  facet normal 0 0 1
    outer loop
      vertex -22 50 3.5
      vertex -22 38 3.5
      vertex -21.7389 37.9829 3.5
    endloop
  endfacet
  facet normal 0 0 1
    outer loop
      vertex -22.2611 50.0171 3.5
      vertex -22 38 3.5
      vertex -22 50 3.5
    endloop
  endfacet
  facet normal 0 0 1
    outer loop
      vertex -22.2611 50.0171 3.5
      vertex -22.2611 37.9829 3.5
      vertex -22 38 3.5
    endloop
  endfacet
  facet normal 0 0 1
    outer loop
      vertex -28.5 44.8 3.5
      vertex -22.2611 50.0171 3.5
      vertex -22.5176 50.0681 3.5
    endloop
  endfacet
  facet normal 0 0 1
    outer loop
      vertex -22.2611 50.0171 3.5
      vertex -28.5 44.8 3.5
      vertex -22.2611 37.9829 3.5
    endloop
  endfacet
  facet normal 0 0 1
    outer loop
      vertex -28.5 44.8 3.5
      vertex -22.5176 50.0681 3.5
      vertex -22.7654 50.1522 3.5
    endloop
  endfacet
  facet normal -0 0 1
    outer loop
      vertex -28.5 43.2 3.5
      vertex -22.2611 37.9829 3.5
      vertex -28.5 44.8 3.5
    endloop
  endfacet
  facet normal 0 0 1
    outer loop
      vertex -28.5 44.8 3.5
      vertex -22.7654 50.1522 3.5
      vertex -23 50.2679 3.5
    endloop
  endfacet
  facet normal 0 0 1
    outer loop
      vertex -22.2611 37.9829 3.5
      vertex -28.5 43.2 3.5
      vertex -22.5176 37.9319 3.5
    endloop
  endfacet
  facet normal 0 0 1
    outer loop
      vertex -28.5 48.2 3.5
      vertex -23 50.2679 3.5
      vertex -23.2175 50.4133 3.5
    endloop
  endfacet
  facet normal 0 0 1
    outer loop
      vertex -22.5176 37.9319 3.5
      vertex -28.5 43.2 3.5
      vertex -22.7654 37.8478 3.5
    endloop
  endfacet
  facet normal 0 0 1
    outer loop
      vertex -28.5 48.2 3.5
      vertex -23.2175 50.4133 3.5
      vertex -23.4142 50.5858 3.5
    endloop
  endfacet
  facet normal 0 0 1
    outer loop
      vertex -22.7654 37.8478 3.5
      vertex -28.5 43.2 3.5
      vertex -23 37.7321 3.5
    endloop
  endfacet
  facet normal 0 0 1
    outer loop
      vertex -28.5 48.2 3.5
      vertex -23.4142 50.5858 3.5
      vertex -23.5867 50.7825 3.5
    endloop
  endfacet
  facet normal -0 0 1
    outer loop
      vertex -28.5 39.8 3.5
      vertex -23 37.7321 3.5
      vertex -28.5 43.2 3.5
    endloop
  endfacet
  facet normal 0 0 1
    outer loop
      vertex -28.5 49.8 3.5
      vertex -23.5867 50.7825 3.5
      vertex -23.732 51 3.5
    endloop
  endfacet
  facet normal 0 0 1
    outer loop
      vertex -23 37.7321 3.5
      vertex -28.5 39.8 3.5
      vertex -23.2175 37.5867 3.5
    endloop
  endfacet
  facet normal 0 0 1
    outer loop
      vertex -28.5 49.8 3.5
      vertex -23.732 51 3.5
      vertex -23.8478 51.2346 3.5
    endloop
  endfacet
  facet normal 0 0 1
    outer loop
      vertex -23.2175 37.5867 3.5
      vertex -28.5 39.8 3.5
      vertex -23.4142 37.4142 3.5
    endloop
  endfacet
  facet normal 0 0 1
    outer loop
      vertex -28.5 49.8 3.5
      vertex -23.8478 51.2346 3.5
      vertex -23.9319 51.4824 3.5
    endloop
  endfacet
  facet normal 0 0 1
    outer loop
      vertex -23.4142 37.4142 3.5
      vertex -28.5 39.8 3.5
      vertex -23.5867 37.2175 3.5
    endloop
  endfacet
  facet normal 0 0 1
    outer loop
      vertex -28.5 49.8 3.5
      vertex -23.9319 51.4824 3.5
      vertex -23.9829 51.7389 3.5
    endloop
  endfacet
  facet normal -0 0 1
    outer loop
      vertex -28.5 38.2 3.5
      vertex -23.5867 37.2175 3.5
      vertex -28.5 39.8 3.5
    endloop
  endfacet
  facet normal 0 0 1
    outer loop
      vertex -28.5 53.2 3.5
      vertex -23.9829 51.7389 3.5
      vertex -24 52 3.5
    endloop
  endfacet
  facet normal 0 0 1
    outer loop
      vertex -23.5867 37.2175 3.5
      vertex -28.5 38.2 3.5
      vertex -23.732 37 3.5
    endloop
  endfacet
  facet normal 0 0 1
    outer loop
      vertex -20.0171 51.7389 3.5
      vertex -14 56 3.5
      vertex -20 52 3.5
    endloop
  endfacet
  facet normal 0 0 1
    outer loop
      vertex -14 56 3.5
      vertex -20.0171 52.2611 3.5
      vertex -20 52 3.5
    endloop
  endfacet
  facet normal 0 0 1
    outer loop
      vertex -14 56 3.5
      vertex -20.0681 52.5176 3.5
      vertex -20.0171 52.2611 3.5
    endloop
  endfacet
  facet normal 0 0 1
    outer loop
      vertex -14 56 3.5
      vertex -20.1522 52.7654 3.5
      vertex -20.0681 52.5176 3.5
    endloop
  endfacet
  facet normal 0 0 1
    outer loop
      vertex -14 56 3.5
      vertex -20.2679 53 3.5
      vertex -20.1522 52.7654 3.5
    endloop
  endfacet
  facet normal 0 0 1
    outer loop
      vertex -14 56 3.5
      vertex -20.4133 53.2175 3.5
      vertex -20.2679 53 3.5
    endloop
  endfacet
  facet normal 0 0 1
    outer loop
      vertex -14 56 3.5
      vertex -20.5858 53.4142 3.5
      vertex -20.4133 53.2175 3.5
    endloop
  endfacet
  facet normal 0 0 1
    outer loop
      vertex -14 56 3.5
      vertex -20.7825 53.5867 3.5
      vertex -20.5858 53.4142 3.5
    endloop
  endfacet
  facet normal -0 0 1
    outer loop
      vertex -22 56 3.5
      vertex -20.7825 53.5867 3.5
      vertex -14 56 3.5
    endloop
  endfacet
  facet normal 0 0 1
    outer loop
      vertex -20.7825 53.5867 3.5
      vertex -22 56 3.5
      vertex -21 53.732 3.5
    endloop
  endfacet
  facet normal 0 0 1
    outer loop
      vertex -21 53.732 3.5
      vertex -22 56 3.5
      vertex -21.2346 53.8478 3.5
    endloop
  endfacet
  facet normal 0 0 1
    outer loop
      vertex -21.2346 53.8478 3.5
      vertex -22 56 3.5
      vertex -21.4824 53.9319 3.5
    endloop
  endfacet
  facet normal 0 0 1
    outer loop
      vertex -21.4824 53.9319 3.5
      vertex -22 56 3.5
      vertex -21.7389 53.9829 3.5
    endloop
  endfacet
  facet normal 0 0 1
    outer loop
      vertex -21.7389 53.9829 3.5
      vertex -22 56 3.5
      vertex -22 54 3.5
    endloop
  endfacet
  facet normal 0 0 1
    outer loop
      vertex -20.0681 51.4824 3.5
      vertex -14 56 3.5
      vertex -20.0171 51.7389 3.5
    endloop
  endfacet
  facet normal -0 0 1
    outer loop
      vertex -20.0171 35.7389 3.5
      vertex -14 32 3.5
      vertex -20 36 3.5
    endloop
  endfacet
  facet normal -0 0 1
    outer loop
      vertex -20.0681 35.4824 3.5
      vertex -14 32 3.5
      vertex -20.0171 35.7389 3.5
    endloop
  endfacet
  facet normal -0 0 1
    outer loop
      vertex -20.1522 35.2346 3.5
      vertex -14 32 3.5
      vertex -20.0681 35.4824 3.5
    endloop
  endfacet
  facet normal -0 0 1
    outer loop
      vertex -20.2679 35 3.5
      vertex -14 32 3.5
      vertex -20.1522 35.2346 3.5
    endloop
  endfacet
  facet normal -0 0 1
    outer loop
      vertex -20.4133 34.7825 3.5
      vertex -14 32 3.5
      vertex -20.2679 35 3.5
    endloop
  endfacet
  facet normal -0 0 1
    outer loop
      vertex -20.5858 34.5858 3.5
      vertex -14 32 3.5
      vertex -20.4133 34.7825 3.5
    endloop
  endfacet
  facet normal -0 0 1
    outer loop
      vertex -20.7825 34.4133 3.5
      vertex -14 32 3.5
      vertex -20.5858 34.5858 3.5
    endloop
  endfacet
  facet normal 0 0 1
    outer loop
      vertex -22 32 3.5
      vertex -20.7825 34.4133 3.5
      vertex -21 34.268 3.5
    endloop
  endfacet
  facet normal 0 0 1
    outer loop
      vertex -22 32 3.5
      vertex -21 34.268 3.5
      vertex -21.2346 34.1522 3.5
    endloop
  endfacet
  facet normal 0 0 1
    outer loop
      vertex -22 32 3.5
      vertex -21.2346 34.1522 3.5
      vertex -21.4824 34.0681 3.5
    endloop
  endfacet
  facet normal 0 0 1
    outer loop
      vertex -22 32 3.5
      vertex -21.4824 34.0681 3.5
      vertex -21.7389 34.0171 3.5
    endloop
  endfacet
  facet normal 0 0 1
    outer loop
      vertex -22 32 3.5
      vertex -21.7389 34.0171 3.5
      vertex -22 34 3.5
    endloop
  endfacet
  facet normal 0 0 1
    outer loop
      vertex -20.7825 34.4133 3.5
      vertex -22 32 3.5
      vertex -14 32 3.5
    endloop
  endfacet
  facet normal 0 0 1
    outer loop
      vertex -22.2611 34.0171 3.5
      vertex -22 32 3.5
      vertex -22 34 3.5
    endloop
  endfacet
  facet normal 0 0 1
    outer loop
      vertex -22.5176 34.0681 3.5
      vertex -22 32 3.5
      vertex -22.2611 34.0171 3.5
    endloop
  endfacet
  facet normal 0 0 1
    outer loop
      vertex 21.7389 34.0171 3.5
      vertex 22 32 3.5
      vertex 22 34 3.5
    endloop
  endfacet
  facet normal 0 0 1
    outer loop
      vertex 21.4824 34.0681 3.5
      vertex 22 32 3.5
      vertex 21.7389 34.0171 3.5
    endloop
  endfacet
  facet normal 0 0 1
    outer loop
      vertex 21.2346 34.1522 3.5
      vertex 22 32 3.5
      vertex 21.4824 34.0681 3.5
    endloop
  endfacet
  facet normal 0 0 1
    outer loop
      vertex 21 34.268 3.5
      vertex 22 32 3.5
      vertex 21.2346 34.1522 3.5
    endloop
  endfacet
  facet normal 0 0 1
    outer loop
      vertex 20.7825 34.4133 3.5
      vertex 22 32 3.5
      vertex 21 34.268 3.5
    endloop
  endfacet
  facet normal 0 0 1
    outer loop
      vertex 20.5858 34.5858 3.5
      vertex 22 32 3.5
      vertex 20.7825 34.4133 3.5
    endloop
  endfacet
  facet normal 0 0 1
    outer loop
      vertex 14 32 3.5
      vertex 20.5858 34.5858 3.5
      vertex 20.4133 34.7825 3.5
    endloop
  endfacet
  facet normal 0 0 1
    outer loop
      vertex 14 32 3.5
      vertex 20.4133 34.7825 3.5
      vertex 20.2679 35 3.5
    endloop
  endfacet
  facet normal 0 0 1
    outer loop
      vertex 20.0171 36.2611 3.5
      vertex 14 32 3.5
      vertex 20 36 3.5
    endloop
  endfacet
  facet normal 0 0 1
    outer loop
      vertex 20 36 3.5
      vertex 14 32 3.5
      vertex 20.0171 35.7389 3.5
    endloop
  endfacet
  facet normal 0 0 1
    outer loop
      vertex 20.5858 34.5858 3.5
      vertex 14 32 3.5
      vertex 22 32 3.5
    endloop
  endfacet
  facet normal 0 0 1
    outer loop
      vertex 20.1522 35.2346 3.5
      vertex 14 32 3.5
      vertex 20.2679 35 3.5
    endloop
  endfacet
  facet normal 0 0 1
    outer loop
      vertex 20.0681 35.4824 3.5
      vertex 14 32 3.5
      vertex 20.1522 35.2346 3.5
    endloop
  endfacet
  facet normal 0 0 1
    outer loop
      vertex 20.0171 35.7389 3.5
      vertex 14 32 3.5
      vertex 20.0681 35.4824 3.5
    endloop
  endfacet
  facet normal -0 0 1
    outer loop
      vertex 23.5867 50.7825 3.5
      vertex 28.5 49.8 3.5
      vertex 23.732 51 3.5
    endloop
  endfacet
  facet normal 0 0 1
    outer loop
      vertex 28.5 43.2 3.5
      vertex 23.9829 36.2611 3.5
      vertex 24 36 3.5
    endloop
  endfacet
  facet normal 0 0 1
    outer loop
      vertex 28.5 49.8 3.5
      vertex 23.5867 50.7825 3.5
      vertex 28.5 48.2 3.5
    endloop
  endfacet
  facet normal 0 0 1
    outer loop
      vertex 28.5 43.2 3.5
      vertex 23.9319 36.5176 3.5
      vertex 23.9829 36.2611 3.5
    endloop
  endfacet
  facet normal -0 0 1
    outer loop
      vertex 23.4142 50.5858 3.5
      vertex 28.5 48.2 3.5
      vertex 23.5867 50.7825 3.5
    endloop
  endfacet
  facet normal 0 0 1
    outer loop
      vertex 28.5 43.2 3.5
      vertex 23.8478 36.7654 3.5
      vertex 23.9319 36.5176 3.5
    endloop
  endfacet
  facet normal -0 0 1
    outer loop
      vertex 23.2175 50.4133 3.5
      vertex 28.5 48.2 3.5
      vertex 23.4142 50.5858 3.5
    endloop
  endfacet
  facet normal 0 0 1
    outer loop
      vertex 28.5 43.2 3.5
      vertex 23.732 37 3.5
      vertex 23.8478 36.7654 3.5
    endloop
  endfacet
  facet normal -0 0 1
    outer loop
      vertex 23 50.2679 3.5
      vertex 28.5 48.2 3.5
      vertex 23.2175 50.4133 3.5
    endloop
  endfacet
  facet normal 0 0 1
    outer loop
      vertex 28.5 43.2 3.5
      vertex 23.5867 37.2175 3.5
      vertex 23.732 37 3.5
    endloop
  endfacet
  facet normal 0 0 1
    outer loop
      vertex 28.5 48.2 3.5
      vertex 23 50.2679 3.5
      vertex 28.5 44.8 3.5
    endloop
  endfacet
  facet normal 0 0 1
    outer loop
      vertex 28.5 43.2 3.5
      vertex 23.4142 37.4142 3.5
      vertex 23.5867 37.2175 3.5
    endloop
  endfacet
  facet normal -0 0 1
    outer loop
      vertex 22.7654 50.1522 3.5
      vertex 28.5 44.8 3.5
      vertex 23 50.2679 3.5
    endloop
  endfacet
  facet normal 0 0 1
    outer loop
      vertex 28.5 43.2 3.5
      vertex 23.2175 37.5867 3.5
      vertex 23.4142 37.4142 3.5
    endloop
  endfacet
  facet normal -0 0 1
    outer loop
      vertex 22.5176 50.0681 3.5
      vertex 28.5 44.8 3.5
      vertex 22.7654 50.1522 3.5
    endloop
  endfacet
  facet normal 0 0 1
    outer loop
      vertex 28.5 43.2 3.5
      vertex 23 37.7321 3.5
      vertex 23.2175 37.5867 3.5
    endloop
  endfacet
  facet normal -0 0 1
    outer loop
      vertex 22.2611 50.0171 3.5
      vertex 28.5 44.8 3.5
      vertex 22.5176 50.0681 3.5
    endloop
  endfacet
  facet normal 0 0 1
    outer loop
      vertex 28.5 43.2 3.5
      vertex 22.7654 37.8478 3.5
      vertex 23 37.7321 3.5
    endloop
  endfacet
  facet normal 0 0 1
    outer loop
      vertex 28.5 44.8 3.5
      vertex 22.2611 50.0171 3.5
      vertex 28.5 43.2 3.5
    endloop
  endfacet
  facet normal 0 0 1
    outer loop
      vertex 28.5 43.2 3.5
      vertex 22.5176 37.9319 3.5
      vertex 22.7654 37.8478 3.5
    endloop
  endfacet
  facet normal 0 0 1
    outer loop
      vertex 22.2611 37.9829 3.5
      vertex 28.5 43.2 3.5
      vertex 22.2611 50.0171 3.5
    endloop
  endfacet
  facet normal 0 0 1
    outer loop
      vertex 28.5 43.2 3.5
      vertex 22.2611 37.9829 3.5
      vertex 22.5176 37.9319 3.5
    endloop
  endfacet
  facet normal -0 0 1
    outer loop
      vertex 22 50 3.5
      vertex 22.2611 37.9829 3.5
      vertex 22.2611 50.0171 3.5
    endloop
  endfacet
  facet normal 0 0 1
    outer loop
      vertex 22 50 3.5
      vertex 22 38 3.5
      vertex 22.2611 37.9829 3.5
    endloop
  endfacet
  facet normal 0 0 1
    outer loop
      vertex 21.7389 50.0171 3.5
      vertex 22 38 3.5
      vertex 22 50 3.5
    endloop
  endfacet
  facet normal 0 0 1
    outer loop
      vertex 21.7389 50.0171 3.5
      vertex 21.7389 37.9829 3.5
      vertex 22 38 3.5
    endloop
  endfacet
  facet normal 0 0 1
    outer loop
      vertex 21.4824 50.0681 3.5
      vertex 21.7389 37.9829 3.5
      vertex 21.7389 50.0171 3.5
    endloop
  endfacet
  facet normal 0 0 1
    outer loop
      vertex 21.4824 50.0681 3.5
      vertex 21.4824 37.9319 3.5
      vertex 21.7389 37.9829 3.5
    endloop
  endfacet
  facet normal 0 0 1
    outer loop
      vertex 21.2346 50.1522 3.5
      vertex 21.4824 37.9319 3.5
      vertex 21.4824 50.0681 3.5
    endloop
  endfacet
  facet normal 0 0 1
    outer loop
      vertex 21.2346 50.1522 3.5
      vertex 21.2346 37.8478 3.5
      vertex 21.4824 37.9319 3.5
    endloop
  endfacet
  facet normal 0 0 1
    outer loop
      vertex 21 50.2679 3.5
      vertex 21.2346 37.8478 3.5
      vertex 21.2346 50.1522 3.5
    endloop
  endfacet
  facet normal 0 0 1
    outer loop
      vertex 21 50.2679 3.5
      vertex 21 37.7321 3.5
      vertex 21.2346 37.8478 3.5
    endloop
  endfacet
  facet normal 0 0 1
    outer loop
      vertex 20.7825 50.4133 3.5
      vertex 21 37.7321 3.5
      vertex 21 50.2679 3.5
    endloop
  endfacet
  facet normal 0 0 1
    outer loop
      vertex 20.7825 50.4133 3.5
      vertex 20.7825 37.5867 3.5
      vertex 21 37.7321 3.5
    endloop
  endfacet
  facet normal 0 0 1
    outer loop
      vertex 20.5858 50.5858 3.5
      vertex 20.7825 37.5867 3.5
      vertex 20.7825 50.4133 3.5
    endloop
  endfacet
  facet normal 0 0 1
    outer loop
      vertex 20.5858 50.5858 3.5
      vertex 20.5858 37.4142 3.5
      vertex 20.7825 37.5867 3.5
    endloop
  endfacet
  facet normal 0 0 1
    outer loop
      vertex 20.4133 50.7825 3.5
      vertex 20.5858 37.4142 3.5
      vertex 20.5858 50.5858 3.5
    endloop
  endfacet
  facet normal 0 0 1
    outer loop
      vertex 20.4133 50.7825 3.5
      vertex 20.4133 37.2175 3.5
      vertex 20.5858 37.4142 3.5
    endloop
  endfacet
  facet normal 0 0 1
    outer loop
      vertex 20.2679 51 3.5
      vertex 20.4133 37.2175 3.5
      vertex 20.4133 50.7825 3.5
    endloop
  endfacet
  facet normal 0 0 1
    outer loop
      vertex 20.2679 51 3.5
      vertex 20.2679 37 3.5
      vertex 20.4133 37.2175 3.5
    endloop
  endfacet
  facet normal 0 0 1
    outer loop
      vertex 14 56 3.5
      vertex 20.2679 51 3.5
      vertex 20.1522 51.2346 3.5
    endloop
  endfacet
  facet normal 0 0 1
    outer loop
      vertex 20.2679 51 3.5
      vertex 14 56 3.5
      vertex 20.2679 37 3.5
    endloop
  endfacet
  facet normal 0 0 1
    outer loop
      vertex 14 56 3.5
      vertex 20.1522 51.2346 3.5
      vertex 20.0681 51.4824 3.5
    endloop
  endfacet
  facet normal 0 0 1
    outer loop
      vertex 14 32 3.5
      vertex 20.2679 37 3.5
      vertex 14 56 3.5
    endloop
  endfacet
  facet normal 0 0 1
    outer loop
      vertex 14 56 3.5
      vertex 20.0681 51.4824 3.5
      vertex 20.0171 51.7389 3.5
    endloop
  endfacet
  facet normal 0 0 1
    outer loop
      vertex 20.2679 37 3.5
      vertex 14 32 3.5
      vertex 20.1522 36.7654 3.5
    endloop
  endfacet
  facet normal 0 0 1
    outer loop
      vertex 14 56 3.5
      vertex 20.0171 51.7389 3.5
      vertex 20 52 3.5
    endloop
  endfacet
  facet normal 0 0 1
    outer loop
      vertex 20.1522 36.7654 3.5
      vertex 14 32 3.5
      vertex 20.0681 36.5176 3.5
    endloop
  endfacet
  facet normal -0 0 1
    outer loop
      vertex 28.5 38.2 3.5
      vertex 33.5 34.8 3.5
      vertex 33.5 38.2 3.5
    endloop
  endfacet
  facet normal 0 0 1
    outer loop
      vertex 33.5 34.8 3.5
      vertex 28.5 38.2 3.5
      vertex 28.5 34.8 3.5
    endloop
  endfacet
  facet normal -0 0 1
    outer loop
      vertex 28.5 43.2 3.5
      vertex 33.5 39.8 3.5
      vertex 33.5 43.2 3.5
    endloop
  endfacet
  facet normal 0 0 1
    outer loop
      vertex 33.5 39.8 3.5
      vertex 28.5 43.2 3.5
      vertex 28.5 39.8 3.5
    endloop
  endfacet
  facet normal -0 0 1
    outer loop
      vertex 28.5 48.2 3.5
      vertex 33.5 44.8 3.5
      vertex 33.5 48.2 3.5
    endloop
  endfacet
  facet normal 0 0 1
    outer loop
      vertex 33.5 44.8 3.5
      vertex 28.5 48.2 3.5
      vertex 28.5 44.8 3.5
    endloop
  endfacet
  facet normal -0 0 1
    outer loop
      vertex 28.5 53.2 3.5
      vertex 33.5 49.8 3.5
      vertex 33.5 53.2 3.5
    endloop
  endfacet
  facet normal 0 0 1
    outer loop
      vertex 33.5 49.8 3.5
      vertex 28.5 53.2 3.5
      vertex 28.5 49.8 3.5
    endloop
  endfacet
  facet normal 0 0 1
    outer loop
      vertex 34.75 59.75 3.5
      vertex 36.75 57.75 3.5
      vertex 36.7329 58.011 3.5
    endloop
  endfacet
  facet normal 0 0 1
    outer loop
      vertex 36.75 57.75 3.5
      vertex 33.5 44.8 3.5
      vertex 36.75 30.25 3.5
    endloop
  endfacet
  facet normal 0 0 1
    outer loop
      vertex 34.75 59.75 3.5
      vertex 36.7329 58.011 3.5
      vertex 36.6819 58.2676 3.5
    endloop
  endfacet
  facet normal -0 0 1
    outer loop
      vertex 33.5 43.2 3.5
      vertex 36.75 30.25 3.5
      vertex 33.5 44.8 3.5
    endloop
  endfacet
  facet normal 0 0 1
    outer loop
      vertex 34.75 59.75 3.5
      vertex 36.6819 58.2676 3.5
      vertex 36.5978 58.5154 3.5
    endloop
  endfacet
  facet normal -0 0 1
    outer loop
      vertex 33.5 39.8 3.5
      vertex 36.75 30.25 3.5
      vertex 33.5 43.2 3.5
    endloop
  endfacet
  facet normal 0 0 1
    outer loop
      vertex 34.75 59.75 3.5
      vertex 36.5978 58.5154 3.5
      vertex 36.4821 58.75 3.5
    endloop
  endfacet
  facet normal -0 0 1
    outer loop
      vertex 33.5 38.2 3.5
      vertex 36.75 30.25 3.5
      vertex 33.5 39.8 3.5
    endloop
  endfacet
  facet normal 0 0 1
    outer loop
      vertex 34.75 59.75 3.5
      vertex 36.4821 58.75 3.5
      vertex 36.3367 58.9675 3.5
    endloop
  endfacet
  facet normal -0 0 1
    outer loop
      vertex 33.5 34.8 3.5
      vertex 36.75 30.25 3.5
      vertex 33.5 38.2 3.5
    endloop
  endfacet
  facet normal 0 0 1
    outer loop
      vertex 34.75 59.75 3.5
      vertex 36.3367 58.9675 3.5
      vertex 36.1642 59.1642 3.5
    endloop
  endfacet
  facet normal -0 0 1
    outer loop
      vertex 33.5 33.2 3.5
      vertex 36.75 30.25 3.5
      vertex 33.5 34.8 3.5
    endloop
  endfacet
  facet normal 0 0 1
    outer loop
      vertex 34.75 59.75 3.5
      vertex 36.1642 59.1642 3.5
      vertex 35.9675 59.3367 3.5
    endloop
  endfacet
  facet normal 0 -0 1
    outer loop
      vertex 34.75 28.25 3.5
      vertex 36.75 30.25 3.5
      vertex 33.5 33.2 3.5
    endloop
  endfacet
  facet normal 0 0 1
    outer loop
      vertex 34.75 59.75 3.5
      vertex 35.9675 59.3367 3.5
      vertex 35.75 59.4821 3.5
    endloop
  endfacet
  facet normal 0 0 1
    outer loop
      vertex 36.75 30.25 3.5
      vertex 34.75 28.25 3.5
      vertex 36.7329 29.989 3.5
    endloop
  endfacet
  facet normal 0 0 1
    outer loop
      vertex 34.75 59.75 3.5
      vertex 35.75 59.4821 3.5
      vertex 35.5154 59.5978 3.5
    endloop
  endfacet
  facet normal 0 0 1
    outer loop
      vertex 36.7329 29.989 3.5
      vertex 34.75 28.25 3.5
      vertex 36.6819 29.7324 3.5
    endloop
  endfacet
  facet normal 0 0 1
    outer loop
      vertex 34.75 59.75 3.5
      vertex 35.5154 59.5978 3.5
      vertex 35.2676 59.6819 3.5
    endloop
  endfacet
  facet normal 0 0 1
    outer loop
      vertex 36.6819 29.7324 3.5
      vertex 34.75 28.25 3.5
      vertex 36.5978 29.4846 3.5
    endloop
  endfacet
  facet normal 0 0 1
    outer loop
      vertex 34.75 59.75 3.5
      vertex 35.2676 59.6819 3.5
      vertex 35.011 59.7329 3.5
    endloop
  endfacet
  facet normal 0 0 1
    outer loop
      vertex 36.5978 29.4846 3.5
      vertex 34.75 28.25 3.5
      vertex 36.4821 29.25 3.5
    endloop
  endfacet
  facet normal 0 0 1
    outer loop
      vertex 36.75 57.75 3.5
      vertex 34.75 59.75 3.5
      vertex 33.5 54.8 3.5
    endloop
  endfacet
  facet normal 0 0 1
    outer loop
      vertex 36.4821 29.25 3.5
      vertex 34.75 28.25 3.5
      vertex 36.3367 29.0325 3.5
    endloop
  endfacet
  facet normal 0 0 1
    outer loop
      vertex 36.75 57.75 3.5
      vertex 33.5 54.8 3.5
      vertex 33.5 53.2 3.5
    endloop
  endfacet
  facet normal 0 0 1
    outer loop
      vertex 34.75 59.75 3.5
      vertex 28.5 54.8 3.5
      vertex 33.5 54.8 3.5
    endloop
  endfacet
  facet normal 0 0 1
    outer loop
      vertex 23.8478 52.7654 3.5
      vertex 28.5 53.2 3.5
      vertex 28.5 54.8 3.5
    endloop
  endfacet
  facet normal 0 0 1
    outer loop
      vertex 23.9829 51.7389 3.5
      vertex 28.5 53.2 3.5
      vertex 24 52 3.5
    endloop
  endfacet
  facet normal 0 0 1
    outer loop
      vertex 28.5 53.2 3.5
      vertex 23.9829 51.7389 3.5
      vertex 28.5 49.8 3.5
    endloop
  endfacet
  facet normal -0 0 1
    outer loop
      vertex 23.9319 51.4824 3.5
      vertex 28.5 49.8 3.5
      vertex 23.9829 51.7389 3.5
    endloop
  endfacet
  facet normal -0 0 1
    outer loop
      vertex 23.8478 51.2346 3.5
      vertex 28.5 49.8 3.5
      vertex 23.9319 51.4824 3.5
    endloop
  endfacet
  facet normal -0 0 1
    outer loop
      vertex 23.732 51 3.5
      vertex 28.5 49.8 3.5
      vertex 23.8478 51.2346 3.5
    endloop
  endfacet
  facet normal 0 0 1
    outer loop
      vertex 28.5 43.2 3.5
      vertex 24 36 3.5
      vertex 28.5 39.8 3.5
    endloop
  endfacet
  facet normal 0 0 1
    outer loop
      vertex 28.5 39.8 3.5
      vertex 24 36 3.5
      vertex 28.5 38.2 3.5
    endloop
  endfacet
  facet normal 0 0 1
    outer loop
      vertex 28.5 38.2 3.5
      vertex 24 36 3.5
      vertex 28.5 34.8 3.5
    endloop
  endfacet
  facet normal -0 0 1
    outer loop
      vertex 22 58 3.5
      vertex 28.5 54.8 3.5
      vertex 34.75 59.75 3.5
    endloop
  endfacet
  facet normal 0 0 1
    outer loop
      vertex 28.5 53.2 3.5
      vertex 23.9829 52.2611 3.5
      vertex 24 52 3.5
    endloop
  endfacet
  facet normal 0 0 1
    outer loop
      vertex 28.5 53.2 3.5
      vertex 23.9319 52.5176 3.5
      vertex 23.9829 52.2611 3.5
    endloop
  endfacet
  facet normal 0 0 1
    outer loop
      vertex 28.5 53.2 3.5
      vertex 23.8478 52.7654 3.5
      vertex 23.9319 52.5176 3.5
    endloop
  endfacet
  facet normal 0 0 1
    outer loop
      vertex 28.5 54.8 3.5
      vertex 23.732 53 3.5
      vertex 23.8478 52.7654 3.5
    endloop
  endfacet
  facet normal 0 0 1
    outer loop
      vertex 28.5 54.8 3.5
      vertex 23.5867 53.2175 3.5
      vertex 23.732 53 3.5
    endloop
  endfacet
  facet normal -0 0 1
    outer loop
      vertex 22 56 3.5
      vertex 28.5 54.8 3.5
      vertex 22 58 3.5
    endloop
  endfacet
  facet normal 0 0 1
    outer loop
      vertex 28.5 54.8 3.5
      vertex 23.4142 53.4142 3.5
      vertex 23.5867 53.2175 3.5
    endloop
  endfacet
  facet normal 0 -0 1
    outer loop
      vertex 23.2175 53.5867 3.5
      vertex 28.5 54.8 3.5
      vertex 22 56 3.5
    endloop
  endfacet
  facet normal 0 0 1
    outer loop
      vertex 28.5 54.8 3.5
      vertex 23.2175 53.5867 3.5
      vertex 23.4142 53.4142 3.5
    endloop
  endfacet
  facet normal 0 0 1
    outer loop
      vertex 23.2175 53.5867 3.5
      vertex 22 56 3.5
      vertex 23 53.732 3.5
    endloop
  endfacet
  facet normal 0 0 1
    outer loop
      vertex 22.7654 53.8478 3.5
      vertex 22 56 3.5
      vertex 22.5176 53.9319 3.5
    endloop
  endfacet
  facet normal 0 0 1
    outer loop
      vertex 23 53.732 3.5
      vertex 22 56 3.5
      vertex 22.7654 53.8478 3.5
    endloop
  endfacet
  facet normal 0 0 1
    outer loop
      vertex 34.75 59.75 3.5
      vertex 14 58 3.5
      vertex 22 58 3.5
    endloop
  endfacet
  facet normal 0 0 1
    outer loop
      vertex -14 56 3.5
      vertex 14 56 3.5
      vertex 14 58 3.5
    endloop
  endfacet
  facet normal 0 0 1
    outer loop
      vertex 14 56 3.5
      vertex -14 56 3.5
      vertex 14 32 3.5
    endloop
  endfacet
  facet normal 0 0 1
    outer loop
      vertex -14 56 3.5
      vertex 14 58 3.5
      vertex -14 58 3.5
    endloop
  endfacet
  facet normal 0 0 1
    outer loop
      vertex 34.75 59.75 3.5
      vertex -14 58 3.5
      vertex 14 58 3.5
    endloop
  endfacet
  facet normal -0 0 1
    outer loop
      vertex -34.75 59.75 3.5
      vertex -14 58 3.5
      vertex 34.75 59.75 3.5
    endloop
  endfacet
  facet normal 0 0 1
    outer loop
      vertex -28.5 54.8 3.5
      vertex -22 56 3.5
      vertex -22 58 3.5
    endloop
  endfacet
  facet normal 0 0 1
    outer loop
      vertex -22 56 3.5
      vertex -22.2611 53.9829 3.5
      vertex -22 54 3.5
    endloop
  endfacet
  facet normal 0 0 1
    outer loop
      vertex -22 56 3.5
      vertex -22.5176 53.9319 3.5
      vertex -22.2611 53.9829 3.5
    endloop
  endfacet
  facet normal 0 0 1
    outer loop
      vertex -22 56 3.5
      vertex -22.7654 53.8478 3.5
      vertex -22.5176 53.9319 3.5
    endloop
  endfacet
  facet normal 0 0 1
    outer loop
      vertex -22 56 3.5
      vertex -23 53.732 3.5
      vertex -22.7654 53.8478 3.5
    endloop
  endfacet
  facet normal 0 0 1
    outer loop
      vertex -22 56 3.5
      vertex -23.2175 53.5867 3.5
      vertex -23 53.732 3.5
    endloop
  endfacet
  facet normal 0 0 1
    outer loop
      vertex -22 56 3.5
      vertex -28.5 54.8 3.5
      vertex -23.2175 53.5867 3.5
    endloop
  endfacet
  facet normal 0 0 1
    outer loop
      vertex -23.2175 53.5867 3.5
      vertex -28.5 54.8 3.5
      vertex -23.4142 53.4142 3.5
    endloop
  endfacet
  facet normal 0 0 1
    outer loop
      vertex -23.4142 53.4142 3.5
      vertex -28.5 54.8 3.5
      vertex -23.5867 53.2175 3.5
    endloop
  endfacet
  facet normal 0 0 1
    outer loop
      vertex -23.5867 53.2175 3.5
      vertex -28.5 54.8 3.5
      vertex -23.732 53 3.5
    endloop
  endfacet
  facet normal 0 0 1
    outer loop
      vertex -23.9829 52.2611 3.5
      vertex -28.5 53.2 3.5
      vertex -24 52 3.5
    endloop
  endfacet
  facet normal 0 0 1
    outer loop
      vertex -23.9319 52.5176 3.5
      vertex -28.5 53.2 3.5
      vertex -23.9829 52.2611 3.5
    endloop
  endfacet
  facet normal 0 0 1
    outer loop
      vertex -23.8478 52.7654 3.5
      vertex -28.5 53.2 3.5
      vertex -23.9319 52.5176 3.5
    endloop
  endfacet
  facet normal -0 0 1
    outer loop
      vertex -28.5 53.2 3.5
      vertex -23.8478 52.7654 3.5
      vertex -28.5 54.8 3.5
    endloop
  endfacet
  facet normal 0 0 1
    outer loop
      vertex -23.732 53 3.5
      vertex -28.5 54.8 3.5
      vertex -23.8478 52.7654 3.5
    endloop
  endfacet
  facet normal 0 0 1
    outer loop
      vertex -34.75 59.75 3.5
      vertex -28.5 54.8 3.5
      vertex -22 58 3.5
    endloop
  endfacet
  facet normal 0 0 1
    outer loop
      vertex -36.75 57.75 3.5
      vertex -33.5 53.2 3.5
      vertex -33.5 54.8 3.5
    endloop
  endfacet
  facet normal 0 0 1
    outer loop
      vertex -33.5 53.2 3.5
      vertex -36.75 57.75 3.5
      vertex -33.5 49.8 3.5
    endloop
  endfacet
  facet normal 0 0 1
    outer loop
      vertex -33.5 49.8 3.5
      vertex -36.75 57.75 3.5
      vertex -33.5 48.2 3.5
    endloop
  endfacet
  facet normal 0 0 1
    outer loop
      vertex -33.5 48.2 3.5
      vertex -36.75 57.75 3.5
      vertex -33.5 44.8 3.5
    endloop
  endfacet
  facet normal 0 0 1
    outer loop
      vertex -33.5 44.8 3.5
      vertex -36.75 57.75 3.5
      vertex -33.5 43.2 3.5
    endloop
  endfacet
  facet normal 0 0 1
    outer loop
      vertex -36.75 30.25 3.5
      vertex -33.5 43.2 3.5
      vertex -36.75 57.75 3.5
    endloop
  endfacet
  facet normal 0 0 1
    outer loop
      vertex -33.5 43.2 3.5
      vertex -36.75 30.25 3.5
      vertex -33.5 39.8 3.5
    endloop
  endfacet
  facet normal 0 0 1
    outer loop
      vertex -33.5 39.8 3.5
      vertex -36.75 30.25 3.5
      vertex -33.5 38.2 3.5
    endloop
  endfacet
  facet normal -0 0 1
    outer loop
      vertex -36.75 57.75 3.5
      vertex -33.5 54.8 3.5
      vertex -34.75 59.75 3.5
    endloop
  endfacet
  facet normal 0 0 1
    outer loop
      vertex -28.5 54.8 3.5
      vertex -34.75 59.75 3.5
      vertex -33.5 54.8 3.5
    endloop
  endfacet
  facet normal 0 0 1
    outer loop
      vertex -14 58 3.5
      vertex -34.75 59.75 3.5
      vertex -22 58 3.5
    endloop
  endfacet
  facet normal 0 0 1
    outer loop
      vertex 36.75 57.75 3.5
      vertex 33.5 53.2 3.5
      vertex 33.5 49.8 3.5
    endloop
  endfacet
  facet normal 0 0 1
    outer loop
      vertex 36.75 57.75 3.5
      vertex 33.5 49.8 3.5
      vertex 33.5 48.2 3.5
    endloop
  endfacet
  facet normal 0 0 1
    outer loop
      vertex 36.75 57.75 3.5
      vertex 33.5 48.2 3.5
      vertex 33.5 44.8 3.5
    endloop
  endfacet
  facet normal 0 0 1
    outer loop
      vertex 36.3367 29.0325 3.5
      vertex 34.75 28.25 3.5
      vertex 36.1642 28.8358 3.5
    endloop
  endfacet
  facet normal 0 0 1
    outer loop
      vertex 36.1642 28.8358 3.5
      vertex 34.75 28.25 3.5
      vertex 35.9675 28.6633 3.5
    endloop
  endfacet
  facet normal 0 0 1
    outer loop
      vertex 35.9675 28.6633 3.5
      vertex 34.75 28.25 3.5
      vertex 35.75 28.5179 3.5
    endloop
  endfacet
  facet normal 0 0 1
    outer loop
      vertex 35.75 28.5179 3.5
      vertex 34.75 28.25 3.5
      vertex 35.5154 28.4022 3.5
    endloop
  endfacet
  facet normal 0 0 1
    outer loop
      vertex 35.5154 28.4022 3.5
      vertex 34.75 28.25 3.5
      vertex 35.2676 28.3181 3.5
    endloop
  endfacet
  facet normal 0 0 1
    outer loop
      vertex 35.2676 28.3181 3.5
      vertex 34.75 28.25 3.5
      vertex 35.011 28.2671 3.5
    endloop
  endfacet
  facet normal -0 0 1
    outer loop
      vertex 28.5 33.2 3.5
      vertex 34.75 28.25 3.5
      vertex 33.5 33.2 3.5
    endloop
  endfacet
  facet normal -0 0 1
    outer loop
      vertex 23.9829 35.7389 3.5
      vertex 28.5 34.8 3.5
      vertex 24 36 3.5
    endloop
  endfacet
  facet normal -0 0 1
    outer loop
      vertex 23.9319 35.4824 3.5
      vertex 28.5 34.8 3.5
      vertex 23.9829 35.7389 3.5
    endloop
  endfacet
  facet normal -0 0 1
    outer loop
      vertex 23.8478 35.2346 3.5
      vertex 28.5 34.8 3.5
      vertex 23.9319 35.4824 3.5
    endloop
  endfacet
  facet normal 0 0 1
    outer loop
      vertex 28.5 34.8 3.5
      vertex 23.8478 35.2346 3.5
      vertex 28.5 33.2 3.5
    endloop
  endfacet
  facet normal -0 0 1
    outer loop
      vertex 23.732 35 3.5
      vertex 28.5 33.2 3.5
      vertex 23.8478 35.2346 3.5
    endloop
  endfacet
  facet normal -0 0 1
    outer loop
      vertex 23.5867 34.7825 3.5
      vertex 28.5 33.2 3.5
      vertex 23.732 35 3.5
    endloop
  endfacet
  facet normal -0 0 1
    outer loop
      vertex 23.4142 34.5858 3.5
      vertex 28.5 33.2 3.5
      vertex 23.5867 34.7825 3.5
    endloop
  endfacet
  facet normal -0 0 1
    outer loop
      vertex 23.2175 34.4133 3.5
      vertex 28.5 33.2 3.5
      vertex 23.4142 34.5858 3.5
    endloop
  endfacet
  facet normal 0 0 1
    outer loop
      vertex 28.5 33.2 3.5
      vertex 23.2175 34.4133 3.5
      vertex 22 32 3.5
    endloop
  endfacet
  facet normal 0 0 1
    outer loop
      vertex 22 32 3.5
      vertex 23.2175 34.4133 3.5
      vertex 23 34.268 3.5
    endloop
  endfacet
  facet normal 0 0 1
    outer loop
      vertex 22 32 3.5
      vertex 23 34.268 3.5
      vertex 22.7654 34.1522 3.5
    endloop
  endfacet
  facet normal 0 0 1
    outer loop
      vertex 22 32 3.5
      vertex 22.7654 34.1522 3.5
      vertex 22.5176 34.0681 3.5
    endloop
  endfacet
  facet normal 0 0 1
    outer loop
      vertex 22 32 3.5
      vertex 22.5176 34.0681 3.5
      vertex 22.2611 34.0171 3.5
    endloop
  endfacet
  facet normal 0 0 1
    outer loop
      vertex 22 32 3.5
      vertex 22.2611 34.0171 3.5
      vertex 22 34 3.5
    endloop
  endfacet
  facet normal 0 0 1
    outer loop
      vertex 28.5 33.2 3.5
      vertex 22 32 3.5
      vertex 22 30 3.5
    endloop
  endfacet
  facet normal 0 0 1
    outer loop
      vertex 28.5 33.2 3.5
      vertex 22 30 3.5
      vertex 34.75 28.25 3.5
    endloop
  endfacet
  facet normal -0 0 1
    outer loop
      vertex 14 30 3.5
      vertex 34.75 28.25 3.5
      vertex 22 30 3.5
    endloop
  endfacet
  facet normal 0 0 1
    outer loop
      vertex -14 32 3.5
      vertex 14 32 3.5
      vertex -14 56 3.5
    endloop
  endfacet
  facet normal 0 0 1
    outer loop
      vertex 14 32 3.5
      vertex -14 32 3.5
      vertex 14 30 3.5
    endloop
  endfacet
  facet normal 0 0 1
    outer loop
      vertex -14 30 3.5
      vertex 14 30 3.5
      vertex -14 32 3.5
    endloop
  endfacet
  facet normal 0 0 1
    outer loop
      vertex 14 30 3.5
      vertex -14 30 3.5
      vertex 34.75 28.25 3.5
    endloop
  endfacet
  facet normal 0 0 1
    outer loop
      vertex -34.75 28.25 3.5
      vertex -14 30 3.5
      vertex -22 30 3.5
    endloop
  endfacet
  facet normal 0 0 1
    outer loop
      vertex -22.7654 34.1522 3.5
      vertex -22 32 3.5
      vertex -22.5176 34.0681 3.5
    endloop
  endfacet
  facet normal 0 0 1
    outer loop
      vertex -23 34.268 3.5
      vertex -22 32 3.5
      vertex -22.7654 34.1522 3.5
    endloop
  endfacet
  facet normal 0 0 1
    outer loop
      vertex -23.2175 34.4133 3.5
      vertex -22 32 3.5
      vertex -23 34.268 3.5
    endloop
  endfacet
  facet normal -0 0 1
    outer loop
      vertex -28.5 33.2 3.5
      vertex -22 32 3.5
      vertex -23.2175 34.4133 3.5
    endloop
  endfacet
  facet normal 0 0 1
    outer loop
      vertex -28.5 33.2 3.5
      vertex -23.2175 34.4133 3.5
      vertex -23.4142 34.5858 3.5
    endloop
  endfacet
  facet normal 0 0 1
    outer loop
      vertex -28.5 33.2 3.5
      vertex -23.4142 34.5858 3.5
      vertex -23.5867 34.7825 3.5
    endloop
  endfacet
  facet normal 0 0 1
    outer loop
      vertex -28.5 33.2 3.5
      vertex -23.5867 34.7825 3.5
      vertex -23.732 35 3.5
    endloop
  endfacet
  facet normal 0 0 1
    outer loop
      vertex -28.5 33.2 3.5
      vertex -23.732 35 3.5
      vertex -23.8478 35.2346 3.5
    endloop
  endfacet
  facet normal 0 0 1
    outer loop
      vertex -23.9829 51.7389 3.5
      vertex -28.5 53.2 3.5
      vertex -28.5 49.8 3.5
    endloop
  endfacet
  facet normal 0 0 1
    outer loop
      vertex -23.5867 50.7825 3.5
      vertex -28.5 49.8 3.5
      vertex -28.5 48.2 3.5
    endloop
  endfacet
  facet normal 0 0 1
    outer loop
      vertex -23 50.2679 3.5
      vertex -28.5 48.2 3.5
      vertex -28.5 44.8 3.5
    endloop
  endfacet
  facet normal 0 0 1
    outer loop
      vertex -23.732 37 3.5
      vertex -28.5 38.2 3.5
      vertex -23.8478 36.7654 3.5
    endloop
  endfacet
  facet normal 0 0 1
    outer loop
      vertex -23.8478 36.7654 3.5
      vertex -28.5 38.2 3.5
      vertex -23.9319 36.5176 3.5
    endloop
  endfacet
  facet normal 0 0 1
    outer loop
      vertex -23.9319 36.5176 3.5
      vertex -28.5 38.2 3.5
      vertex -23.9829 36.2611 3.5
    endloop
  endfacet
  facet normal 0 0 1
    outer loop
      vertex -28.5 34.8 3.5
      vertex -23.9829 36.2611 3.5
      vertex -28.5 38.2 3.5
    endloop
  endfacet
  facet normal 0 0 1
    outer loop
      vertex -23.9829 36.2611 3.5
      vertex -28.5 34.8 3.5
      vertex -24 36 3.5
    endloop
  endfacet
  facet normal 0 0 1
    outer loop
      vertex -24 36 3.5
      vertex -28.5 34.8 3.5
      vertex -23.9829 35.7389 3.5
    endloop
  endfacet
  facet normal 0 0 1
    outer loop
      vertex -23.9829 35.7389 3.5
      vertex -28.5 34.8 3.5
      vertex -23.9319 35.4824 3.5
    endloop
  endfacet
  facet normal 0 0 1
    outer loop
      vertex -23.9319 35.4824 3.5
      vertex -28.5 34.8 3.5
      vertex -23.8478 35.2346 3.5
    endloop
  endfacet
  facet normal 0 0 1
    outer loop
      vertex -28.5 33.2 3.5
      vertex -23.8478 35.2346 3.5
      vertex -28.5 34.8 3.5
    endloop
  endfacet
  facet normal 0 0 1
    outer loop
      vertex -22 32 3.5
      vertex -28.5 33.2 3.5
      vertex -22 30 3.5
    endloop
  endfacet
  facet normal 0 0 1
    outer loop
      vertex -34.75 28.25 3.5
      vertex -28.5 33.2 3.5
      vertex -33.5 33.2 3.5
    endloop
  endfacet
  facet normal 0 0 1
    outer loop
      vertex -14 30 3.5
      vertex -34.75 28.25 3.5
      vertex 34.75 28.25 3.5
    endloop
  endfacet
  facet normal 0 0 1
    outer loop
      vertex -28.5 33.2 3.5
      vertex -34.75 28.25 3.5
      vertex -22 30 3.5
    endloop
  endfacet
  facet normal 0 0 1
    outer loop
      vertex -33.5 38.2 3.5
      vertex -36.75 30.25 3.5
      vertex -33.5 34.8 3.5
    endloop
  endfacet
  facet normal 0 0 1
    outer loop
      vertex -36.75 57.75 3.5
      vertex -34.75 59.75 3.5
      vertex -35.011 59.7329 3.5
    endloop
  endfacet
  facet normal 0 0 1
    outer loop
      vertex -33.5 34.8 3.5
      vertex -36.75 30.25 3.5
      vertex -33.5 33.2 3.5
    endloop
  endfacet
  facet normal 0 0 1
    outer loop
      vertex -36.75 57.75 3.5
      vertex -35.011 59.7329 3.5
      vertex -35.2676 59.6819 3.5
    endloop
  endfacet
  facet normal 0 0 1
    outer loop
      vertex -33.5 33.2 3.5
      vertex -36.75 30.25 3.5
      vertex -34.75 28.25 3.5
    endloop
  endfacet
  facet normal 0 0 1
    outer loop
      vertex -36.75 57.75 3.5
      vertex -35.2676 59.6819 3.5
      vertex -35.5154 59.5978 3.5
    endloop
  endfacet
  facet normal 0 0 1
    outer loop
      vertex -34.75 28.25 3.5
      vertex -36.75 30.25 3.5
      vertex -35.011 28.2671 3.5
    endloop
  endfacet
  facet normal 0 0 1
    outer loop
      vertex -36.75 57.75 3.5
      vertex -35.5154 59.5978 3.5
      vertex -35.75 59.4821 3.5
    endloop
  endfacet
  facet normal 0 0 1
    outer loop
      vertex -35.011 28.2671 3.5
      vertex -36.75 30.25 3.5
      vertex -35.2676 28.3181 3.5
    endloop
  endfacet
  facet normal 0 0 1
    outer loop
      vertex -36.75 57.75 3.5
      vertex -35.75 59.4821 3.5
      vertex -35.9675 59.3367 3.5
    endloop
  endfacet
  facet normal 0 0 1
    outer loop
      vertex -35.2676 28.3181 3.5
      vertex -36.75 30.25 3.5
      vertex -35.5154 28.4022 3.5
    endloop
  endfacet
  facet normal 0 0 1
    outer loop
      vertex -36.75 57.75 3.5
      vertex -35.9675 59.3367 3.5
      vertex -36.1642 59.1642 3.5
    endloop
  endfacet
  facet normal 0 0 1
    outer loop
      vertex -35.5154 28.4022 3.5
      vertex -36.75 30.25 3.5
      vertex -35.75 28.5179 3.5
    endloop
  endfacet
  facet normal 0 0 1
    outer loop
      vertex -36.75 57.75 3.5
      vertex -36.1642 59.1642 3.5
      vertex -36.3367 58.9675 3.5
    endloop
  endfacet
  facet normal 0 0 1
    outer loop
      vertex -35.75 28.5179 3.5
      vertex -36.75 30.25 3.5
      vertex -35.9675 28.6633 3.5
    endloop
  endfacet
  facet normal 0 0 1
    outer loop
      vertex -36.75 57.75 3.5
      vertex -36.3367 58.9675 3.5
      vertex -36.4821 58.75 3.5
    endloop
  endfacet
  facet normal 0 0 1
    outer loop
      vertex -35.9675 28.6633 3.5
      vertex -36.75 30.25 3.5
      vertex -36.1642 28.8358 3.5
    endloop
  endfacet
  facet normal 0 0 1
    outer loop
      vertex -36.75 57.75 3.5
      vertex -36.4821 58.75 3.5
      vertex -36.5978 58.5154 3.5
    endloop
  endfacet
  facet normal 0 0 1
    outer loop
      vertex -36.1642 28.8358 3.5
      vertex -36.75 30.25 3.5
      vertex -36.3367 29.0325 3.5
    endloop
  endfacet
  facet normal 0 0 1
    outer loop
      vertex -36.75 57.75 3.5
      vertex -36.5978 58.5154 3.5
      vertex -36.6819 58.2676 3.5
    endloop
  endfacet
  facet normal 0 0 1
    outer loop
      vertex -36.3367 29.0325 3.5
      vertex -36.75 30.25 3.5
      vertex -36.4821 29.25 3.5
    endloop
  endfacet
  facet normal 0 0 1
    outer loop
      vertex -36.75 57.75 3.5
      vertex -36.6819 58.2676 3.5
      vertex -36.7329 58.011 3.5
    endloop
  endfacet
  facet normal 0 0 1
    outer loop
      vertex -36.4821 29.25 3.5
      vertex -36.75 30.25 3.5
      vertex -36.5978 29.4846 3.5
    endloop
  endfacet
  facet normal 0 0 1
    outer loop
      vertex -36.5978 29.4846 3.5
      vertex -36.75 30.25 3.5
      vertex -36.6819 29.7324 3.5
    endloop
  endfacet
  facet normal 0 0 1
    outer loop
      vertex -36.6819 29.7324 3.5
      vertex -36.75 30.25 3.5
      vertex -36.7329 29.989 3.5
    endloop
  endfacet
  facet normal 0 0 1
    outer loop
      vertex 22.5176 53.9319 3.5
      vertex 22 56 3.5
      vertex 22.2611 53.9829 3.5
    endloop
  endfacet
  facet normal 0 0 1
    outer loop
      vertex 22 56 3.5
      vertex 22 54 3.5
      vertex 22.2611 53.9829 3.5
    endloop
  endfacet
  facet normal 0 0 1
    outer loop
      vertex 22 56 3.5
      vertex 21.7389 53.9829 3.5
      vertex 22 54 3.5
    endloop
  endfacet
  facet normal 0 0 1
    outer loop
      vertex 22 56 3.5
      vertex 21.4824 53.9319 3.5
      vertex 21.7389 53.9829 3.5
    endloop
  endfacet
  facet normal 0 0 1
    outer loop
      vertex 22 56 3.5
      vertex 21.2346 53.8478 3.5
      vertex 21.4824 53.9319 3.5
    endloop
  endfacet
  facet normal 0 0 1
    outer loop
      vertex 22 56 3.5
      vertex 21 53.732 3.5
      vertex 21.2346 53.8478 3.5
    endloop
  endfacet
  facet normal 0 0 1
    outer loop
      vertex 22 56 3.5
      vertex 20.7825 53.5867 3.5
      vertex 21 53.732 3.5
    endloop
  endfacet
  facet normal 0 0 1
    outer loop
      vertex 22 56 3.5
      vertex 20.5858 53.4142 3.5
      vertex 20.7825 53.5867 3.5
    endloop
  endfacet
  facet normal -0 0 1
    outer loop
      vertex 14 56 3.5
      vertex 20.5858 53.4142 3.5
      vertex 22 56 3.5
    endloop
  endfacet
  facet normal 0 0 1
    outer loop
      vertex 20.5858 53.4142 3.5
      vertex 14 56 3.5
      vertex 20.4133 53.2175 3.5
    endloop
  endfacet
  facet normal 0 0 1
    outer loop
      vertex 20.0681 36.5176 3.5
      vertex 14 32 3.5
      vertex 20.0171 36.2611 3.5
    endloop
  endfacet
  facet normal 0 0 1
    outer loop
      vertex 20.0171 52.2611 3.5
      vertex 14 56 3.5
      vertex 20 52 3.5
    endloop
  endfacet
  facet normal 0 0 1
    outer loop
      vertex 20.0681 52.5176 3.5
      vertex 14 56 3.5
      vertex 20.0171 52.2611 3.5
    endloop
  endfacet
  facet normal 0 0 1
    outer loop
      vertex 20.1522 52.7654 3.5
      vertex 14 56 3.5
      vertex 20.0681 52.5176 3.5
    endloop
  endfacet
  facet normal 0 0 1
    outer loop
      vertex 20.2679 53 3.5
      vertex 14 56 3.5
      vertex 20.1522 52.7654 3.5
    endloop
  endfacet
  facet normal 0 0 1
    outer loop
      vertex 20.4133 53.2175 3.5
      vertex 14 56 3.5
      vertex 20.2679 53 3.5
    endloop
  endfacet
  facet normal -0.831344 -0.555758 0
    outer loop
      vertex -36.3367 29.0325 2
      vertex -36.4821 29.25 3.5
      vertex -36.4821 29.25 2
    endloop
  endfacet
  facet normal -0.831344 -0.555758 0
    outer loop
      vertex -36.4821 29.25 3.5
      vertex -36.3367 29.0325 2
      vertex -36.3367 29.0325 3.5
    endloop
  endfacet
  facet normal 0.659343 0.751842 -0
    outer loop
      vertex 36.1642 59.1642 2
      vertex 35.9675 59.3367 3.5
      vertex 36.1642 59.1642 3.5
    endloop
  endfacet
  facet normal 0.659343 0.751842 0
    outer loop
      vertex 35.9675 59.3367 3.5
      vertex 36.1642 59.1642 2
      vertex 35.9675 59.3367 2
    endloop
  endfacet
  facet normal -0.751842 -0.659343 0
    outer loop
      vertex -36.1642 28.8358 2
      vertex -36.3367 29.0325 3.5
      vertex -36.3367 29.0325 2
    endloop
  endfacet
  facet normal -0.751842 -0.659343 0
    outer loop
      vertex -36.3367 29.0325 3.5
      vertex -36.1642 28.8358 2
      vertex -36.1642 28.8358 3.5
    endloop
  endfacet
  facet normal -0.751842 0.659343 0
    outer loop
      vertex -36.3367 58.9675 2
      vertex -36.1642 59.1642 3.5
      vertex -36.1642 59.1642 2
    endloop
  endfacet
  facet normal -0.751842 0.659343 0
    outer loop
      vertex -36.1642 59.1642 3.5
      vertex -36.3367 58.9675 2
      vertex -36.3367 58.9675 3.5
    endloop
  endfacet
  facet normal 0.831344 -0.555758 0
    outer loop
      vertex 36.3367 29.0325 3.5
      vertex 36.4821 29.25 2
      vertex 36.4821 29.25 3.5
    endloop
  endfacet
  facet normal 0.831344 -0.555758 0
    outer loop
      vertex 36.4821 29.25 2
      vertex 36.3367 29.0325 3.5
      vertex 36.3367 29.0325 2
    endloop
  endfacet
  facet normal 0.751842 -0.659343 0
    outer loop
      vertex 36.1642 28.8358 3.5
      vertex 36.3367 29.0325 2
      vertex 36.3367 29.0325 3.5
    endloop
  endfacet
  facet normal 0.751842 -0.659343 0
    outer loop
      vertex 36.3367 29.0325 2
      vertex 36.1642 28.8358 3.5
      vertex 36.1642 28.8358 2
    endloop
  endfacet
  facet normal 0.442314 0.89686 -0
    outer loop
      vertex 35.75 59.4821 2
      vertex 35.5154 59.5978 3.5
      vertex 35.75 59.4821 3.5
    endloop
  endfacet
  facet normal 0.442314 0.89686 0
    outer loop
      vertex 35.5154 59.5978 3.5
      vertex 35.75 59.4821 2
      vertex 35.5154 59.5978 2
    endloop
  endfacet
  facet normal 0.94695 -0.321382 0
    outer loop
      vertex 36.5978 29.4846 3.5
      vertex 36.6819 29.7324 2
      vertex 36.6819 29.7324 3.5
    endloop
  endfacet
  facet normal 0.94695 -0.321382 0
    outer loop
      vertex 36.6819 29.7324 2
      vertex 36.5978 29.4846 3.5
      vertex 36.5978 29.4846 2
    endloop
  endfacet
  facet normal 0.555758 0.831344 -0
    outer loop
      vertex 35.9675 59.3367 2
      vertex 35.75 59.4821 3.5
      vertex 35.9675 59.3367 3.5
    endloop
  endfacet
  facet normal 0.555758 0.831344 0
    outer loop
      vertex 35.75 59.4821 3.5
      vertex 35.9675 59.3367 2
      vertex 35.75 59.4821 2
    endloop
  endfacet
  facet normal -1 0 0
    outer loop
      vertex -14 30 0
      vertex -14 32 3.5
      vertex -14 32 0
    endloop
  endfacet
  facet normal -1 -0 0
    outer loop
      vertex -14 32 3.5
      vertex -14 30 0
      vertex -14 30 3.5
    endloop
  endfacet
  facet normal 1 -0 0
    outer loop
      vertex -22 30 3.5
      vertex -22 32 0
      vertex -22 32 3.5
    endloop
  endfacet
  facet normal 1 0 0
    outer loop
      vertex -22 32 0
      vertex -22 30 3.5
      vertex -22 30 0
    endloop
  endfacet
  facet normal 0 -1 0
    outer loop
      vertex -22 32 0
      vertex -14 32 3.5
      vertex -22 32 3.5
    endloop
  endfacet
  facet normal 0 -1 -0
    outer loop
      vertex -14 32 3.5
      vertex -22 32 0
      vertex -14 32 0
    endloop
  endfacet
  facet normal 0 1 -0
    outer loop
      vertex -14 30 0
      vertex -22 30 3.5
      vertex -14 30 3.5
    endloop
  endfacet
  facet normal 0 1 0
    outer loop
      vertex -22 30 3.5
      vertex -14 30 0
      vertex -22 30 0
    endloop
  endfacet
  facet normal -1 0 0
    outer loop
      vertex -14 56 0
      vertex -14 58 3.5
      vertex -14 58 0
    endloop
  endfacet
  facet normal -1 -0 0
    outer loop
      vertex -14 58 3.5
      vertex -14 56 0
      vertex -14 56 3.5
    endloop
  endfacet
  facet normal 1 -0 0
    outer loop
      vertex -22 56 3.5
      vertex -22 58 0
      vertex -22 58 3.5
    endloop
  endfacet
  facet normal 1 0 0
    outer loop
      vertex -22 58 0
      vertex -22 56 3.5
      vertex -22 56 0
    endloop
  endfacet
  facet normal 0 -1 0
    outer loop
      vertex -22 58 0
      vertex -14 58 3.5
      vertex -22 58 3.5
    endloop
  endfacet
  facet normal 0 -1 -0
    outer loop
      vertex -14 58 3.5
      vertex -22 58 0
      vertex -14 58 0
    endloop
  endfacet
  facet normal 0 1 -0
    outer loop
      vertex -14 56 0
      vertex -22 56 3.5
      vertex -14 56 3.5
    endloop
  endfacet
  facet normal 0 1 0
    outer loop
      vertex -22 56 3.5
      vertex -14 56 0
      vertex -22 56 0
    endloop
  endfacet
  facet normal -1 0 0
    outer loop
      vertex 22 30 0
      vertex 22 32 3.5
      vertex 22 32 0
    endloop
  endfacet
  facet normal -1 -0 0
    outer loop
      vertex 22 32 3.5
      vertex 22 30 0
      vertex 22 30 3.5
    endloop
  endfacet
  facet normal 1 -0 0
    outer loop
      vertex 14 30 3.5
      vertex 14 32 0
      vertex 14 32 3.5
    endloop
  endfacet
  facet normal 1 0 0
    outer loop
      vertex 14 32 0
      vertex 14 30 3.5
      vertex 14 30 0
    endloop
  endfacet
  facet normal 0 -1 0
    outer loop
      vertex 14 32 0
      vertex 22 32 3.5
      vertex 14 32 3.5
    endloop
  endfacet
  facet normal 0 -1 -0
    outer loop
      vertex 22 32 3.5
      vertex 14 32 0
      vertex 22 32 0
    endloop
  endfacet
  facet normal 0 1 -0
    outer loop
      vertex 22 30 0
      vertex 14 30 3.5
      vertex 22 30 3.5
    endloop
  endfacet
  facet normal 0 1 0
    outer loop
      vertex 14 30 3.5
      vertex 22 30 0
      vertex 14 30 0
    endloop
  endfacet
  facet normal -1 0 0
    outer loop
      vertex 22 56 0
      vertex 22 58 3.5
      vertex 22 58 0
    endloop
  endfacet
  facet normal -1 -0 0
    outer loop
      vertex 22 58 3.5
      vertex 22 56 0
      vertex 22 56 3.5
    endloop
  endfacet
  facet normal 1 -0 0
    outer loop
      vertex 14 56 3.5
      vertex 14 58 0
      vertex 14 58 3.5
    endloop
  endfacet
  facet normal 1 0 0
    outer loop
      vertex 14 58 0
      vertex 14 56 3.5
      vertex 14 56 0
    endloop
  endfacet
  facet normal 0 -1 0
    outer loop
      vertex 14 58 0
      vertex 22 58 3.5
      vertex 14 58 3.5
    endloop
  endfacet
  facet normal 0 -1 -0
    outer loop
      vertex 22 58 3.5
      vertex 14 58 0
      vertex 22 58 0
    endloop
  endfacet
  facet normal 0 1 -0
    outer loop
      vertex 22 56 0
      vertex 14 56 3.5
      vertex 22 56 3.5
    endloop
  endfacet
  facet normal 0 1 0
    outer loop
      vertex 14 56 3.5
      vertex 22 56 0
      vertex 14 56 0
    endloop
  endfacet
  facet normal -1 0 0
    outer loop
      vertex -28.5 33.2 0
      vertex -28.5 34.8 3.5
      vertex -28.5 34.8 0
    endloop
  endfacet
  facet normal -1 -0 0
    outer loop
      vertex -28.5 34.8 3.5
      vertex -28.5 33.2 0
      vertex -28.5 33.2 3.5
    endloop
  endfacet
  facet normal 1 -0 0
    outer loop
      vertex -33.5 33.2 3.5
      vertex -33.5 34.8 0
      vertex -33.5 34.8 3.5
    endloop
  endfacet
  facet normal 1 0 0
    outer loop
      vertex -33.5 34.8 0
      vertex -33.5 33.2 3.5
      vertex -33.5 33.2 0
    endloop
  endfacet
  facet normal 0 -1 0
    outer loop
      vertex -33.5 34.8 0
      vertex -28.5 34.8 3.5
      vertex -33.5 34.8 3.5
    endloop
  endfacet
  facet normal 0 -1 -0
    outer loop
      vertex -28.5 34.8 3.5
      vertex -33.5 34.8 0
      vertex -28.5 34.8 0
    endloop
  endfacet
  facet normal 0 1 -0
    outer loop
      vertex -28.5 33.2 0
      vertex -33.5 33.2 3.5
      vertex -28.5 33.2 3.5
    endloop
  endfacet
  facet normal 0 1 0
    outer loop
      vertex -33.5 33.2 3.5
      vertex -28.5 33.2 0
      vertex -33.5 33.2 0
    endloop
  endfacet
  facet normal -1 0 0
    outer loop
      vertex -28.5 38.2 0
      vertex -28.5 39.8 3.5
      vertex -28.5 39.8 0
    endloop
  endfacet
  facet normal -1 -0 0
    outer loop
      vertex -28.5 39.8 3.5
      vertex -28.5 38.2 0
      vertex -28.5 38.2 3.5
    endloop
  endfacet
  facet normal 1 -0 0
    outer loop
      vertex -33.5 38.2 3.5
      vertex -33.5 39.8 0
      vertex -33.5 39.8 3.5
    endloop
  endfacet
  facet normal 1 0 0
    outer loop
      vertex -33.5 39.8 0
      vertex -33.5 38.2 3.5
      vertex -33.5 38.2 0
    endloop
  endfacet
  facet normal 0 -1 0
    outer loop
      vertex -33.5 39.8 0
      vertex -28.5 39.8 3.5
      vertex -33.5 39.8 3.5
    endloop
  endfacet
  facet normal 0 -1 -0
    outer loop
      vertex -28.5 39.8 3.5
      vertex -33.5 39.8 0
      vertex -28.5 39.8 0
    endloop
  endfacet
  facet normal 0 1 -0
    outer loop
      vertex -28.5 38.2 0
      vertex -33.5 38.2 3.5
      vertex -28.5 38.2 3.5
    endloop
  endfacet
  facet normal 0 1 0
    outer loop
      vertex -33.5 38.2 3.5
      vertex -28.5 38.2 0
      vertex -33.5 38.2 0
    endloop
  endfacet
  facet normal -1 0 0
    outer loop
      vertex -28.5 43.2 0
      vertex -28.5 44.8 3.5
      vertex -28.5 44.8 0
    endloop
  endfacet
  facet normal -1 -0 0
    outer loop
      vertex -28.5 44.8 3.5
      vertex -28.5 43.2 0
      vertex -28.5 43.2 3.5
    endloop
  endfacet
  facet normal 1 -0 0
    outer loop
      vertex -33.5 43.2 3.5
      vertex -33.5 44.8 0
      vertex -33.5 44.8 3.5
    endloop
  endfacet
  facet normal 1 0 0
    outer loop
      vertex -33.5 44.8 0
      vertex -33.5 43.2 3.5
      vertex -33.5 43.2 0
    endloop
  endfacet
  facet normal 0 -1 0
    outer loop
      vertex -33.5 44.8 0
      vertex -28.5 44.8 3.5
      vertex -33.5 44.8 3.5
    endloop
  endfacet
  facet normal 0 -1 -0
    outer loop
      vertex -28.5 44.8 3.5
      vertex -33.5 44.8 0
      vertex -28.5 44.8 0
    endloop
  endfacet
  facet normal 0 1 -0
    outer loop
      vertex -28.5 43.2 0
      vertex -33.5 43.2 3.5
      vertex -28.5 43.2 3.5
    endloop
  endfacet
  facet normal 0 1 0
    outer loop
      vertex -33.5 43.2 3.5
      vertex -28.5 43.2 0
      vertex -33.5 43.2 0
    endloop
  endfacet
  facet normal -1 0 0
    outer loop
      vertex -28.5 48.2 0
      vertex -28.5 49.8 3.5
      vertex -28.5 49.8 0
    endloop
  endfacet
  facet normal -1 -0 0
    outer loop
      vertex -28.5 49.8 3.5
      vertex -28.5 48.2 0
      vertex -28.5 48.2 3.5
    endloop
  endfacet
  facet normal 1 -0 0
    outer loop
      vertex -33.5 48.2 3.5
      vertex -33.5 49.8 0
      vertex -33.5 49.8 3.5
    endloop
  endfacet
  facet normal 1 0 0
    outer loop
      vertex -33.5 49.8 0
      vertex -33.5 48.2 3.5
      vertex -33.5 48.2 0
    endloop
  endfacet
  facet normal 0 -1 0
    outer loop
      vertex -33.5 49.8 0
      vertex -28.5 49.8 3.5
      vertex -33.5 49.8 3.5
    endloop
  endfacet
  facet normal 0 -1 -0
    outer loop
      vertex -28.5 49.8 3.5
      vertex -33.5 49.8 0
      vertex -28.5 49.8 0
    endloop
  endfacet
  facet normal 0 1 -0
    outer loop
      vertex -28.5 48.2 0
      vertex -33.5 48.2 3.5
      vertex -28.5 48.2 3.5
    endloop
  endfacet
  facet normal 0 1 0
    outer loop
      vertex -33.5 48.2 3.5
      vertex -28.5 48.2 0
      vertex -33.5 48.2 0
    endloop
  endfacet
  facet normal -1 0 0
    outer loop
      vertex -28.5 53.2 0
      vertex -28.5 54.8 3.5
      vertex -28.5 54.8 0
    endloop
  endfacet
  facet normal -1 -0 0
    outer loop
      vertex -28.5 54.8 3.5
      vertex -28.5 53.2 0
      vertex -28.5 53.2 3.5
    endloop
  endfacet
  facet normal 1 -0 0
    outer loop
      vertex -33.5 53.2 3.5
      vertex -33.5 54.8 0
      vertex -33.5 54.8 3.5
    endloop
  endfacet
  facet normal 1 0 0
    outer loop
      vertex -33.5 54.8 0
      vertex -33.5 53.2 3.5
      vertex -33.5 53.2 0
    endloop
  endfacet
  facet normal 0 -1 0
    outer loop
      vertex -33.5 54.8 0
      vertex -28.5 54.8 3.5
      vertex -33.5 54.8 3.5
    endloop
  endfacet
  facet normal 0 -1 -0
    outer loop
      vertex -28.5 54.8 3.5
      vertex -33.5 54.8 0
      vertex -28.5 54.8 0
    endloop
  endfacet
  facet normal 0 1 -0
    outer loop
      vertex -28.5 53.2 0
      vertex -33.5 53.2 3.5
      vertex -28.5 53.2 3.5
    endloop
  endfacet
  facet normal 0 1 0
    outer loop
      vertex -33.5 53.2 3.5
      vertex -28.5 53.2 0
      vertex -33.5 53.2 0
    endloop
  endfacet
  facet normal -1 0 0
    outer loop
      vertex 33.5 33.2 0
      vertex 33.5 34.8 3.5
      vertex 33.5 34.8 0
    endloop
  endfacet
  facet normal -1 -0 0
    outer loop
      vertex 33.5 34.8 3.5
      vertex 33.5 33.2 0
      vertex 33.5 33.2 3.5
    endloop
  endfacet
  facet normal 1 -0 0
    outer loop
      vertex 28.5 33.2 3.5
      vertex 28.5 34.8 0
      vertex 28.5 34.8 3.5
    endloop
  endfacet
  facet normal 1 0 0
    outer loop
      vertex 28.5 34.8 0
      vertex 28.5 33.2 3.5
      vertex 28.5 33.2 0
    endloop
  endfacet
  facet normal 0 -1 0
    outer loop
      vertex 28.5 34.8 0
      vertex 33.5 34.8 3.5
      vertex 28.5 34.8 3.5
    endloop
  endfacet
  facet normal 0 -1 -0
    outer loop
      vertex 33.5 34.8 3.5
      vertex 28.5 34.8 0
      vertex 33.5 34.8 0
    endloop
  endfacet
  facet normal 0 1 -0
    outer loop
      vertex 33.5 33.2 0
      vertex 28.5 33.2 3.5
      vertex 33.5 33.2 3.5
    endloop
  endfacet
  facet normal 0 1 0
    outer loop
      vertex 28.5 33.2 3.5
      vertex 33.5 33.2 0
      vertex 28.5 33.2 0
    endloop
  endfacet
  facet normal -1 0 0
    outer loop
      vertex 33.5 38.2 0
      vertex 33.5 39.8 3.5
      vertex 33.5 39.8 0
    endloop
  endfacet
  facet normal -1 -0 0
    outer loop
      vertex 33.5 39.8 3.5
      vertex 33.5 38.2 0
      vertex 33.5 38.2 3.5
    endloop
  endfacet
  facet normal 1 -0 0
    outer loop
      vertex 28.5 38.2 3.5
      vertex 28.5 39.8 0
      vertex 28.5 39.8 3.5
    endloop
  endfacet
  facet normal 1 0 0
    outer loop
      vertex 28.5 39.8 0
      vertex 28.5 38.2 3.5
      vertex 28.5 38.2 0
    endloop
  endfacet
  facet normal 0 -1 0
    outer loop
      vertex 28.5 39.8 0
      vertex 33.5 39.8 3.5
      vertex 28.5 39.8 3.5
    endloop
  endfacet
  facet normal 0 -1 -0
    outer loop
      vertex 33.5 39.8 3.5
      vertex 28.5 39.8 0
      vertex 33.5 39.8 0
    endloop
  endfacet
  facet normal 0 1 -0
    outer loop
      vertex 33.5 38.2 0
      vertex 28.5 38.2 3.5
      vertex 33.5 38.2 3.5
    endloop
  endfacet
  facet normal 0 1 0
    outer loop
      vertex 28.5 38.2 3.5
      vertex 33.5 38.2 0
      vertex 28.5 38.2 0
    endloop
  endfacet
  facet normal -1 0 0
    outer loop
      vertex 33.5 43.2 0
      vertex 33.5 44.8 3.5
      vertex 33.5 44.8 0
    endloop
  endfacet
  facet normal -1 -0 0
    outer loop
      vertex 33.5 44.8 3.5
      vertex 33.5 43.2 0
      vertex 33.5 43.2 3.5
    endloop
  endfacet
  facet normal 1 -0 0
    outer loop
      vertex 28.5 43.2 3.5
      vertex 28.5 44.8 0
      vertex 28.5 44.8 3.5
    endloop
  endfacet
  facet normal 1 0 0
    outer loop
      vertex 28.5 44.8 0
      vertex 28.5 43.2 3.5
      vertex 28.5 43.2 0
    endloop
  endfacet
  facet normal 0 -1 0
    outer loop
      vertex 28.5 44.8 0
      vertex 33.5 44.8 3.5
      vertex 28.5 44.8 3.5
    endloop
  endfacet
  facet normal 0 -1 -0
    outer loop
      vertex 33.5 44.8 3.5
      vertex 28.5 44.8 0
      vertex 33.5 44.8 0
    endloop
  endfacet
  facet normal 0 1 -0
    outer loop
      vertex 33.5 43.2 0
      vertex 28.5 43.2 3.5
      vertex 33.5 43.2 3.5
    endloop
  endfacet
  facet normal 0 1 0
    outer loop
      vertex 28.5 43.2 3.5
      vertex 33.5 43.2 0
      vertex 28.5 43.2 0
    endloop
  endfacet
  facet normal -1 0 0
    outer loop
      vertex 33.5 48.2 0
      vertex 33.5 49.8 3.5
      vertex 33.5 49.8 0
    endloop
  endfacet
  facet normal -1 -0 0
    outer loop
      vertex 33.5 49.8 3.5
      vertex 33.5 48.2 0
      vertex 33.5 48.2 3.5
    endloop
  endfacet
  facet normal 1 -0 0
    outer loop
      vertex 28.5 48.2 3.5
      vertex 28.5 49.8 0
      vertex 28.5 49.8 3.5
    endloop
  endfacet
  facet normal 1 0 0
    outer loop
      vertex 28.5 49.8 0
      vertex 28.5 48.2 3.5
      vertex 28.5 48.2 0
    endloop
  endfacet
  facet normal 0 -1 0
    outer loop
      vertex 28.5 49.8 0
      vertex 33.5 49.8 3.5
      vertex 28.5 49.8 3.5
    endloop
  endfacet
  facet normal 0 -1 -0
    outer loop
      vertex 33.5 49.8 3.5
      vertex 28.5 49.8 0
      vertex 33.5 49.8 0
    endloop
  endfacet
  facet normal 0 1 -0
    outer loop
      vertex 33.5 48.2 0
      vertex 28.5 48.2 3.5
      vertex 33.5 48.2 3.5
    endloop
  endfacet
  facet normal 0 1 0
    outer loop
      vertex 28.5 48.2 3.5
      vertex 33.5 48.2 0
      vertex 28.5 48.2 0
    endloop
  endfacet
  facet normal -1 0 0
    outer loop
      vertex 33.5 53.2 0
      vertex 33.5 54.8 3.5
      vertex 33.5 54.8 0
    endloop
  endfacet
  facet normal -1 -0 0
    outer loop
      vertex 33.5 54.8 3.5
      vertex 33.5 53.2 0
      vertex 33.5 53.2 3.5
    endloop
  endfacet
  facet normal 1 -0 0
    outer loop
      vertex 28.5 53.2 3.5
      vertex 28.5 54.8 0
      vertex 28.5 54.8 3.5
    endloop
  endfacet
  facet normal 1 0 0
    outer loop
      vertex 28.5 54.8 0
      vertex 28.5 53.2 3.5
      vertex 28.5 53.2 0
    endloop
  endfacet
  facet normal 0 -1 0
    outer loop
      vertex 28.5 54.8 0
      vertex 33.5 54.8 3.5
      vertex 28.5 54.8 3.5
    endloop
  endfacet
  facet normal 0 -1 -0
    outer loop
      vertex 33.5 54.8 3.5
      vertex 28.5 54.8 0
      vertex 33.5 54.8 0
    endloop
  endfacet
  facet normal 0 1 -0
    outer loop
      vertex 33.5 53.2 0
      vertex 28.5 53.2 3.5
      vertex 33.5 53.2 3.5
    endloop
  endfacet
  facet normal 0 1 0
    outer loop
      vertex 28.5 53.2 3.5
      vertex 33.5 53.2 0
      vertex 28.5 53.2 0
    endloop
  endfacet
  facet normal 0.980801 0.195013 0
    outer loop
      vertex -20.0171 36.2611 4.5
      vertex -20.0681 36.5176 3.5
      vertex -20.0681 36.5176 4.5
    endloop
  endfacet
  facet normal 0.980801 0.195013 0
    outer loop
      vertex -20.0681 36.5176 3.5
      vertex -20.0171 36.2611 4.5
      vertex -20.0171 36.2611 3.5
    endloop
  endfacet
  facet normal -0.831521 -0.555494 0
    outer loop
      vertex -23.5867 34.7825 3.5
      vertex -23.732 35 4.5
      vertex -23.732 35 3.5
    endloop
  endfacet
  facet normal -0.831521 -0.555494 0
    outer loop
      vertex -23.732 35 4.5
      vertex -23.5867 34.7825 3.5
      vertex -23.5867 34.7825 4.5
    endloop
  endfacet
  facet normal 0.659343 0.751842 -0
    outer loop
      vertex -20.5858 37.4142 3.5
      vertex -20.7825 37.5867 4.5
      vertex -20.5858 37.4142 4.5
    endloop
  endfacet
  facet normal 0.659343 0.751842 0
    outer loop
      vertex -20.7825 37.5867 4.5
      vertex -20.5858 37.4142 3.5
      vertex -20.7825 37.5867 3.5
    endloop
  endfacet
  facet normal 0.195013 0.980801 -0
    outer loop
      vertex -21.4824 37.9319 3.5
      vertex -21.7389 37.9829 4.5
      vertex -21.4824 37.9319 4.5
    endloop
  endfacet
  facet normal 0.195013 0.980801 0
    outer loop
      vertex -21.7389 37.9829 4.5
      vertex -21.4824 37.9319 3.5
      vertex -21.7389 37.9829 3.5
    endloop
  endfacet
  facet normal -0.195013 0.980801 0
    outer loop
      vertex -22.2611 37.9829 3.5
      vertex -22.5176 37.9319 4.5
      vertex -22.2611 37.9829 4.5
    endloop
  endfacet
  facet normal -0.195013 0.980801 0
    outer loop
      vertex -22.5176 37.9319 4.5
      vertex -22.2611 37.9829 3.5
      vertex -22.5176 37.9319 3.5
    endloop
  endfacet
  facet normal -0.896709 0.442621 0
    outer loop
      vertex -23.8478 36.7654 3.5
      vertex -23.732 37 4.5
      vertex -23.732 37 3.5
    endloop
  endfacet
  facet normal -0.896709 0.442621 0
    outer loop
      vertex -23.732 37 4.5
      vertex -23.8478 36.7654 3.5
      vertex -23.8478 36.7654 4.5
    endloop
  endfacet
  facet normal 0.751842 0.659343 0
    outer loop
      vertex -20.4133 37.2175 4.5
      vertex -20.5858 37.4142 3.5
      vertex -20.5858 37.4142 4.5
    endloop
  endfacet
  facet normal 0.751842 0.659343 0
    outer loop
      vertex -20.5858 37.4142 3.5
      vertex -20.4133 37.2175 4.5
      vertex -20.4133 37.2175 3.5
    endloop
  endfacet
  facet normal 0.94695 0.321382 0
    outer loop
      vertex -20.0681 36.5176 4.5
      vertex -20.1522 36.7654 3.5
      vertex -20.1522 36.7654 4.5
    endloop
  endfacet
  facet normal 0.94695 0.321382 0
    outer loop
      vertex -20.1522 36.7654 3.5
      vertex -20.0681 36.5176 4.5
      vertex -20.0681 36.5176 3.5
    endloop
  endfacet
  facet normal 0.195013 -0.980801 0
    outer loop
      vertex -21.7389 34.0171 3.5
      vertex -21.4824 34.0681 4.5
      vertex -21.7389 34.0171 4.5
    endloop
  endfacet
  facet normal 0.195013 -0.980801 0
    outer loop
      vertex -21.4824 34.0681 4.5
      vertex -21.7389 34.0171 3.5
      vertex -21.4824 34.0681 3.5
    endloop
  endfacet
  facet normal -0.659343 -0.751842 0
    outer loop
      vertex -23.4142 34.5858 3.5
      vertex -23.2175 34.4133 4.5
      vertex -23.4142 34.5858 4.5
    endloop
  endfacet
  facet normal -0.659343 -0.751842 -0
    outer loop
      vertex -23.2175 34.4133 4.5
      vertex -23.4142 34.5858 3.5
      vertex -23.2175 34.4133 3.5
    endloop
  endfacet
  facet normal 0.659343 -0.751842 0
    outer loop
      vertex -20.7825 34.4133 3.5
      vertex -20.5858 34.5858 4.5
      vertex -20.7825 34.4133 4.5
    endloop
  endfacet
  facet normal 0.659343 -0.751842 0
    outer loop
      vertex -20.5858 34.5858 4.5
      vertex -20.7825 34.4133 3.5
      vertex -20.5858 34.5858 3.5
    endloop
  endfacet
  facet normal 0.442621 -0.896709 0
    outer loop
      vertex -21.2346 34.1522 3.5
      vertex -21 34.268 4.5
      vertex -21.2346 34.1522 4.5
    endloop
  endfacet
  facet normal 0.442621 -0.896709 0
    outer loop
      vertex -21 34.268 4.5
      vertex -21.2346 34.1522 3.5
      vertex -21 34.268 3.5
    endloop
  endfacet
  facet normal 0.831344 -0.555758 0
    outer loop
      vertex -20.4133 34.7825 4.5
      vertex -20.2679 35 3.5
      vertex -20.2679 35 4.5
    endloop
  endfacet
  facet normal 0.831344 -0.555758 0
    outer loop
      vertex -20.2679 35 3.5
      vertex -20.4133 34.7825 4.5
      vertex -20.4133 34.7825 3.5
    endloop
  endfacet
  facet normal -0.321382 -0.94695 0
    outer loop
      vertex -22.7654 34.1522 3.5
      vertex -22.5176 34.0681 4.5
      vertex -22.7654 34.1522 4.5
    endloop
  endfacet
  facet normal -0.321382 -0.94695 -0
    outer loop
      vertex -22.5176 34.0681 4.5
      vertex -22.7654 34.1522 3.5
      vertex -22.5176 34.0681 3.5
    endloop
  endfacet
  facet normal 0.997862 0.0653521 0
    outer loop
      vertex -20 36 4.5
      vertex -20.0171 36.2611 3.5
      vertex -20.0171 36.2611 4.5
    endloop
  endfacet
  facet normal 0.997862 0.0653521 0
    outer loop
      vertex -20.0171 36.2611 3.5
      vertex -20 36 4.5
      vertex -20 36 3.5
    endloop
  endfacet
  facet normal -0.94695 -0.321382 0
    outer loop
      vertex -23.8478 35.2346 3.5
      vertex -23.9319 35.4824 4.5
      vertex -23.9319 35.4824 3.5
    endloop
  endfacet
  facet normal -0.94695 -0.321382 0
    outer loop
      vertex -23.9319 35.4824 4.5
      vertex -23.8478 35.2346 3.5
      vertex -23.8478 35.2346 4.5
    endloop
  endfacet
  facet normal 0.89686 -0.442314 0
    outer loop
      vertex -20.2679 35 4.5
      vertex -20.1522 35.2346 3.5
      vertex -20.1522 35.2346 4.5
    endloop
  endfacet
  facet normal 0.89686 -0.442314 0
    outer loop
      vertex -20.1522 35.2346 3.5
      vertex -20.2679 35 4.5
      vertex -20.2679 35 3.5
    endloop
  endfacet
  facet normal 0.0653521 -0.997862 0
    outer loop
      vertex -22 34 3.5
      vertex -21.7389 34.0171 4.5
      vertex -22 34 4.5
    endloop
  endfacet
  facet normal 0.0653521 -0.997862 0
    outer loop
      vertex -21.7389 34.0171 4.5
      vertex -22 34 3.5
      vertex -21.7389 34.0171 3.5
    endloop
  endfacet
  facet normal 0.89686 0.442314 0
    outer loop
      vertex -20.1522 36.7654 4.5
      vertex -20.2679 37 3.5
      vertex -20.2679 37 4.5
    endloop
  endfacet
  facet normal 0.89686 0.442314 0
    outer loop
      vertex -20.2679 37 3.5
      vertex -20.1522 36.7654 4.5
      vertex -20.1522 36.7654 3.5
    endloop
  endfacet
  facet normal 0.997862 -0.0653521 0
    outer loop
      vertex -20.0171 35.7389 4.5
      vertex -20 36 3.5
      vertex -20 36 4.5
    endloop
  endfacet
  facet normal 0.997862 -0.0653521 0
    outer loop
      vertex -20 36 3.5
      vertex -20.0171 35.7389 4.5
      vertex -20.0171 35.7389 3.5
    endloop
  endfacet
  facet normal 0.831344 0.555758 0
    outer loop
      vertex -20.2679 37 4.5
      vertex -20.4133 37.2175 3.5
      vertex -20.4133 37.2175 4.5
    endloop
  endfacet
  facet normal 0.831344 0.555758 0
    outer loop
      vertex -20.4133 37.2175 3.5
      vertex -20.2679 37 4.5
      vertex -20.2679 37 3.5
    endloop
  endfacet
  facet normal -0.321382 0.94695 0
    outer loop
      vertex -22.5176 37.9319 3.5
      vertex -22.7654 37.8478 4.5
      vertex -22.5176 37.9319 4.5
    endloop
  endfacet
  facet normal -0.321382 0.94695 0
    outer loop
      vertex -22.7654 37.8478 4.5
      vertex -22.5176 37.9319 3.5
      vertex -22.7654 37.8478 3.5
    endloop
  endfacet
  facet normal 0.321382 -0.94695 0
    outer loop
      vertex -21.4824 34.0681 3.5
      vertex -21.2346 34.1522 4.5
      vertex -21.4824 34.0681 4.5
    endloop
  endfacet
  facet normal 0.321382 -0.94695 0
    outer loop
      vertex -21.2346 34.1522 4.5
      vertex -21.4824 34.0681 3.5
      vertex -21.2346 34.1522 3.5
    endloop
  endfacet
  facet normal 0.442314 0.89686 -0
    outer loop
      vertex -21 37.7321 3.5
      vertex -21.2346 37.8478 4.5
      vertex -21 37.7321 4.5
    endloop
  endfacet
  facet normal 0.442314 0.89686 0
    outer loop
      vertex -21.2346 37.8478 4.5
      vertex -21 37.7321 3.5
      vertex -21.2346 37.8478 3.5
    endloop
  endfacet
  facet normal -0.94695 0.321382 0
    outer loop
      vertex -23.9319 36.5176 3.5
      vertex -23.8478 36.7654 4.5
      vertex -23.8478 36.7654 3.5
    endloop
  endfacet
  facet normal -0.94695 0.321382 0
    outer loop
      vertex -23.8478 36.7654 4.5
      vertex -23.9319 36.5176 3.5
      vertex -23.9319 36.5176 4.5
    endloop
  endfacet
  facet normal 0.321382 0.94695 -0
    outer loop
      vertex -21.2346 37.8478 3.5
      vertex -21.4824 37.9319 4.5
      vertex -21.2346 37.8478 4.5
    endloop
  endfacet
  facet normal 0.321382 0.94695 0
    outer loop
      vertex -21.4824 37.9319 4.5
      vertex -21.2346 37.8478 3.5
      vertex -21.4824 37.9319 3.5
    endloop
  endfacet
  facet normal 0.980801 -0.195013 0
    outer loop
      vertex -20.0681 35.4824 4.5
      vertex -20.0171 35.7389 3.5
      vertex -20.0171 35.7389 4.5
    endloop
  endfacet
  facet normal 0.980801 -0.195013 0
    outer loop
      vertex -20.0171 35.7389 3.5
      vertex -20.0681 35.4824 4.5
      vertex -20.0681 35.4824 3.5
    endloop
  endfacet
  facet normal -0.831521 0.555494 0
    outer loop
      vertex -23.732 37 3.5
      vertex -23.5867 37.2175 4.5
      vertex -23.5867 37.2175 3.5
    endloop
  endfacet
  facet normal -0.831521 0.555494 0
    outer loop
      vertex -23.5867 37.2175 4.5
      vertex -23.732 37 3.5
      vertex -23.732 37 4.5
    endloop
  endfacet
  facet normal -0.997862 0.0653521 0
    outer loop
      vertex -24 36 3.5
      vertex -23.9829 36.2611 4.5
      vertex -23.9829 36.2611 3.5
    endloop
  endfacet
  facet normal -0.997862 0.0653521 0
    outer loop
      vertex -23.9829 36.2611 4.5
      vertex -24 36 3.5
      vertex -24 36 4.5
    endloop
  endfacet
  facet normal -0.0653521 -0.997862 0
    outer loop
      vertex -22.2611 34.0171 3.5
      vertex -22 34 4.5
      vertex -22.2611 34.0171 4.5
    endloop
  endfacet
  facet normal -0.0653521 -0.997862 -0
    outer loop
      vertex -22 34 4.5
      vertex -22.2611 34.0171 3.5
      vertex -22 34 3.5
    endloop
  endfacet
  facet normal -0.659343 0.751842 0
    outer loop
      vertex -23.2175 37.5867 3.5
      vertex -23.4142 37.4142 4.5
      vertex -23.2175 37.5867 4.5
    endloop
  endfacet
  facet normal -0.659343 0.751842 0
    outer loop
      vertex -23.4142 37.4142 4.5
      vertex -23.2175 37.5867 3.5
      vertex -23.4142 37.4142 3.5
    endloop
  endfacet
  facet normal -0.555758 0.831344 0
    outer loop
      vertex -23 37.7321 3.5
      vertex -23.2175 37.5867 4.5
      vertex -23 37.7321 4.5
    endloop
  endfacet
  facet normal -0.555758 0.831344 0
    outer loop
      vertex -23.2175 37.5867 4.5
      vertex -23 37.7321 3.5
      vertex -23.2175 37.5867 3.5
    endloop
  endfacet
  facet normal -0.980801 0.195013 0
    outer loop
      vertex -23.9829 36.2611 3.5
      vertex -23.9319 36.5176 4.5
      vertex -23.9319 36.5176 3.5
    endloop
  endfacet
  facet normal -0.980801 0.195013 0
    outer loop
      vertex -23.9319 36.5176 4.5
      vertex -23.9829 36.2611 3.5
      vertex -23.9829 36.2611 4.5
    endloop
  endfacet
  facet normal -0.555494 -0.831521 0
    outer loop
      vertex -23.2175 34.4133 3.5
      vertex -23 34.268 4.5
      vertex -23.2175 34.4133 4.5
    endloop
  endfacet
  facet normal -0.555494 -0.831521 -0
    outer loop
      vertex -23 34.268 4.5
      vertex -23.2175 34.4133 3.5
      vertex -23 34.268 3.5
    endloop
  endfacet
  facet normal 0.751842 -0.659343 0
    outer loop
      vertex -20.5858 34.5858 4.5
      vertex -20.4133 34.7825 3.5
      vertex -20.4133 34.7825 4.5
    endloop
  endfacet
  facet normal 0.751842 -0.659343 0
    outer loop
      vertex -20.4133 34.7825 3.5
      vertex -20.5858 34.5858 4.5
      vertex -20.5858 34.5858 3.5
    endloop
  endfacet
  facet normal -0.751842 -0.659343 0
    outer loop
      vertex -23.4142 34.5858 3.5
      vertex -23.5867 34.7825 4.5
      vertex -23.5867 34.7825 3.5
    endloop
  endfacet
  facet normal -0.751842 -0.659343 0
    outer loop
      vertex -23.5867 34.7825 4.5
      vertex -23.4142 34.5858 3.5
      vertex -23.4142 34.5858 4.5
    endloop
  endfacet
  facet normal 0.0653521 0.997862 -0
    outer loop
      vertex -21.7389 37.9829 3.5
      vertex -22 38 4.5
      vertex -21.7389 37.9829 4.5
    endloop
  endfacet
  facet normal 0.0653521 0.997862 0
    outer loop
      vertex -22 38 4.5
      vertex -21.7389 37.9829 3.5
      vertex -22 38 3.5
    endloop
  endfacet
  facet normal -0.0653521 0.997862 0
    outer loop
      vertex -22 38 3.5
      vertex -22.2611 37.9829 4.5
      vertex -22 38 4.5
    endloop
  endfacet
  facet normal -0.0653521 0.997862 0
    outer loop
      vertex -22.2611 37.9829 4.5
      vertex -22 38 3.5
      vertex -22.2611 37.9829 3.5
    endloop
  endfacet
  facet normal 0.555758 0.831344 -0
    outer loop
      vertex -20.7825 37.5867 3.5
      vertex -21 37.7321 4.5
      vertex -20.7825 37.5867 4.5
    endloop
  endfacet
  facet normal 0.555758 0.831344 0
    outer loop
      vertex -21 37.7321 4.5
      vertex -20.7825 37.5867 3.5
      vertex -21 37.7321 3.5
    endloop
  endfacet
  facet normal 0.94695 -0.321382 0
    outer loop
      vertex -20.1522 35.2346 4.5
      vertex -20.0681 35.4824 3.5
      vertex -20.0681 35.4824 4.5
    endloop
  endfacet
  facet normal 0.94695 -0.321382 0
    outer loop
      vertex -20.0681 35.4824 3.5
      vertex -20.1522 35.2346 4.5
      vertex -20.1522 35.2346 3.5
    endloop
  endfacet
  facet normal -0.980801 -0.195013 0
    outer loop
      vertex -23.9319 35.4824 3.5
      vertex -23.9829 35.7389 4.5
      vertex -23.9829 35.7389 3.5
    endloop
  endfacet
  facet normal -0.980801 -0.195013 0
    outer loop
      vertex -23.9829 35.7389 4.5
      vertex -23.9319 35.4824 3.5
      vertex -23.9319 35.4824 4.5
    endloop
  endfacet
  facet normal -0.751842 0.659343 0
    outer loop
      vertex -23.5867 37.2175 3.5
      vertex -23.4142 37.4142 4.5
      vertex -23.4142 37.4142 3.5
    endloop
  endfacet
  facet normal -0.751842 0.659343 0
    outer loop
      vertex -23.4142 37.4142 4.5
      vertex -23.5867 37.2175 3.5
      vertex -23.5867 37.2175 4.5
    endloop
  endfacet
  facet normal -0.195013 -0.980801 0
    outer loop
      vertex -22.5176 34.0681 3.5
      vertex -22.2611 34.0171 4.5
      vertex -22.5176 34.0681 4.5
    endloop
  endfacet
  facet normal -0.195013 -0.980801 -0
    outer loop
      vertex -22.2611 34.0171 4.5
      vertex -22.5176 34.0681 3.5
      vertex -22.2611 34.0171 3.5
    endloop
  endfacet
  facet normal -0.896709 -0.442621 0
    outer loop
      vertex -23.732 35 3.5
      vertex -23.8478 35.2346 4.5
      vertex -23.8478 35.2346 3.5
    endloop
  endfacet
  facet normal -0.896709 -0.442621 0
    outer loop
      vertex -23.8478 35.2346 4.5
      vertex -23.732 35 3.5
      vertex -23.732 35 4.5
    endloop
  endfacet
  facet normal -0.442314 0.89686 0
    outer loop
      vertex -22.7654 37.8478 3.5
      vertex -23 37.7321 4.5
      vertex -22.7654 37.8478 4.5
    endloop
  endfacet
  facet normal -0.442314 0.89686 0
    outer loop
      vertex -23 37.7321 4.5
      vertex -22.7654 37.8478 3.5
      vertex -23 37.7321 3.5
    endloop
  endfacet
  facet normal 0.555494 -0.831521 0
    outer loop
      vertex -21 34.268 3.5
      vertex -20.7825 34.4133 4.5
      vertex -21 34.268 4.5
    endloop
  endfacet
  facet normal 0.555494 -0.831521 0
    outer loop
      vertex -20.7825 34.4133 4.5
      vertex -21 34.268 3.5
      vertex -20.7825 34.4133 3.5
    endloop
  endfacet
  facet normal -0.997862 -0.0653521 0
    outer loop
      vertex -23.9829 35.7389 3.5
      vertex -24 36 4.5
      vertex -24 36 3.5
    endloop
  endfacet
  facet normal -0.997862 -0.0653521 0
    outer loop
      vertex -24 36 4.5
      vertex -23.9829 35.7389 3.5
      vertex -23.9829 35.7389 4.5
    endloop
  endfacet
  facet normal -0.442621 -0.896709 0
    outer loop
      vertex -23 34.268 3.5
      vertex -22.7654 34.1522 4.5
      vertex -23 34.268 4.5
    endloop
  endfacet
  facet normal -0.442621 -0.896709 -0
    outer loop
      vertex -22.7654 34.1522 4.5
      vertex -23 34.268 3.5
      vertex -22.7654 34.1522 3.5
    endloop
  endfacet
  facet normal 0 0 1
    outer loop
      vertex -20.0171 36.2611 4.5
      vertex -20.0171 35.7389 4.5
      vertex -20 36 4.5
    endloop
  endfacet
  facet normal 0 0 1
    outer loop
      vertex -20.0681 36.5176 4.5
      vertex -20.0171 35.7389 4.5
      vertex -20.0171 36.2611 4.5
    endloop
  endfacet
  facet normal 0 0 1
    outer loop
      vertex -20.0681 36.5176 4.5
      vertex -20.0681 35.4824 4.5
      vertex -20.0171 35.7389 4.5
    endloop
  endfacet
  facet normal 0 0 1
    outer loop
      vertex -20.1522 36.7654 4.5
      vertex -20.0681 35.4824 4.5
      vertex -20.0681 36.5176 4.5
    endloop
  endfacet
  facet normal 0 0 1
    outer loop
      vertex -20.1522 36.7654 4.5
      vertex -20.1522 35.2346 4.5
      vertex -20.0681 35.4824 4.5
    endloop
  endfacet
  facet normal 0 0 1
    outer loop
      vertex -20.2679 37 4.5
      vertex -20.1522 35.2346 4.5
      vertex -20.1522 36.7654 4.5
    endloop
  endfacet
  facet normal 0 0 1
    outer loop
      vertex -20.2679 37 4.5
      vertex -20.2679 35 4.5
      vertex -20.1522 35.2346 4.5
    endloop
  endfacet
  facet normal 0 0 1
    outer loop
      vertex -20.4133 37.2175 4.5
      vertex -20.2679 35 4.5
      vertex -20.2679 37 4.5
    endloop
  endfacet
  facet normal 0 0 1
    outer loop
      vertex -20.4133 37.2175 4.5
      vertex -20.4133 34.7825 4.5
      vertex -20.2679 35 4.5
    endloop
  endfacet
  facet normal 0 0 1
    outer loop
      vertex -20.5858 37.4142 4.5
      vertex -20.4133 34.7825 4.5
      vertex -20.4133 37.2175 4.5
    endloop
  endfacet
  facet normal 0 0 1
    outer loop
      vertex -20.5858 37.4142 4.5
      vertex -20.5858 34.5858 4.5
      vertex -20.4133 34.7825 4.5
    endloop
  endfacet
  facet normal 0 0 1
    outer loop
      vertex -20.7825 37.5867 4.5
      vertex -20.5858 34.5858 4.5
      vertex -20.5858 37.4142 4.5
    endloop
  endfacet
  facet normal 0 0 1
    outer loop
      vertex -20.7825 37.5867 4.5
      vertex -20.7825 34.4133 4.5
      vertex -20.5858 34.5858 4.5
    endloop
  endfacet
  facet normal 0 0 1
    outer loop
      vertex -21 37.7321 4.5
      vertex -20.7825 34.4133 4.5
      vertex -20.7825 37.5867 4.5
    endloop
  endfacet
  facet normal 0 0 1
    outer loop
      vertex -21 37.7321 4.5
      vertex -21 34.268 4.5
      vertex -20.7825 34.4133 4.5
    endloop
  endfacet
  facet normal 0 0 1
    outer loop
      vertex -21.2346 37.8478 4.5
      vertex -21 34.268 4.5
      vertex -21 37.7321 4.5
    endloop
  endfacet
  facet normal 0 0 1
    outer loop
      vertex -21.2346 37.8478 4.5
      vertex -21.2346 34.1522 4.5
      vertex -21 34.268 4.5
    endloop
  endfacet
  facet normal 0 0 1
    outer loop
      vertex -21.4824 37.9319 4.5
      vertex -21.2346 34.1522 4.5
      vertex -21.2346 37.8478 4.5
    endloop
  endfacet
  facet normal 0 0 1
    outer loop
      vertex -21.4824 37.9319 4.5
      vertex -21.4824 34.0681 4.5
      vertex -21.2346 34.1522 4.5
    endloop
  endfacet
  facet normal 0 0 1
    outer loop
      vertex -21.7389 37.9829 4.5
      vertex -21.4824 34.0681 4.5
      vertex -21.4824 37.9319 4.5
    endloop
  endfacet
  facet normal 0 0 1
    outer loop
      vertex -21.7389 37.9829 4.5
      vertex -21.7389 34.0171 4.5
      vertex -21.4824 34.0681 4.5
    endloop
  endfacet
  facet normal 0 0 1
    outer loop
      vertex -22 38 4.5
      vertex -21.7389 34.0171 4.5
      vertex -21.7389 37.9829 4.5
    endloop
  endfacet
  facet normal 0 0 1
    outer loop
      vertex -22 38 4.5
      vertex -22 34 4.5
      vertex -21.7389 34.0171 4.5
    endloop
  endfacet
  facet normal -0 0 1
    outer loop
      vertex -22.2611 37.9829 4.5
      vertex -22 34 4.5
      vertex -22 38 4.5
    endloop
  endfacet
  facet normal 0 0 1
    outer loop
      vertex -22.2611 37.9829 4.5
      vertex -22.2611 34.0171 4.5
      vertex -22 34 4.5
    endloop
  endfacet
  facet normal -0 0 1
    outer loop
      vertex -22.5176 37.9319 4.5
      vertex -22.2611 34.0171 4.5
      vertex -22.2611 37.9829 4.5
    endloop
  endfacet
  facet normal 0 0 1
    outer loop
      vertex -22.5176 37.9319 4.5
      vertex -22.5176 34.0681 4.5
      vertex -22.2611 34.0171 4.5
    endloop
  endfacet
  facet normal -0 0 1
    outer loop
      vertex -22.7654 37.8478 4.5
      vertex -22.5176 34.0681 4.5
      vertex -22.5176 37.9319 4.5
    endloop
  endfacet
  facet normal 0 0 1
    outer loop
      vertex -22.7654 37.8478 4.5
      vertex -22.7654 34.1522 4.5
      vertex -22.5176 34.0681 4.5
    endloop
  endfacet
  facet normal -0 0 1
    outer loop
      vertex -23 37.7321 4.5
      vertex -22.7654 34.1522 4.5
      vertex -22.7654 37.8478 4.5
    endloop
  endfacet
  facet normal 0 0 1
    outer loop
      vertex -23 37.7321 4.5
      vertex -23 34.268 4.5
      vertex -22.7654 34.1522 4.5
    endloop
  endfacet
  facet normal -0 0 1
    outer loop
      vertex -23.2175 37.5867 4.5
      vertex -23 34.268 4.5
      vertex -23 37.7321 4.5
    endloop
  endfacet
  facet normal 0 0 1
    outer loop
      vertex -23.2175 37.5867 4.5
      vertex -23.2175 34.4133 4.5
      vertex -23 34.268 4.5
    endloop
  endfacet
  facet normal -0 0 1
    outer loop
      vertex -23.4142 37.4142 4.5
      vertex -23.2175 34.4133 4.5
      vertex -23.2175 37.5867 4.5
    endloop
  endfacet
  facet normal 0 0 1
    outer loop
      vertex -23.4142 37.4142 4.5
      vertex -23.4142 34.5858 4.5
      vertex -23.2175 34.4133 4.5
    endloop
  endfacet
  facet normal -0 0 1
    outer loop
      vertex -23.5867 37.2175 4.5
      vertex -23.4142 34.5858 4.5
      vertex -23.4142 37.4142 4.5
    endloop
  endfacet
  facet normal 0 0 1
    outer loop
      vertex -23.5867 37.2175 4.5
      vertex -23.5867 34.7825 4.5
      vertex -23.4142 34.5858 4.5
    endloop
  endfacet
  facet normal -0 0 1
    outer loop
      vertex -23.732 37 4.5
      vertex -23.5867 34.7825 4.5
      vertex -23.5867 37.2175 4.5
    endloop
  endfacet
  facet normal 0 0 1
    outer loop
      vertex -23.732 37 4.5
      vertex -23.732 35 4.5
      vertex -23.5867 34.7825 4.5
    endloop
  endfacet
  facet normal -0 0 1
    outer loop
      vertex -23.8478 36.7654 4.5
      vertex -23.732 35 4.5
      vertex -23.732 37 4.5
    endloop
  endfacet
  facet normal 0 0 1
    outer loop
      vertex -23.8478 36.7654 4.5
      vertex -23.8478 35.2346 4.5
      vertex -23.732 35 4.5
    endloop
  endfacet
  facet normal -0 0 1
    outer loop
      vertex -23.9319 36.5176 4.5
      vertex -23.8478 35.2346 4.5
      vertex -23.8478 36.7654 4.5
    endloop
  endfacet
  facet normal 0 0 1
    outer loop
      vertex -23.9319 36.5176 4.5
      vertex -23.9319 35.4824 4.5
      vertex -23.8478 35.2346 4.5
    endloop
  endfacet
  facet normal -0 0 1
    outer loop
      vertex -23.9829 36.2611 4.5
      vertex -23.9319 35.4824 4.5
      vertex -23.9319 36.5176 4.5
    endloop
  endfacet
  facet normal 0 0 1
    outer loop
      vertex -23.9829 36.2611 4.5
      vertex -23.9829 35.7389 4.5
      vertex -23.9319 35.4824 4.5
    endloop
  endfacet
  facet normal 0 -0 1
    outer loop
      vertex -23.9829 35.7389 4.5
      vertex -23.9829 36.2611 4.5
      vertex -24 36 4.5
    endloop
  endfacet
  facet normal 0.980801 0.195013 0
    outer loop
      vertex -20.0171 52.2611 4.5
      vertex -20.0681 52.5176 3.5
      vertex -20.0681 52.5176 4.5
    endloop
  endfacet
  facet normal 0.980801 0.195013 0
    outer loop
      vertex -20.0681 52.5176 3.5
      vertex -20.0171 52.2611 4.5
      vertex -20.0171 52.2611 3.5
    endloop
  endfacet
  facet normal 0.997862 0.0653521 0
    outer loop
      vertex -20 52 4.5
      vertex -20.0171 52.2611 3.5
      vertex -20.0171 52.2611 4.5
    endloop
  endfacet
  facet normal 0.997862 0.0653521 0
    outer loop
      vertex -20.0171 52.2611 3.5
      vertex -20 52 4.5
      vertex -20 52 3.5
    endloop
  endfacet
  facet normal 0.321382 -0.94695 0
    outer loop
      vertex -21.4824 50.0681 3.5
      vertex -21.2346 50.1522 4.5
      vertex -21.4824 50.0681 4.5
    endloop
  endfacet
  facet normal 0.321382 -0.94695 0
    outer loop
      vertex -21.2346 50.1522 4.5
      vertex -21.4824 50.0681 3.5
      vertex -21.2346 50.1522 3.5
    endloop
  endfacet
  facet normal 0.195013 0.980801 -0
    outer loop
      vertex -21.4824 53.9319 3.5
      vertex -21.7389 53.9829 4.5
      vertex -21.4824 53.9319 4.5
    endloop
  endfacet
  facet normal 0.195013 0.980801 0
    outer loop
      vertex -21.7389 53.9829 4.5
      vertex -21.4824 53.9319 3.5
      vertex -21.7389 53.9829 3.5
    endloop
  endfacet
  facet normal -0.980801 -0.195013 0
    outer loop
      vertex -23.9319 51.4824 3.5
      vertex -23.9829 51.7389 4.5
      vertex -23.9829 51.7389 3.5
    endloop
  endfacet
  facet normal -0.980801 -0.195013 0
    outer loop
      vertex -23.9829 51.7389 4.5
      vertex -23.9319 51.4824 3.5
      vertex -23.9319 51.4824 4.5
    endloop
  endfacet
  facet normal 0.980801 -0.195013 0
    outer loop
      vertex -20.0681 51.4824 4.5
      vertex -20.0171 51.7389 3.5
      vertex -20.0171 51.7389 4.5
    endloop
  endfacet
  facet normal 0.980801 -0.195013 0
    outer loop
      vertex -20.0171 51.7389 3.5
      vertex -20.0681 51.4824 4.5
      vertex -20.0681 51.4824 3.5
    endloop
  endfacet
  facet normal -0.751842 0.659343 0
    outer loop
      vertex -23.5867 53.2175 3.5
      vertex -23.4142 53.4142 4.5
      vertex -23.4142 53.4142 3.5
    endloop
  endfacet
  facet normal -0.751842 0.659343 0
    outer loop
      vertex -23.4142 53.4142 4.5
      vertex -23.5867 53.2175 3.5
      vertex -23.5867 53.2175 4.5
    endloop
  endfacet
  facet normal 0.831344 0.555758 0
    outer loop
      vertex -20.2679 53 4.5
      vertex -20.4133 53.2175 3.5
      vertex -20.4133 53.2175 4.5
    endloop
  endfacet
  facet normal 0.831344 0.555758 0
    outer loop
      vertex -20.4133 53.2175 3.5
      vertex -20.2679 53 4.5
      vertex -20.2679 53 3.5
    endloop
  endfacet
  facet normal -0.94695 -0.321382 0
    outer loop
      vertex -23.8478 51.2346 3.5
      vertex -23.9319 51.4824 4.5
      vertex -23.9319 51.4824 3.5
    endloop
  endfacet
  facet normal -0.94695 -0.321382 0
    outer loop
      vertex -23.9319 51.4824 4.5
      vertex -23.8478 51.2346 3.5
      vertex -23.8478 51.2346 4.5
    endloop
  endfacet
  facet normal 0.997862 -0.0653521 0
    outer loop
      vertex -20.0171 51.7389 4.5
      vertex -20 52 3.5
      vertex -20 52 4.5
    endloop
  endfacet
  facet normal 0.997862 -0.0653521 0
    outer loop
      vertex -20 52 3.5
      vertex -20.0171 51.7389 4.5
      vertex -20.0171 51.7389 3.5
    endloop
  endfacet
  facet normal -0.997862 -0.0653521 0
    outer loop
      vertex -23.9829 51.7389 3.5
      vertex -24 52 4.5
      vertex -24 52 3.5
    endloop
  endfacet
  facet normal -0.997862 -0.0653521 0
    outer loop
      vertex -24 52 4.5
      vertex -23.9829 51.7389 3.5
      vertex -23.9829 51.7389 4.5
    endloop
  endfacet
  facet normal -0.659343 -0.751842 0
    outer loop
      vertex -23.4142 50.5858 3.5
      vertex -23.2175 50.4133 4.5
      vertex -23.4142 50.5858 4.5
    endloop
  endfacet
  facet normal -0.659343 -0.751842 -0
    outer loop
      vertex -23.2175 50.4133 4.5
      vertex -23.4142 50.5858 3.5
      vertex -23.2175 50.4133 3.5
    endloop
  endfacet
  facet normal -0.831521 0.555494 0
    outer loop
      vertex -23.732 53 3.5
      vertex -23.5867 53.2175 4.5
      vertex -23.5867 53.2175 3.5
    endloop
  endfacet
  facet normal -0.831521 0.555494 0
    outer loop
      vertex -23.5867 53.2175 4.5
      vertex -23.732 53 3.5
      vertex -23.732 53 4.5
    endloop
  endfacet
  facet normal 0.321382 0.94695 -0
    outer loop
      vertex -21.2346 53.8478 3.5
      vertex -21.4824 53.9319 4.5
      vertex -21.2346 53.8478 4.5
    endloop
  endfacet
  facet normal 0.321382 0.94695 0
    outer loop
      vertex -21.4824 53.9319 4.5
      vertex -21.2346 53.8478 3.5
      vertex -21.4824 53.9319 3.5
    endloop
  endfacet
  facet normal 0.555758 -0.831344 0
    outer loop
      vertex -21 50.2679 3.5
      vertex -20.7825 50.4133 4.5
      vertex -21 50.2679 4.5
    endloop
  endfacet
  facet normal 0.555758 -0.831344 0
    outer loop
      vertex -20.7825 50.4133 4.5
      vertex -21 50.2679 3.5
      vertex -20.7825 50.4133 3.5
    endloop
  endfacet
  facet normal 0.751842 0.659343 0
    outer loop
      vertex -20.4133 53.2175 4.5
      vertex -20.5858 53.4142 3.5
      vertex -20.5858 53.4142 4.5
    endloop
  endfacet
  facet normal 0.751842 0.659343 0
    outer loop
      vertex -20.5858 53.4142 3.5
      vertex -20.4133 53.2175 4.5
      vertex -20.4133 53.2175 3.5
    endloop
  endfacet
  facet normal 0.659343 -0.751842 0
    outer loop
      vertex -20.7825 50.4133 3.5
      vertex -20.5858 50.5858 4.5
      vertex -20.7825 50.4133 4.5
    endloop
  endfacet
  facet normal 0.659343 -0.751842 0
    outer loop
      vertex -20.5858 50.5858 4.5
      vertex -20.7825 50.4133 3.5
      vertex -20.5858 50.5858 3.5
    endloop
  endfacet
  facet normal -0.659343 0.751842 0
    outer loop
      vertex -23.2175 53.5867 3.5
      vertex -23.4142 53.4142 4.5
      vertex -23.2175 53.5867 4.5
    endloop
  endfacet
  facet normal -0.659343 0.751842 0
    outer loop
      vertex -23.4142 53.4142 4.5
      vertex -23.2175 53.5867 3.5
      vertex -23.4142 53.4142 3.5
    endloop
  endfacet
  facet normal -0.997862 0.0653521 0
    outer loop
      vertex -24 52 3.5
      vertex -23.9829 52.2611 4.5
      vertex -23.9829 52.2611 3.5
    endloop
  endfacet
  facet normal -0.997862 0.0653521 0
    outer loop
      vertex -23.9829 52.2611 4.5
      vertex -24 52 3.5
      vertex -24 52 4.5
    endloop
  endfacet
  facet normal -0.751842 -0.659343 0
    outer loop
      vertex -23.4142 50.5858 3.5
      vertex -23.5867 50.7825 4.5
      vertex -23.5867 50.7825 3.5
    endloop
  endfacet
  facet normal -0.751842 -0.659343 0
    outer loop
      vertex -23.5867 50.7825 4.5
      vertex -23.4142 50.5858 3.5
      vertex -23.4142 50.5858 4.5
    endloop
  endfacet
  facet normal -0.555758 -0.831344 0
    outer loop
      vertex -23.2175 50.4133 3.5
      vertex -23 50.2679 4.5
      vertex -23.2175 50.4133 4.5
    endloop
  endfacet
  facet normal -0.555758 -0.831344 -0
    outer loop
      vertex -23 50.2679 4.5
      vertex -23.2175 50.4133 3.5
      vertex -23 50.2679 3.5
    endloop
  endfacet
  facet normal 0.442621 0.896709 -0
    outer loop
      vertex -21 53.732 3.5
      vertex -21.2346 53.8478 4.5
      vertex -21 53.732 4.5
    endloop
  endfacet
  facet normal 0.442621 0.896709 0
    outer loop
      vertex -21.2346 53.8478 4.5
      vertex -21 53.732 3.5
      vertex -21.2346 53.8478 3.5
    endloop
  endfacet
  facet normal 0.555494 0.831521 -0
    outer loop
      vertex -20.7825 53.5867 3.5
      vertex -21 53.732 4.5
      vertex -20.7825 53.5867 4.5
    endloop
  endfacet
  facet normal 0.555494 0.831521 0
    outer loop
      vertex -21 53.732 4.5
      vertex -20.7825 53.5867 3.5
      vertex -21 53.732 3.5
    endloop
  endfacet
  facet normal 0.659343 0.751842 -0
    outer loop
      vertex -20.5858 53.4142 3.5
      vertex -20.7825 53.5867 4.5
      vertex -20.5858 53.4142 4.5
    endloop
  endfacet
  facet normal 0.659343 0.751842 0
    outer loop
      vertex -20.7825 53.5867 4.5
      vertex -20.5858 53.4142 3.5
      vertex -20.7825 53.5867 3.5
    endloop
  endfacet
  facet normal 0.0653521 0.997862 -0
    outer loop
      vertex -21.7389 53.9829 3.5
      vertex -22 54 4.5
      vertex -21.7389 53.9829 4.5
    endloop
  endfacet
  facet normal 0.0653521 0.997862 0
    outer loop
      vertex -22 54 4.5
      vertex -21.7389 53.9829 3.5
      vertex -22 54 3.5
    endloop
  endfacet
  facet normal -0.94695 0.321382 0
    outer loop
      vertex -23.9319 52.5176 3.5
      vertex -23.8478 52.7654 4.5
      vertex -23.8478 52.7654 3.5
    endloop
  endfacet
  facet normal -0.94695 0.321382 0
    outer loop
      vertex -23.8478 52.7654 4.5
      vertex -23.9319 52.5176 3.5
      vertex -23.9319 52.5176 4.5
    endloop
  endfacet
  facet normal -0.321382 0.94695 0
    outer loop
      vertex -22.5176 53.9319 3.5
      vertex -22.7654 53.8478 4.5
      vertex -22.5176 53.9319 4.5
    endloop
  endfacet
  facet normal -0.321382 0.94695 0
    outer loop
      vertex -22.7654 53.8478 4.5
      vertex -22.5176 53.9319 3.5
      vertex -22.7654 53.8478 3.5
    endloop
  endfacet
  facet normal 0.94695 -0.321382 0
    outer loop
      vertex -20.1522 51.2346 4.5
      vertex -20.0681 51.4824 3.5
      vertex -20.0681 51.4824 4.5
    endloop
  endfacet
  facet normal 0.94695 -0.321382 0
    outer loop
      vertex -20.0681 51.4824 3.5
      vertex -20.1522 51.2346 4.5
      vertex -20.1522 51.2346 3.5
    endloop
  endfacet
  facet normal 0.195013 -0.980801 0
    outer loop
      vertex -21.7389 50.0171 3.5
      vertex -21.4824 50.0681 4.5
      vertex -21.7389 50.0171 4.5
    endloop
  endfacet
  facet normal 0.195013 -0.980801 0
    outer loop
      vertex -21.4824 50.0681 4.5
      vertex -21.7389 50.0171 3.5
      vertex -21.4824 50.0681 3.5
    endloop
  endfacet
  facet normal -0.195013 -0.980801 0
    outer loop
      vertex -22.5176 50.0681 3.5
      vertex -22.2611 50.0171 4.5
      vertex -22.5176 50.0681 4.5
    endloop
  endfacet
  facet normal -0.195013 -0.980801 -0
    outer loop
      vertex -22.2611 50.0171 4.5
      vertex -22.5176 50.0681 3.5
      vertex -22.2611 50.0171 3.5
    endloop
  endfacet
  facet normal 0.751842 -0.659343 0
    outer loop
      vertex -20.5858 50.5858 4.5
      vertex -20.4133 50.7825 3.5
      vertex -20.4133 50.7825 4.5
    endloop
  endfacet
  facet normal 0.751842 -0.659343 0
    outer loop
      vertex -20.4133 50.7825 3.5
      vertex -20.5858 50.5858 4.5
      vertex -20.5858 50.5858 3.5
    endloop
  endfacet
  facet normal -0.555494 0.831521 0
    outer loop
      vertex -23 53.732 3.5
      vertex -23.2175 53.5867 4.5
      vertex -23 53.732 4.5
    endloop
  endfacet
  facet normal -0.555494 0.831521 0
    outer loop
      vertex -23.2175 53.5867 4.5
      vertex -23 53.732 3.5
      vertex -23.2175 53.5867 3.5
    endloop
  endfacet
  facet normal 0.89686 -0.442314 0
    outer loop
      vertex -20.2679 51 4.5
      vertex -20.1522 51.2346 3.5
      vertex -20.1522 51.2346 4.5
    endloop
  endfacet
  facet normal 0.89686 -0.442314 0
    outer loop
      vertex -20.1522 51.2346 3.5
      vertex -20.2679 51 4.5
      vertex -20.2679 51 3.5
    endloop
  endfacet
  facet normal 0.0653521 -0.997862 0
    outer loop
      vertex -22 50 3.5
      vertex -21.7389 50.0171 4.5
      vertex -22 50 4.5
    endloop
  endfacet
  facet normal 0.0653521 -0.997862 0
    outer loop
      vertex -21.7389 50.0171 4.5
      vertex -22 50 3.5
      vertex -21.7389 50.0171 3.5
    endloop
  endfacet
  facet normal 0.89686 0.442314 0
    outer loop
      vertex -20.1522 52.7654 4.5
      vertex -20.2679 53 3.5
      vertex -20.2679 53 4.5
    endloop
  endfacet
  facet normal 0.89686 0.442314 0
    outer loop
      vertex -20.2679 53 3.5
      vertex -20.1522 52.7654 4.5
      vertex -20.1522 52.7654 3.5
    endloop
  endfacet
  facet normal 0.442314 -0.89686 0
    outer loop
      vertex -21.2346 50.1522 3.5
      vertex -21 50.2679 4.5
      vertex -21.2346 50.1522 4.5
    endloop
  endfacet
  facet normal 0.442314 -0.89686 0
    outer loop
      vertex -21 50.2679 4.5
      vertex -21.2346 50.1522 3.5
      vertex -21 50.2679 3.5
    endloop
  endfacet
  facet normal 0.831344 -0.555758 0
    outer loop
      vertex -20.4133 50.7825 4.5
      vertex -20.2679 51 3.5
      vertex -20.2679 51 4.5
    endloop
  endfacet
  facet normal 0.831344 -0.555758 0
    outer loop
      vertex -20.2679 51 3.5
      vertex -20.4133 50.7825 4.5
      vertex -20.4133 50.7825 3.5
    endloop
  endfacet
  facet normal -0.896709 -0.442621 0
    outer loop
      vertex -23.732 51 3.5
      vertex -23.8478 51.2346 4.5
      vertex -23.8478 51.2346 3.5
    endloop
  endfacet
  facet normal -0.896709 -0.442621 0
    outer loop
      vertex -23.8478 51.2346 4.5
      vertex -23.732 51 3.5
      vertex -23.732 51 4.5
    endloop
  endfacet
  facet normal -0.831521 -0.555494 0
    outer loop
      vertex -23.5867 50.7825 3.5
      vertex -23.732 51 4.5
      vertex -23.732 51 3.5
    endloop
  endfacet
  facet normal -0.831521 -0.555494 0
    outer loop
      vertex -23.732 51 4.5
      vertex -23.5867 50.7825 3.5
      vertex -23.5867 50.7825 4.5
    endloop
  endfacet
  facet normal -0.195013 0.980801 0
    outer loop
      vertex -22.2611 53.9829 3.5
      vertex -22.5176 53.9319 4.5
      vertex -22.2611 53.9829 4.5
    endloop
  endfacet
  facet normal -0.195013 0.980801 0
    outer loop
      vertex -22.5176 53.9319 4.5
      vertex -22.2611 53.9829 3.5
      vertex -22.5176 53.9319 3.5
    endloop
  endfacet
  facet normal -0.442621 0.896709 0
    outer loop
      vertex -22.7654 53.8478 3.5
      vertex -23 53.732 4.5
      vertex -22.7654 53.8478 4.5
    endloop
  endfacet
  facet normal -0.442621 0.896709 0
    outer loop
      vertex -23 53.732 4.5
      vertex -22.7654 53.8478 3.5
      vertex -23 53.732 3.5
    endloop
  endfacet
  facet normal -0.0653521 -0.997862 0
    outer loop
      vertex -22.2611 50.0171 3.5
      vertex -22 50 4.5
      vertex -22.2611 50.0171 4.5
    endloop
  endfacet
  facet normal -0.0653521 -0.997862 -0
    outer loop
      vertex -22 50 4.5
      vertex -22.2611 50.0171 3.5
      vertex -22 50 3.5
    endloop
  endfacet
  facet normal 0.94695 0.321382 0
    outer loop
      vertex -20.0681 52.5176 4.5
      vertex -20.1522 52.7654 3.5
      vertex -20.1522 52.7654 4.5
    endloop
  endfacet
  facet normal 0.94695 0.321382 0
    outer loop
      vertex -20.1522 52.7654 3.5
      vertex -20.0681 52.5176 4.5
      vertex -20.0681 52.5176 3.5
    endloop
  endfacet
  facet normal -0.0653521 0.997862 0
    outer loop
      vertex -22 54 3.5
      vertex -22.2611 53.9829 4.5
      vertex -22 54 4.5
    endloop
  endfacet
  facet normal -0.0653521 0.997862 0
    outer loop
      vertex -22.2611 53.9829 4.5
      vertex -22 54 3.5
      vertex -22.2611 53.9829 3.5
    endloop
  endfacet
  facet normal -0.980801 0.195013 0
    outer loop
      vertex -23.9829 52.2611 3.5
      vertex -23.9319 52.5176 4.5
      vertex -23.9319 52.5176 3.5
    endloop
  endfacet
  facet normal -0.980801 0.195013 0
    outer loop
      vertex -23.9319 52.5176 4.5
      vertex -23.9829 52.2611 3.5
      vertex -23.9829 52.2611 4.5
    endloop
  endfacet
  facet normal -0.442314 -0.89686 0
    outer loop
      vertex -23 50.2679 3.5
      vertex -22.7654 50.1522 4.5
      vertex -23 50.2679 4.5
    endloop
  endfacet
  facet normal -0.442314 -0.89686 -0
    outer loop
      vertex -22.7654 50.1522 4.5
      vertex -23 50.2679 3.5
      vertex -22.7654 50.1522 3.5
    endloop
  endfacet
  facet normal -0.321382 -0.94695 0
    outer loop
      vertex -22.7654 50.1522 3.5
      vertex -22.5176 50.0681 4.5
      vertex -22.7654 50.1522 4.5
    endloop
  endfacet
  facet normal -0.321382 -0.94695 -0
    outer loop
      vertex -22.5176 50.0681 4.5
      vertex -22.7654 50.1522 3.5
      vertex -22.5176 50.0681 3.5
    endloop
  endfacet
  facet normal 0 0 1
    outer loop
      vertex -20.0171 52.2611 4.5
      vertex -20.0171 51.7389 4.5
      vertex -20 52 4.5
    endloop
  endfacet
  facet normal 0 0 1
    outer loop
      vertex -20.0681 52.5176 4.5
      vertex -20.0171 51.7389 4.5
      vertex -20.0171 52.2611 4.5
    endloop
  endfacet
  facet normal 0 0 1
    outer loop
      vertex -20.0681 52.5176 4.5
      vertex -20.0681 51.4824 4.5
      vertex -20.0171 51.7389 4.5
    endloop
  endfacet
  facet normal 0 0 1
    outer loop
      vertex -20.1522 52.7654 4.5
      vertex -20.0681 51.4824 4.5
      vertex -20.0681 52.5176 4.5
    endloop
  endfacet
  facet normal 0 0 1
    outer loop
      vertex -20.1522 52.7654 4.5
      vertex -20.1522 51.2346 4.5
      vertex -20.0681 51.4824 4.5
    endloop
  endfacet
  facet normal 0 0 1
    outer loop
      vertex -20.2679 53 4.5
      vertex -20.1522 51.2346 4.5
      vertex -20.1522 52.7654 4.5
    endloop
  endfacet
  facet normal 0 0 1
    outer loop
      vertex -20.2679 53 4.5
      vertex -20.2679 51 4.5
      vertex -20.1522 51.2346 4.5
    endloop
  endfacet
  facet normal 0 0 1
    outer loop
      vertex -20.4133 53.2175 4.5
      vertex -20.2679 51 4.5
      vertex -20.2679 53 4.5
    endloop
  endfacet
  facet normal 0 0 1
    outer loop
      vertex -20.4133 53.2175 4.5
      vertex -20.4133 50.7825 4.5
      vertex -20.2679 51 4.5
    endloop
  endfacet
  facet normal 0 0 1
    outer loop
      vertex -20.5858 53.4142 4.5
      vertex -20.4133 50.7825 4.5
      vertex -20.4133 53.2175 4.5
    endloop
  endfacet
  facet normal 0 0 1
    outer loop
      vertex -20.5858 53.4142 4.5
      vertex -20.5858 50.5858 4.5
      vertex -20.4133 50.7825 4.5
    endloop
  endfacet
  facet normal 0 0 1
    outer loop
      vertex -20.7825 53.5867 4.5
      vertex -20.5858 50.5858 4.5
      vertex -20.5858 53.4142 4.5
    endloop
  endfacet
  facet normal 0 0 1
    outer loop
      vertex -20.7825 53.5867 4.5
      vertex -20.7825 50.4133 4.5
      vertex -20.5858 50.5858 4.5
    endloop
  endfacet
  facet normal 0 0 1
    outer loop
      vertex -21 53.732 4.5
      vertex -20.7825 50.4133 4.5
      vertex -20.7825 53.5867 4.5
    endloop
  endfacet
  facet normal 0 0 1
    outer loop
      vertex -21 53.732 4.5
      vertex -21 50.2679 4.5
      vertex -20.7825 50.4133 4.5
    endloop
  endfacet
  facet normal 0 0 1
    outer loop
      vertex -21.2346 53.8478 4.5
      vertex -21 50.2679 4.5
      vertex -21 53.732 4.5
    endloop
  endfacet
  facet normal 0 0 1
    outer loop
      vertex -21.2346 53.8478 4.5
      vertex -21.2346 50.1522 4.5
      vertex -21 50.2679 4.5
    endloop
  endfacet
  facet normal 0 0 1
    outer loop
      vertex -21.4824 53.9319 4.5
      vertex -21.2346 50.1522 4.5
      vertex -21.2346 53.8478 4.5
    endloop
  endfacet
  facet normal 0 0 1
    outer loop
      vertex -21.4824 53.9319 4.5
      vertex -21.4824 50.0681 4.5
      vertex -21.2346 50.1522 4.5
    endloop
  endfacet
  facet normal 0 0 1
    outer loop
      vertex -21.7389 53.9829 4.5
      vertex -21.4824 50.0681 4.5
      vertex -21.4824 53.9319 4.5
    endloop
  endfacet
  facet normal 0 0 1
    outer loop
      vertex -21.7389 53.9829 4.5
      vertex -21.7389 50.0171 4.5
      vertex -21.4824 50.0681 4.5
    endloop
  endfacet
  facet normal 0 0 1
    outer loop
      vertex -22 54 4.5
      vertex -21.7389 50.0171 4.5
      vertex -21.7389 53.9829 4.5
    endloop
  endfacet
  facet normal 0 0 1
    outer loop
      vertex -22 54 4.5
      vertex -22 50 4.5
      vertex -21.7389 50.0171 4.5
    endloop
  endfacet
  facet normal -0 0 1
    outer loop
      vertex -22.2611 53.9829 4.5
      vertex -22 50 4.5
      vertex -22 54 4.5
    endloop
  endfacet
  facet normal 0 0 1
    outer loop
      vertex -22.2611 53.9829 4.5
      vertex -22.2611 50.0171 4.5
      vertex -22 50 4.5
    endloop
  endfacet
  facet normal -0 0 1
    outer loop
      vertex -22.5176 53.9319 4.5
      vertex -22.2611 50.0171 4.5
      vertex -22.2611 53.9829 4.5
    endloop
  endfacet
  facet normal 0 0 1
    outer loop
      vertex -22.5176 53.9319 4.5
      vertex -22.5176 50.0681 4.5
      vertex -22.2611 50.0171 4.5
    endloop
  endfacet
  facet normal -0 0 1
    outer loop
      vertex -22.7654 53.8478 4.5
      vertex -22.5176 50.0681 4.5
      vertex -22.5176 53.9319 4.5
    endloop
  endfacet
  facet normal 0 0 1
    outer loop
      vertex -22.7654 53.8478 4.5
      vertex -22.7654 50.1522 4.5
      vertex -22.5176 50.0681 4.5
    endloop
  endfacet
  facet normal -0 0 1
    outer loop
      vertex -23 53.732 4.5
      vertex -22.7654 50.1522 4.5
      vertex -22.7654 53.8478 4.5
    endloop
  endfacet
  facet normal 0 0 1
    outer loop
      vertex -23 53.732 4.5
      vertex -23 50.2679 4.5
      vertex -22.7654 50.1522 4.5
    endloop
  endfacet
  facet normal -0 0 1
    outer loop
      vertex -23.2175 53.5867 4.5
      vertex -23 50.2679 4.5
      vertex -23 53.732 4.5
    endloop
  endfacet
  facet normal 0 0 1
    outer loop
      vertex -23.2175 53.5867 4.5
      vertex -23.2175 50.4133 4.5
      vertex -23 50.2679 4.5
    endloop
  endfacet
  facet normal -0 0 1
    outer loop
      vertex -23.4142 53.4142 4.5
      vertex -23.2175 50.4133 4.5
      vertex -23.2175 53.5867 4.5
    endloop
  endfacet
  facet normal 0 0 1
    outer loop
      vertex -23.4142 53.4142 4.5
      vertex -23.4142 50.5858 4.5
      vertex -23.2175 50.4133 4.5
    endloop
  endfacet
  facet normal -0 0 1
    outer loop
      vertex -23.5867 53.2175 4.5
      vertex -23.4142 50.5858 4.5
      vertex -23.4142 53.4142 4.5
    endloop
  endfacet
  facet normal 0 0 1
    outer loop
      vertex -23.5867 53.2175 4.5
      vertex -23.5867 50.7825 4.5
      vertex -23.4142 50.5858 4.5
    endloop
  endfacet
  facet normal -0 0 1
    outer loop
      vertex -23.732 53 4.5
      vertex -23.5867 50.7825 4.5
      vertex -23.5867 53.2175 4.5
    endloop
  endfacet
  facet normal 0 0 1
    outer loop
      vertex -23.732 53 4.5
      vertex -23.732 51 4.5
      vertex -23.5867 50.7825 4.5
    endloop
  endfacet
  facet normal -0 0 1
    outer loop
      vertex -23.8478 52.7654 4.5
      vertex -23.732 51 4.5
      vertex -23.732 53 4.5
    endloop
  endfacet
  facet normal 0 0 1
    outer loop
      vertex -23.8478 52.7654 4.5
      vertex -23.8478 51.2346 4.5
      vertex -23.732 51 4.5
    endloop
  endfacet
  facet normal -0 0 1
    outer loop
      vertex -23.9319 52.5176 4.5
      vertex -23.8478 51.2346 4.5
      vertex -23.8478 52.7654 4.5
    endloop
  endfacet
  facet normal 0 0 1
    outer loop
      vertex -23.9319 52.5176 4.5
      vertex -23.9319 51.4824 4.5
      vertex -23.8478 51.2346 4.5
    endloop
  endfacet
  facet normal -0 0 1
    outer loop
      vertex -23.9829 52.2611 4.5
      vertex -23.9319 51.4824 4.5
      vertex -23.9319 52.5176 4.5
    endloop
  endfacet
  facet normal 0 0 1
    outer loop
      vertex -23.9829 52.2611 4.5
      vertex -23.9829 51.7389 4.5
      vertex -23.9319 51.4824 4.5
    endloop
  endfacet
  facet normal 0 -0 1
    outer loop
      vertex -23.9829 51.7389 4.5
      vertex -23.9829 52.2611 4.5
      vertex -24 52 4.5
    endloop
  endfacet
  facet normal -0.896709 0.442621 0
    outer loop
      vertex -23.8478 52.7654 3.5
      vertex -23.732 53 4.5
      vertex -23.732 53 3.5
    endloop
  endfacet
  facet normal -0.896709 0.442621 0
    outer loop
      vertex -23.732 53 4.5
      vertex -23.8478 52.7654 3.5
      vertex -23.8478 52.7654 4.5
    endloop
  endfacet
  facet normal 0.0653521 -0.997862 0
    outer loop
      vertex 22 34 3.5
      vertex 22.2611 34.0171 4.5
      vertex 22 34 4.5
    endloop
  endfacet
  facet normal 0.0653521 -0.997862 0
    outer loop
      vertex 22.2611 34.0171 4.5
      vertex 22 34 3.5
      vertex 22.2611 34.0171 3.5
    endloop
  endfacet
  facet normal 0.980801 0.195013 0
    outer loop
      vertex 23.9829 36.2611 4.5
      vertex 23.9319 36.5176 3.5
      vertex 23.9319 36.5176 4.5
    endloop
  endfacet
  facet normal 0.980801 0.195013 0
    outer loop
      vertex 23.9319 36.5176 3.5
      vertex 23.9829 36.2611 4.5
      vertex 23.9829 36.2611 3.5
    endloop
  endfacet
  facet normal 0.997862 0.0653521 0
    outer loop
      vertex 24 36 4.5
      vertex 23.9829 36.2611 3.5
      vertex 23.9829 36.2611 4.5
    endloop
  endfacet
  facet normal 0.997862 0.0653521 0
    outer loop
      vertex 23.9829 36.2611 3.5
      vertex 24 36 4.5
      vertex 24 36 3.5
    endloop
  endfacet
  facet normal 0.980801 -0.195013 0
    outer loop
      vertex 23.9319 35.4824 4.5
      vertex 23.9829 35.7389 3.5
      vertex 23.9829 35.7389 4.5
    endloop
  endfacet
  facet normal 0.980801 -0.195013 0
    outer loop
      vertex 23.9829 35.7389 3.5
      vertex 23.9319 35.4824 4.5
      vertex 23.9319 35.4824 3.5
    endloop
  endfacet
  facet normal -0.89686 -0.442314 0
    outer loop
      vertex 20.2679 35 3.5
      vertex 20.1522 35.2346 4.5
      vertex 20.1522 35.2346 3.5
    endloop
  endfacet
  facet normal -0.89686 -0.442314 0
    outer loop
      vertex 20.1522 35.2346 4.5
      vertex 20.2679 35 3.5
      vertex 20.2679 35 4.5
    endloop
  endfacet
  facet normal -0.442314 0.89686 0
    outer loop
      vertex 21.2346 37.8478 3.5
      vertex 21 37.7321 4.5
      vertex 21.2346 37.8478 4.5
    endloop
  endfacet
  facet normal -0.442314 0.89686 0
    outer loop
      vertex 21 37.7321 4.5
      vertex 21.2346 37.8478 3.5
      vertex 21 37.7321 3.5
    endloop
  endfacet
  facet normal 0.94695 -0.321382 0
    outer loop
      vertex 23.8478 35.2346 4.5
      vertex 23.9319 35.4824 3.5
      vertex 23.9319 35.4824 4.5
    endloop
  endfacet
  facet normal 0.94695 -0.321382 0
    outer loop
      vertex 23.9319 35.4824 3.5
      vertex 23.8478 35.2346 4.5
      vertex 23.8478 35.2346 3.5
    endloop
  endfacet
  facet normal -0.321382 -0.94695 0
    outer loop
      vertex 21.2346 34.1522 3.5
      vertex 21.4824 34.0681 4.5
      vertex 21.2346 34.1522 4.5
    endloop
  endfacet
  facet normal -0.321382 -0.94695 -0
    outer loop
      vertex 21.4824 34.0681 4.5
      vertex 21.2346 34.1522 3.5
      vertex 21.4824 34.0681 3.5
    endloop
  endfacet
  facet normal -0.195013 -0.980801 0
    outer loop
      vertex 21.4824 34.0681 3.5
      vertex 21.7389 34.0171 4.5
      vertex 21.4824 34.0681 4.5
    endloop
  endfacet
  facet normal -0.195013 -0.980801 -0
    outer loop
      vertex 21.7389 34.0171 4.5
      vertex 21.4824 34.0681 3.5
      vertex 21.7389 34.0171 3.5
    endloop
  endfacet
  facet normal -0.659343 -0.751842 0
    outer loop
      vertex 20.5858 34.5858 3.5
      vertex 20.7825 34.4133 4.5
      vertex 20.5858 34.5858 4.5
    endloop
  endfacet
  facet normal -0.659343 -0.751842 -0
    outer loop
      vertex 20.7825 34.4133 4.5
      vertex 20.5858 34.5858 3.5
      vertex 20.7825 34.4133 3.5
    endloop
  endfacet
  facet normal 0.442314 0.89686 -0
    outer loop
      vertex 23 37.7321 3.5
      vertex 22.7654 37.8478 4.5
      vertex 23 37.7321 4.5
    endloop
  endfacet
  facet normal 0.442314 0.89686 0
    outer loop
      vertex 22.7654 37.8478 4.5
      vertex 23 37.7321 3.5
      vertex 22.7654 37.8478 3.5
    endloop
  endfacet
  facet normal -0.555758 0.831344 0
    outer loop
      vertex 21 37.7321 3.5
      vertex 20.7825 37.5867 4.5
      vertex 21 37.7321 4.5
    endloop
  endfacet
  facet normal -0.555758 0.831344 0
    outer loop
      vertex 20.7825 37.5867 4.5
      vertex 21 37.7321 3.5
      vertex 20.7825 37.5867 3.5
    endloop
  endfacet
  facet normal 0.896709 0.442621 0
    outer loop
      vertex 23.8478 36.7654 4.5
      vertex 23.732 37 3.5
      vertex 23.732 37 4.5
    endloop
  endfacet
  facet normal 0.896709 0.442621 0
    outer loop
      vertex 23.732 37 3.5
      vertex 23.8478 36.7654 4.5
      vertex 23.8478 36.7654 3.5
    endloop
  endfacet
  facet normal 0.195013 -0.980801 0
    outer loop
      vertex 22.2611 34.0171 3.5
      vertex 22.5176 34.0681 4.5
      vertex 22.2611 34.0171 4.5
    endloop
  endfacet
  facet normal 0.195013 -0.980801 0
    outer loop
      vertex 22.5176 34.0681 4.5
      vertex 22.2611 34.0171 3.5
      vertex 22.5176 34.0681 3.5
    endloop
  endfacet
  facet normal 0.442621 -0.896709 0
    outer loop
      vertex 22.7654 34.1522 3.5
      vertex 23 34.268 4.5
      vertex 22.7654 34.1522 4.5
    endloop
  endfacet
  facet normal 0.442621 -0.896709 0
    outer loop
      vertex 23 34.268 4.5
      vertex 22.7654 34.1522 3.5
      vertex 23 34.268 3.5
    endloop
  endfacet
  facet normal 0.321382 -0.94695 0
    outer loop
      vertex 22.5176 34.0681 3.5
      vertex 22.7654 34.1522 4.5
      vertex 22.5176 34.0681 4.5
    endloop
  endfacet
  facet normal 0.321382 -0.94695 0
    outer loop
      vertex 22.7654 34.1522 4.5
      vertex 22.5176 34.0681 3.5
      vertex 22.7654 34.1522 3.5
    endloop
  endfacet
  facet normal 0.555494 -0.831521 0
    outer loop
      vertex 23 34.268 3.5
      vertex 23.2175 34.4133 4.5
      vertex 23 34.268 4.5
    endloop
  endfacet
  facet normal 0.555494 -0.831521 0
    outer loop
      vertex 23.2175 34.4133 4.5
      vertex 23 34.268 3.5
      vertex 23.2175 34.4133 3.5
    endloop
  endfacet
  facet normal -0.94695 0.321382 0
    outer loop
      vertex 20.0681 36.5176 3.5
      vertex 20.1522 36.7654 4.5
      vertex 20.1522 36.7654 3.5
    endloop
  endfacet
  facet normal -0.94695 0.321382 0
    outer loop
      vertex 20.1522 36.7654 4.5
      vertex 20.0681 36.5176 3.5
      vertex 20.0681 36.5176 4.5
    endloop
  endfacet
  facet normal 0.751842 -0.659343 0
    outer loop
      vertex 23.4142 34.5858 4.5
      vertex 23.5867 34.7825 3.5
      vertex 23.5867 34.7825 4.5
    endloop
  endfacet
  facet normal 0.751842 -0.659343 0
    outer loop
      vertex 23.5867 34.7825 3.5
      vertex 23.4142 34.5858 4.5
      vertex 23.4142 34.5858 3.5
    endloop
  endfacet
  facet normal 0.831521 0.555494 0
    outer loop
      vertex 23.732 37 4.5
      vertex 23.5867 37.2175 3.5
      vertex 23.5867 37.2175 4.5
    endloop
  endfacet
  facet normal 0.831521 0.555494 0
    outer loop
      vertex 23.5867 37.2175 3.5
      vertex 23.732 37 4.5
      vertex 23.732 37 3.5
    endloop
  endfacet
  facet normal 0 0 1
    outer loop
      vertex 23.9829 36.2611 4.5
      vertex 23.9829 35.7389 4.5
      vertex 24 36 4.5
    endloop
  endfacet
  facet normal 0 0 1
    outer loop
      vertex 23.9319 36.5176 4.5
      vertex 23.9829 35.7389 4.5
      vertex 23.9829 36.2611 4.5
    endloop
  endfacet
  facet normal 0 0 1
    outer loop
      vertex 23.9319 36.5176 4.5
      vertex 23.9319 35.4824 4.5
      vertex 23.9829 35.7389 4.5
    endloop
  endfacet
  facet normal 0 0 1
    outer loop
      vertex 23.8478 36.7654 4.5
      vertex 23.9319 35.4824 4.5
      vertex 23.9319 36.5176 4.5
    endloop
  endfacet
  facet normal 0 0 1
    outer loop
      vertex 23.8478 36.7654 4.5
      vertex 23.8478 35.2346 4.5
      vertex 23.9319 35.4824 4.5
    endloop
  endfacet
  facet normal 0 0 1
    outer loop
      vertex 23.732 37 4.5
      vertex 23.8478 35.2346 4.5
      vertex 23.8478 36.7654 4.5
    endloop
  endfacet
  facet normal 0 0 1
    outer loop
      vertex 23.732 37 4.5
      vertex 23.732 35 4.5
      vertex 23.8478 35.2346 4.5
    endloop
  endfacet
  facet normal 0 0 1
    outer loop
      vertex 23.5867 37.2175 4.5
      vertex 23.732 35 4.5
      vertex 23.732 37 4.5
    endloop
  endfacet
  facet normal 0 0 1
    outer loop
      vertex 23.5867 37.2175 4.5
      vertex 23.5867 34.7825 4.5
      vertex 23.732 35 4.5
    endloop
  endfacet
  facet normal 0 0 1
    outer loop
      vertex 23.4142 37.4142 4.5
      vertex 23.5867 34.7825 4.5
      vertex 23.5867 37.2175 4.5
    endloop
  endfacet
  facet normal 0 0 1
    outer loop
      vertex 23.4142 37.4142 4.5
      vertex 23.4142 34.5858 4.5
      vertex 23.5867 34.7825 4.5
    endloop
  endfacet
  facet normal 0 0 1
    outer loop
      vertex 23.2175 37.5867 4.5
      vertex 23.4142 34.5858 4.5
      vertex 23.4142 37.4142 4.5
    endloop
  endfacet
  facet normal 0 0 1
    outer loop
      vertex 23.2175 37.5867 4.5
      vertex 23.2175 34.4133 4.5
      vertex 23.4142 34.5858 4.5
    endloop
  endfacet
  facet normal 0 0 1
    outer loop
      vertex 23 37.7321 4.5
      vertex 23.2175 34.4133 4.5
      vertex 23.2175 37.5867 4.5
    endloop
  endfacet
  facet normal 0 0 1
    outer loop
      vertex 23 37.7321 4.5
      vertex 23 34.268 4.5
      vertex 23.2175 34.4133 4.5
    endloop
  endfacet
  facet normal 0 0 1
    outer loop
      vertex 22.7654 37.8478 4.5
      vertex 23 34.268 4.5
      vertex 23 37.7321 4.5
    endloop
  endfacet
  facet normal 0 0 1
    outer loop
      vertex 22.7654 37.8478 4.5
      vertex 22.7654 34.1522 4.5
      vertex 23 34.268 4.5
    endloop
  endfacet
  facet normal 0 0 1
    outer loop
      vertex 22.5176 37.9319 4.5
      vertex 22.7654 34.1522 4.5
      vertex 22.7654 37.8478 4.5
    endloop
  endfacet
  facet normal 0 0 1
    outer loop
      vertex 22.5176 37.9319 4.5
      vertex 22.5176 34.0681 4.5
      vertex 22.7654 34.1522 4.5
    endloop
  endfacet
  facet normal 0 0 1
    outer loop
      vertex 22.2611 37.9829 4.5
      vertex 22.5176 34.0681 4.5
      vertex 22.5176 37.9319 4.5
    endloop
  endfacet
  facet normal 0 0 1
    outer loop
      vertex 22.2611 37.9829 4.5
      vertex 22.2611 34.0171 4.5
      vertex 22.5176 34.0681 4.5
    endloop
  endfacet
  facet normal 0 0 1
    outer loop
      vertex 22 38 4.5
      vertex 22.2611 34.0171 4.5
      vertex 22.2611 37.9829 4.5
    endloop
  endfacet
  facet normal 0 0 1
    outer loop
      vertex 22 38 4.5
      vertex 22 34 4.5
      vertex 22.2611 34.0171 4.5
    endloop
  endfacet
  facet normal -0 0 1
    outer loop
      vertex 21.7389 37.9829 4.5
      vertex 22 34 4.5
      vertex 22 38 4.5
    endloop
  endfacet
  facet normal 0 0 1
    outer loop
      vertex 21.7389 37.9829 4.5
      vertex 21.7389 34.0171 4.5
      vertex 22 34 4.5
    endloop
  endfacet
  facet normal -0 0 1
    outer loop
      vertex 21.4824 37.9319 4.5
      vertex 21.7389 34.0171 4.5
      vertex 21.7389 37.9829 4.5
    endloop
  endfacet
  facet normal 0 0 1
    outer loop
      vertex 21.4824 37.9319 4.5
      vertex 21.4824 34.0681 4.5
      vertex 21.7389 34.0171 4.5
    endloop
  endfacet
  facet normal -0 0 1
    outer loop
      vertex 21.2346 37.8478 4.5
      vertex 21.4824 34.0681 4.5
      vertex 21.4824 37.9319 4.5
    endloop
  endfacet
  facet normal 0 0 1
    outer loop
      vertex 21.2346 37.8478 4.5
      vertex 21.2346 34.1522 4.5
      vertex 21.4824 34.0681 4.5
    endloop
  endfacet
  facet normal -0 0 1
    outer loop
      vertex 21 37.7321 4.5
      vertex 21.2346 34.1522 4.5
      vertex 21.2346 37.8478 4.5
    endloop
  endfacet
  facet normal 0 0 1
    outer loop
      vertex 21 37.7321 4.5
      vertex 21 34.268 4.5
      vertex 21.2346 34.1522 4.5
    endloop
  endfacet
  facet normal -0 0 1
    outer loop
      vertex 20.7825 37.5867 4.5
      vertex 21 34.268 4.5
      vertex 21 37.7321 4.5
    endloop
  endfacet
  facet normal 0 0 1
    outer loop
      vertex 20.7825 37.5867 4.5
      vertex 20.7825 34.4133 4.5
      vertex 21 34.268 4.5
    endloop
  endfacet
  facet normal -0 0 1
    outer loop
      vertex 20.5858 37.4142 4.5
      vertex 20.7825 34.4133 4.5
      vertex 20.7825 37.5867 4.5
    endloop
  endfacet
  facet normal 0 0 1
    outer loop
      vertex 20.5858 37.4142 4.5
      vertex 20.5858 34.5858 4.5
      vertex 20.7825 34.4133 4.5
    endloop
  endfacet
  facet normal -0 0 1
    outer loop
      vertex 20.4133 37.2175 4.5
      vertex 20.5858 34.5858 4.5
      vertex 20.5858 37.4142 4.5
    endloop
  endfacet
  facet normal 0 0 1
    outer loop
      vertex 20.4133 37.2175 4.5
      vertex 20.4133 34.7825 4.5
      vertex 20.5858 34.5858 4.5
    endloop
  endfacet
  facet normal -0 0 1
    outer loop
      vertex 20.2679 37 4.5
      vertex 20.4133 34.7825 4.5
      vertex 20.4133 37.2175 4.5
    endloop
  endfacet
  facet normal 0 0 1
    outer loop
      vertex 20.2679 37 4.5
      vertex 20.2679 35 4.5
      vertex 20.4133 34.7825 4.5
    endloop
  endfacet
  facet normal -0 0 1
    outer loop
      vertex 20.1522 36.7654 4.5
      vertex 20.2679 35 4.5
      vertex 20.2679 37 4.5
    endloop
  endfacet
  facet normal 0 0 1
    outer loop
      vertex 20.1522 36.7654 4.5
      vertex 20.1522 35.2346 4.5
      vertex 20.2679 35 4.5
    endloop
  endfacet
  facet normal -0 0 1
    outer loop
      vertex 20.0681 36.5176 4.5
      vertex 20.1522 35.2346 4.5
      vertex 20.1522 36.7654 4.5
    endloop
  endfacet
  facet normal 0 0 1
    outer loop
      vertex 20.0681 36.5176 4.5
      vertex 20.0681 35.4824 4.5
      vertex 20.1522 35.2346 4.5
    endloop
  endfacet
  facet normal -0 0 1
    outer loop
      vertex 20.0171 36.2611 4.5
      vertex 20.0681 35.4824 4.5
      vertex 20.0681 36.5176 4.5
    endloop
  endfacet
  facet normal 0 0 1
    outer loop
      vertex 20.0171 36.2611 4.5
      vertex 20.0171 35.7389 4.5
      vertex 20.0681 35.4824 4.5
    endloop
  endfacet
  facet normal 0 -0 1
    outer loop
      vertex 20.0171 35.7389 4.5
      vertex 20.0171 36.2611 4.5
      vertex 20 36 4.5
    endloop
  endfacet
  facet normal -0.555494 -0.831521 0
    outer loop
      vertex 20.7825 34.4133 3.5
      vertex 21 34.268 4.5
      vertex 20.7825 34.4133 4.5
    endloop
  endfacet
  facet normal -0.555494 -0.831521 -0
    outer loop
      vertex 21 34.268 4.5
      vertex 20.7825 34.4133 3.5
      vertex 21 34.268 3.5
    endloop
  endfacet
  facet normal -0.980801 0.195013 0
    outer loop
      vertex 20.0171 36.2611 3.5
      vertex 20.0681 36.5176 4.5
      vertex 20.0681 36.5176 3.5
    endloop
  endfacet
  facet normal -0.980801 0.195013 0
    outer loop
      vertex 20.0681 36.5176 4.5
      vertex 20.0171 36.2611 3.5
      vertex 20.0171 36.2611 4.5
    endloop
  endfacet
  facet normal 0.321382 0.94695 -0
    outer loop
      vertex 22.7654 37.8478 3.5
      vertex 22.5176 37.9319 4.5
      vertex 22.7654 37.8478 4.5
    endloop
  endfacet
  facet normal 0.321382 0.94695 0
    outer loop
      vertex 22.5176 37.9319 4.5
      vertex 22.7654 37.8478 3.5
      vertex 22.5176 37.9319 3.5
    endloop
  endfacet
  facet normal 0.997862 -0.0653521 0
    outer loop
      vertex 23.9829 35.7389 4.5
      vertex 24 36 3.5
      vertex 24 36 4.5
    endloop
  endfacet
  facet normal 0.997862 -0.0653521 0
    outer loop
      vertex 24 36 3.5
      vertex 23.9829 35.7389 4.5
      vertex 23.9829 35.7389 3.5
    endloop
  endfacet
  facet normal -0.321382 0.94695 0
    outer loop
      vertex 21.4824 37.9319 3.5
      vertex 21.2346 37.8478 4.5
      vertex 21.4824 37.9319 4.5
    endloop
  endfacet
  facet normal -0.321382 0.94695 0
    outer loop
      vertex 21.2346 37.8478 4.5
      vertex 21.4824 37.9319 3.5
      vertex 21.2346 37.8478 3.5
    endloop
  endfacet
  facet normal 0.751842 0.659343 0
    outer loop
      vertex 23.5867 37.2175 4.5
      vertex 23.4142 37.4142 3.5
      vertex 23.4142 37.4142 4.5
    endloop
  endfacet
  facet normal 0.751842 0.659343 0
    outer loop
      vertex 23.4142 37.4142 3.5
      vertex 23.5867 37.2175 4.5
      vertex 23.5867 37.2175 3.5
    endloop
  endfacet
  facet normal 0.555758 0.831344 -0
    outer loop
      vertex 23.2175 37.5867 3.5
      vertex 23 37.7321 4.5
      vertex 23.2175 37.5867 4.5
    endloop
  endfacet
  facet normal 0.555758 0.831344 0
    outer loop
      vertex 23 37.7321 4.5
      vertex 23.2175 37.5867 3.5
      vertex 23 37.7321 3.5
    endloop
  endfacet
  facet normal 0.896709 -0.442621 0
    outer loop
      vertex 23.732 35 4.5
      vertex 23.8478 35.2346 3.5
      vertex 23.8478 35.2346 4.5
    endloop
  endfacet
  facet normal 0.896709 -0.442621 0
    outer loop
      vertex 23.8478 35.2346 3.5
      vertex 23.732 35 4.5
      vertex 23.732 35 3.5
    endloop
  endfacet
  facet normal 0.831521 -0.555494 0
    outer loop
      vertex 23.5867 34.7825 4.5
      vertex 23.732 35 3.5
      vertex 23.732 35 4.5
    endloop
  endfacet
  facet normal 0.831521 -0.555494 0
    outer loop
      vertex 23.732 35 3.5
      vertex 23.5867 34.7825 4.5
      vertex 23.5867 34.7825 3.5
    endloop
  endfacet
  facet normal -0.751842 0.659343 0
    outer loop
      vertex 20.4133 37.2175 3.5
      vertex 20.5858 37.4142 4.5
      vertex 20.5858 37.4142 3.5
    endloop
  endfacet
  facet normal -0.751842 0.659343 0
    outer loop
      vertex 20.5858 37.4142 4.5
      vertex 20.4133 37.2175 3.5
      vertex 20.4133 37.2175 4.5
    endloop
  endfacet
  facet normal -0.195013 0.980801 0
    outer loop
      vertex 21.7389 37.9829 3.5
      vertex 21.4824 37.9319 4.5
      vertex 21.7389 37.9829 4.5
    endloop
  endfacet
  facet normal -0.195013 0.980801 0
    outer loop
      vertex 21.4824 37.9319 4.5
      vertex 21.7389 37.9829 3.5
      vertex 21.4824 37.9319 3.5
    endloop
  endfacet
  facet normal -0.0653521 0.997862 0
    outer loop
      vertex 22 38 3.5
      vertex 21.7389 37.9829 4.5
      vertex 22 38 4.5
    endloop
  endfacet
  facet normal -0.0653521 0.997862 0
    outer loop
      vertex 21.7389 37.9829 4.5
      vertex 22 38 3.5
      vertex 21.7389 37.9829 3.5
    endloop
  endfacet
  facet normal 0.659343 0.751842 -0
    outer loop
      vertex 23.4142 37.4142 3.5
      vertex 23.2175 37.5867 4.5
      vertex 23.4142 37.4142 4.5
    endloop
  endfacet
  facet normal 0.659343 0.751842 0
    outer loop
      vertex 23.2175 37.5867 4.5
      vertex 23.4142 37.4142 3.5
      vertex 23.2175 37.5867 3.5
    endloop
  endfacet
  facet normal -0.94695 -0.321382 0
    outer loop
      vertex 20.1522 35.2346 3.5
      vertex 20.0681 35.4824 4.5
      vertex 20.0681 35.4824 3.5
    endloop
  endfacet
  facet normal -0.94695 -0.321382 0
    outer loop
      vertex 20.0681 35.4824 4.5
      vertex 20.1522 35.2346 3.5
      vertex 20.1522 35.2346 4.5
    endloop
  endfacet
  facet normal -0.831344 -0.555758 0
    outer loop
      vertex 20.4133 34.7825 3.5
      vertex 20.2679 35 4.5
      vertex 20.2679 35 3.5
    endloop
  endfacet
  facet normal -0.831344 -0.555758 0
    outer loop
      vertex 20.2679 35 4.5
      vertex 20.4133 34.7825 3.5
      vertex 20.4133 34.7825 4.5
    endloop
  endfacet
  facet normal 0.195013 0.980801 -0
    outer loop
      vertex 22.5176 37.9319 3.5
      vertex 22.2611 37.9829 4.5
      vertex 22.5176 37.9319 4.5
    endloop
  endfacet
  facet normal 0.195013 0.980801 0
    outer loop
      vertex 22.2611 37.9829 4.5
      vertex 22.5176 37.9319 3.5
      vertex 22.2611 37.9829 3.5
    endloop
  endfacet
  facet normal -0.980801 -0.195013 0
    outer loop
      vertex 20.0681 35.4824 3.5
      vertex 20.0171 35.7389 4.5
      vertex 20.0171 35.7389 3.5
    endloop
  endfacet
  facet normal -0.980801 -0.195013 0
    outer loop
      vertex 20.0171 35.7389 4.5
      vertex 20.0681 35.4824 3.5
      vertex 20.0681 35.4824 4.5
    endloop
  endfacet
  facet normal -0.659343 0.751842 0
    outer loop
      vertex 20.7825 37.5867 3.5
      vertex 20.5858 37.4142 4.5
      vertex 20.7825 37.5867 4.5
    endloop
  endfacet
  facet normal -0.659343 0.751842 0
    outer loop
      vertex 20.5858 37.4142 4.5
      vertex 20.7825 37.5867 3.5
      vertex 20.5858 37.4142 3.5
    endloop
  endfacet
  facet normal 0.94695 0.321382 0
    outer loop
      vertex 23.9319 36.5176 4.5
      vertex 23.8478 36.7654 3.5
      vertex 23.8478 36.7654 4.5
    endloop
  endfacet
  facet normal 0.94695 0.321382 0
    outer loop
      vertex 23.8478 36.7654 3.5
      vertex 23.9319 36.5176 4.5
      vertex 23.9319 36.5176 3.5
    endloop
  endfacet
  facet normal 0.0653521 0.997862 -0
    outer loop
      vertex 22.2611 37.9829 3.5
      vertex 22 38 4.5
      vertex 22.2611 37.9829 4.5
    endloop
  endfacet
  facet normal 0.0653521 0.997862 0
    outer loop
      vertex 22 38 4.5
      vertex 22.2611 37.9829 3.5
      vertex 22 38 3.5
    endloop
  endfacet
  facet normal -0.997862 0.0653521 0
    outer loop
      vertex 20 36 3.5
      vertex 20.0171 36.2611 4.5
      vertex 20.0171 36.2611 3.5
    endloop
  endfacet
  facet normal -0.997862 0.0653521 0
    outer loop
      vertex 20.0171 36.2611 4.5
      vertex 20 36 3.5
      vertex 20 36 4.5
    endloop
  endfacet
  facet normal -0.831344 0.555758 0
    outer loop
      vertex 20.2679 37 3.5
      vertex 20.4133 37.2175 4.5
      vertex 20.4133 37.2175 3.5
    endloop
  endfacet
  facet normal -0.831344 0.555758 0
    outer loop
      vertex 20.4133 37.2175 4.5
      vertex 20.2679 37 3.5
      vertex 20.2679 37 4.5
    endloop
  endfacet
  facet normal -0.751842 -0.659343 0
    outer loop
      vertex 20.5858 34.5858 3.5
      vertex 20.4133 34.7825 4.5
      vertex 20.4133 34.7825 3.5
    endloop
  endfacet
  facet normal -0.751842 -0.659343 0
    outer loop
      vertex 20.4133 34.7825 4.5
      vertex 20.5858 34.5858 3.5
      vertex 20.5858 34.5858 4.5
    endloop
  endfacet
  facet normal -0.997862 -0.0653521 0
    outer loop
      vertex 20.0171 35.7389 3.5
      vertex 20 36 4.5
      vertex 20 36 3.5
    endloop
  endfacet
  facet normal -0.997862 -0.0653521 0
    outer loop
      vertex 20 36 4.5
      vertex 20.0171 35.7389 3.5
      vertex 20.0171 35.7389 4.5
    endloop
  endfacet
  facet normal -0.0653521 -0.997862 0
    outer loop
      vertex 21.7389 34.0171 3.5
      vertex 22 34 4.5
      vertex 21.7389 34.0171 4.5
    endloop
  endfacet
  facet normal -0.0653521 -0.997862 -0
    outer loop
      vertex 22 34 4.5
      vertex 21.7389 34.0171 3.5
      vertex 22 34 3.5
    endloop
  endfacet
  facet normal 0.659343 -0.751842 0
    outer loop
      vertex 23.2175 34.4133 3.5
      vertex 23.4142 34.5858 4.5
      vertex 23.2175 34.4133 4.5
    endloop
  endfacet
  facet normal 0.659343 -0.751842 0
    outer loop
      vertex 23.4142 34.5858 4.5
      vertex 23.2175 34.4133 3.5
      vertex 23.4142 34.5858 3.5
    endloop
  endfacet
  facet normal -0.442621 -0.896709 0
    outer loop
      vertex 21 34.268 3.5
      vertex 21.2346 34.1522 4.5
      vertex 21 34.268 4.5
    endloop
  endfacet
  facet normal -0.442621 -0.896709 -0
    outer loop
      vertex 21.2346 34.1522 4.5
      vertex 21 34.268 3.5
      vertex 21.2346 34.1522 3.5
    endloop
  endfacet
  facet normal -0.89686 0.442314 0
    outer loop
      vertex 20.1522 36.7654 3.5
      vertex 20.2679 37 4.5
      vertex 20.2679 37 3.5
    endloop
  endfacet
  facet normal -0.89686 0.442314 0
    outer loop
      vertex 20.2679 37 4.5
      vertex 20.1522 36.7654 3.5
      vertex 20.1522 36.7654 4.5
    endloop
  endfacet
  facet normal 0.980801 -0.195013 0
    outer loop
      vertex 23.9319 51.4824 4.5
      vertex 23.9829 51.7389 3.5
      vertex 23.9829 51.7389 4.5
    endloop
  endfacet
  facet normal 0.980801 -0.195013 0
    outer loop
      vertex 23.9829 51.7389 3.5
      vertex 23.9319 51.4824 4.5
      vertex 23.9319 51.4824 3.5
    endloop
  endfacet
  facet normal 0.195013 -0.980801 0
    outer loop
      vertex 22.2611 50.0171 3.5
      vertex 22.5176 50.0681 4.5
      vertex 22.2611 50.0171 4.5
    endloop
  endfacet
  facet normal 0.195013 -0.980801 0
    outer loop
      vertex 22.5176 50.0681 4.5
      vertex 22.2611 50.0171 3.5
      vertex 22.5176 50.0681 3.5
    endloop
  endfacet
  facet normal 0.980801 0.195013 0
    outer loop
      vertex 23.9829 52.2611 4.5
      vertex 23.9319 52.5176 3.5
      vertex 23.9319 52.5176 4.5
    endloop
  endfacet
  facet normal 0.980801 0.195013 0
    outer loop
      vertex 23.9319 52.5176 3.5
      vertex 23.9829 52.2611 4.5
      vertex 23.9829 52.2611 3.5
    endloop
  endfacet
  facet normal 0.997862 0.0653521 0
    outer loop
      vertex 24 52 4.5
      vertex 23.9829 52.2611 3.5
      vertex 23.9829 52.2611 4.5
    endloop
  endfacet
  facet normal 0.997862 0.0653521 0
    outer loop
      vertex 23.9829 52.2611 3.5
      vertex 24 52 4.5
      vertex 24 52 3.5
    endloop
  endfacet
  facet normal -0.555758 -0.831344 0
    outer loop
      vertex 20.7825 50.4133 3.5
      vertex 21 50.2679 4.5
      vertex 20.7825 50.4133 4.5
    endloop
  endfacet
  facet normal -0.555758 -0.831344 -0
    outer loop
      vertex 21 50.2679 4.5
      vertex 20.7825 50.4133 3.5
      vertex 21 50.2679 3.5
    endloop
  endfacet
  facet normal -0.89686 0.442314 0
    outer loop
      vertex 20.1522 52.7654 3.5
      vertex 20.2679 53 4.5
      vertex 20.2679 53 3.5
    endloop
  endfacet
  facet normal -0.89686 0.442314 0
    outer loop
      vertex 20.2679 53 4.5
      vertex 20.1522 52.7654 3.5
      vertex 20.1522 52.7654 4.5
    endloop
  endfacet
  facet normal -0.751842 -0.659343 0
    outer loop
      vertex 20.5858 50.5858 3.5
      vertex 20.4133 50.7825 4.5
      vertex 20.4133 50.7825 3.5
    endloop
  endfacet
  facet normal -0.751842 -0.659343 0
    outer loop
      vertex 20.4133 50.7825 4.5
      vertex 20.5858 50.5858 3.5
      vertex 20.5858 50.5858 4.5
    endloop
  endfacet
  facet normal -0.321382 -0.94695 0
    outer loop
      vertex 21.2346 50.1522 3.5
      vertex 21.4824 50.0681 4.5
      vertex 21.2346 50.1522 4.5
    endloop
  endfacet
  facet normal -0.321382 -0.94695 -0
    outer loop
      vertex 21.4824 50.0681 4.5
      vertex 21.2346 50.1522 3.5
      vertex 21.4824 50.0681 3.5
    endloop
  endfacet
  facet normal -0.659343 -0.751842 0
    outer loop
      vertex 20.5858 50.5858 3.5
      vertex 20.7825 50.4133 4.5
      vertex 20.5858 50.5858 4.5
    endloop
  endfacet
  facet normal -0.659343 -0.751842 -0
    outer loop
      vertex 20.7825 50.4133 4.5
      vertex 20.5858 50.5858 3.5
      vertex 20.7825 50.4133 3.5
    endloop
  endfacet
  facet normal -0.751842 0.659343 0
    outer loop
      vertex 20.4133 53.2175 3.5
      vertex 20.5858 53.4142 4.5
      vertex 20.5858 53.4142 3.5
    endloop
  endfacet
  facet normal -0.751842 0.659343 0
    outer loop
      vertex 20.5858 53.4142 4.5
      vertex 20.4133 53.2175 3.5
      vertex 20.4133 53.2175 4.5
    endloop
  endfacet
  facet normal -0.555494 0.831521 0
    outer loop
      vertex 21 53.732 3.5
      vertex 20.7825 53.5867 4.5
      vertex 21 53.732 4.5
    endloop
  endfacet
  facet normal -0.555494 0.831521 0
    outer loop
      vertex 20.7825 53.5867 4.5
      vertex 21 53.732 3.5
      vertex 20.7825 53.5867 3.5
    endloop
  endfacet
  facet normal 0.751842 -0.659343 0
    outer loop
      vertex 23.4142 50.5858 4.5
      vertex 23.5867 50.7825 3.5
      vertex 23.5867 50.7825 4.5
    endloop
  endfacet
  facet normal 0.751842 -0.659343 0
    outer loop
      vertex 23.5867 50.7825 3.5
      vertex 23.4142 50.5858 4.5
      vertex 23.4142 50.5858 3.5
    endloop
  endfacet
  facet normal -0.659343 0.751842 0
    outer loop
      vertex 20.7825 53.5867 3.5
      vertex 20.5858 53.4142 4.5
      vertex 20.7825 53.5867 4.5
    endloop
  endfacet
  facet normal -0.659343 0.751842 0
    outer loop
      vertex 20.5858 53.4142 4.5
      vertex 20.7825 53.5867 3.5
      vertex 20.5858 53.4142 3.5
    endloop
  endfacet
  facet normal 0.442621 0.896709 -0
    outer loop
      vertex 23 53.732 3.5
      vertex 22.7654 53.8478 4.5
      vertex 23 53.732 4.5
    endloop
  endfacet
  facet normal 0.442621 0.896709 0
    outer loop
      vertex 22.7654 53.8478 4.5
      vertex 23 53.732 3.5
      vertex 22.7654 53.8478 3.5
    endloop
  endfacet
  facet normal 0.94695 -0.321382 0
    outer loop
      vertex 23.8478 51.2346 4.5
      vertex 23.9319 51.4824 3.5
      vertex 23.9319 51.4824 4.5
    endloop
  endfacet
  facet normal 0.94695 -0.321382 0
    outer loop
      vertex 23.9319 51.4824 3.5
      vertex 23.8478 51.2346 4.5
      vertex 23.8478 51.2346 3.5
    endloop
  endfacet
  facet normal 0.659343 0.751842 -0
    outer loop
      vertex 23.4142 53.4142 3.5
      vertex 23.2175 53.5867 4.5
      vertex 23.4142 53.4142 4.5
    endloop
  endfacet
  facet normal 0.659343 0.751842 0
    outer loop
      vertex 23.2175 53.5867 4.5
      vertex 23.4142 53.4142 3.5
      vertex 23.2175 53.5867 3.5
    endloop
  endfacet
  facet normal 0.659343 -0.751842 0
    outer loop
      vertex 23.2175 50.4133 3.5
      vertex 23.4142 50.5858 4.5
      vertex 23.2175 50.4133 4.5
    endloop
  endfacet
  facet normal 0.659343 -0.751842 0
    outer loop
      vertex 23.4142 50.5858 4.5
      vertex 23.2175 50.4133 3.5
      vertex 23.4142 50.5858 3.5
    endloop
  endfacet
  facet normal 0.0653521 -0.997862 0
    outer loop
      vertex 22 50 3.5
      vertex 22.2611 50.0171 4.5
      vertex 22 50 4.5
    endloop
  endfacet
  facet normal 0.0653521 -0.997862 0
    outer loop
      vertex 22.2611 50.0171 4.5
      vertex 22 50 3.5
      vertex 22.2611 50.0171 3.5
    endloop
  endfacet
  facet normal 0.831521 -0.555494 0
    outer loop
      vertex 23.5867 50.7825 4.5
      vertex 23.732 51 3.5
      vertex 23.732 51 4.5
    endloop
  endfacet
  facet normal 0.831521 -0.555494 0
    outer loop
      vertex 23.732 51 3.5
      vertex 23.5867 50.7825 4.5
      vertex 23.5867 50.7825 3.5
    endloop
  endfacet
  facet normal -0.94695 0.321382 0
    outer loop
      vertex 20.0681 52.5176 3.5
      vertex 20.1522 52.7654 4.5
      vertex 20.1522 52.7654 3.5
    endloop
  endfacet
  facet normal -0.94695 0.321382 0
    outer loop
      vertex 20.1522 52.7654 4.5
      vertex 20.0681 52.5176 3.5
      vertex 20.0681 52.5176 4.5
    endloop
  endfacet
  facet normal -0.0653521 0.997862 0
    outer loop
      vertex 22 54 3.5
      vertex 21.7389 53.9829 4.5
      vertex 22 54 4.5
    endloop
  endfacet
  facet normal -0.0653521 0.997862 0
    outer loop
      vertex 21.7389 53.9829 4.5
      vertex 22 54 3.5
      vertex 21.7389 53.9829 3.5
    endloop
  endfacet
  facet normal -0.980801 -0.195013 0
    outer loop
      vertex 20.0681 51.4824 3.5
      vertex 20.0171 51.7389 4.5
      vertex 20.0171 51.7389 3.5
    endloop
  endfacet
  facet normal -0.980801 -0.195013 0
    outer loop
      vertex 20.0171 51.7389 4.5
      vertex 20.0681 51.4824 3.5
      vertex 20.0681 51.4824 4.5
    endloop
  endfacet
  facet normal -0.980801 0.195013 0
    outer loop
      vertex 20.0171 52.2611 3.5
      vertex 20.0681 52.5176 4.5
      vertex 20.0681 52.5176 3.5
    endloop
  endfacet
  facet normal -0.980801 0.195013 0
    outer loop
      vertex 20.0681 52.5176 4.5
      vertex 20.0171 52.2611 3.5
      vertex 20.0171 52.2611 4.5
    endloop
  endfacet
  facet normal 0.751842 0.659343 0
    outer loop
      vertex 23.5867 53.2175 4.5
      vertex 23.4142 53.4142 3.5
      vertex 23.4142 53.4142 4.5
    endloop
  endfacet
  facet normal 0.751842 0.659343 0
    outer loop
      vertex 23.4142 53.4142 3.5
      vertex 23.5867 53.2175 4.5
      vertex 23.5867 53.2175 3.5
    endloop
  endfacet
  facet normal 0.0653521 0.997862 -0
    outer loop
      vertex 22.2611 53.9829 3.5
      vertex 22 54 4.5
      vertex 22.2611 53.9829 4.5
    endloop
  endfacet
  facet normal 0.0653521 0.997862 0
    outer loop
      vertex 22 54 4.5
      vertex 22.2611 53.9829 3.5
      vertex 22 54 3.5
    endloop
  endfacet
  facet normal -0.94695 -0.321382 0
    outer loop
      vertex 20.1522 51.2346 3.5
      vertex 20.0681 51.4824 4.5
      vertex 20.0681 51.4824 3.5
    endloop
  endfacet
  facet normal -0.94695 -0.321382 0
    outer loop
      vertex 20.0681 51.4824 4.5
      vertex 20.1522 51.2346 3.5
      vertex 20.1522 51.2346 4.5
    endloop
  endfacet
  facet normal 0.831521 0.555494 0
    outer loop
      vertex 23.732 53 4.5
      vertex 23.5867 53.2175 3.5
      vertex 23.5867 53.2175 4.5
    endloop
  endfacet
  facet normal 0.831521 0.555494 0
    outer loop
      vertex 23.5867 53.2175 3.5
      vertex 23.732 53 4.5
      vertex 23.732 53 3.5
    endloop
  endfacet
  facet normal 0.555494 0.831521 -0
    outer loop
      vertex 23.2175 53.5867 3.5
      vertex 23 53.732 4.5
      vertex 23.2175 53.5867 4.5
    endloop
  endfacet
  facet normal 0.555494 0.831521 0
    outer loop
      vertex 23 53.732 4.5
      vertex 23.2175 53.5867 3.5
      vertex 23 53.732 3.5
    endloop
  endfacet
  facet normal -0.321382 0.94695 0
    outer loop
      vertex 21.4824 53.9319 3.5
      vertex 21.2346 53.8478 4.5
      vertex 21.4824 53.9319 4.5
    endloop
  endfacet
  facet normal -0.321382 0.94695 0
    outer loop
      vertex 21.2346 53.8478 4.5
      vertex 21.4824 53.9319 3.5
      vertex 21.2346 53.8478 3.5
    endloop
  endfacet
  facet normal 0.997862 -0.0653521 0
    outer loop
      vertex 23.9829 51.7389 4.5
      vertex 24 52 3.5
      vertex 24 52 4.5
    endloop
  endfacet
  facet normal 0.997862 -0.0653521 0
    outer loop
      vertex 24 52 3.5
      vertex 23.9829 51.7389 4.5
      vertex 23.9829 51.7389 3.5
    endloop
  endfacet
  facet normal -0.997862 0.0653521 0
    outer loop
      vertex 20 52 3.5
      vertex 20.0171 52.2611 4.5
      vertex 20.0171 52.2611 3.5
    endloop
  endfacet
  facet normal -0.997862 0.0653521 0
    outer loop
      vertex 20.0171 52.2611 4.5
      vertex 20 52 3.5
      vertex 20 52 4.5
    endloop
  endfacet
  facet normal 0.442314 -0.89686 0
    outer loop
      vertex 22.7654 50.1522 3.5
      vertex 23 50.2679 4.5
      vertex 22.7654 50.1522 4.5
    endloop
  endfacet
  facet normal 0.442314 -0.89686 0
    outer loop
      vertex 23 50.2679 4.5
      vertex 22.7654 50.1522 3.5
      vertex 23 50.2679 3.5
    endloop
  endfacet
  facet normal 0.896709 -0.442621 0
    outer loop
      vertex 23.732 51 4.5
      vertex 23.8478 51.2346 3.5
      vertex 23.8478 51.2346 4.5
    endloop
  endfacet
  facet normal 0.896709 -0.442621 0
    outer loop
      vertex 23.8478 51.2346 3.5
      vertex 23.732 51 4.5
      vertex 23.732 51 3.5
    endloop
  endfacet
  facet normal -0.195013 0.980801 0
    outer loop
      vertex 21.7389 53.9829 3.5
      vertex 21.4824 53.9319 4.5
      vertex 21.7389 53.9829 4.5
    endloop
  endfacet
  facet normal -0.195013 0.980801 0
    outer loop
      vertex 21.4824 53.9319 4.5
      vertex 21.7389 53.9829 3.5
      vertex 21.4824 53.9319 3.5
    endloop
  endfacet
  facet normal -0.442621 0.896709 0
    outer loop
      vertex 21.2346 53.8478 3.5
      vertex 21 53.732 4.5
      vertex 21.2346 53.8478 4.5
    endloop
  endfacet
  facet normal -0.442621 0.896709 0
    outer loop
      vertex 21 53.732 4.5
      vertex 21.2346 53.8478 3.5
      vertex 21 53.732 3.5
    endloop
  endfacet
  facet normal -0.831344 -0.555758 0
    outer loop
      vertex 20.4133 50.7825 3.5
      vertex 20.2679 51 4.5
      vertex 20.2679 51 3.5
    endloop
  endfacet
  facet normal -0.831344 -0.555758 0
    outer loop
      vertex 20.2679 51 4.5
      vertex 20.4133 50.7825 3.5
      vertex 20.4133 50.7825 4.5
    endloop
  endfacet
  facet normal 0.195013 0.980801 -0
    outer loop
      vertex 22.5176 53.9319 3.5
      vertex 22.2611 53.9829 4.5
      vertex 22.5176 53.9319 4.5
    endloop
  endfacet
  facet normal 0.195013 0.980801 0
    outer loop
      vertex 22.2611 53.9829 4.5
      vertex 22.5176 53.9319 3.5
      vertex 22.2611 53.9829 3.5
    endloop
  endfacet
  facet normal 0.555758 -0.831344 0
    outer loop
      vertex 23 50.2679 3.5
      vertex 23.2175 50.4133 4.5
      vertex 23 50.2679 4.5
    endloop
  endfacet
  facet normal 0.555758 -0.831344 0
    outer loop
      vertex 23.2175 50.4133 4.5
      vertex 23 50.2679 3.5
      vertex 23.2175 50.4133 3.5
    endloop
  endfacet
  facet normal 0.321382 0.94695 -0
    outer loop
      vertex 22.7654 53.8478 3.5
      vertex 22.5176 53.9319 4.5
      vertex 22.7654 53.8478 4.5
    endloop
  endfacet
  facet normal 0.321382 0.94695 0
    outer loop
      vertex 22.5176 53.9319 4.5
      vertex 22.7654 53.8478 3.5
      vertex 22.5176 53.9319 3.5
    endloop
  endfacet
  facet normal -0.89686 -0.442314 0
    outer loop
      vertex 20.2679 51 3.5
      vertex 20.1522 51.2346 4.5
      vertex 20.1522 51.2346 3.5
    endloop
  endfacet
  facet normal -0.89686 -0.442314 0
    outer loop
      vertex 20.1522 51.2346 4.5
      vertex 20.2679 51 3.5
      vertex 20.2679 51 4.5
    endloop
  endfacet
  facet normal -0.997862 -0.0653521 0
    outer loop
      vertex 20.0171 51.7389 3.5
      vertex 20 52 4.5
      vertex 20 52 3.5
    endloop
  endfacet
  facet normal -0.997862 -0.0653521 0
    outer loop
      vertex 20 52 4.5
      vertex 20.0171 51.7389 3.5
      vertex 20.0171 51.7389 4.5
    endloop
  endfacet
  facet normal 0.896709 0.442621 0
    outer loop
      vertex 23.8478 52.7654 4.5
      vertex 23.732 53 3.5
      vertex 23.732 53 4.5
    endloop
  endfacet
  facet normal 0.896709 0.442621 0
    outer loop
      vertex 23.732 53 3.5
      vertex 23.8478 52.7654 4.5
      vertex 23.8478 52.7654 3.5
    endloop
  endfacet
  facet normal -0.195013 -0.980801 0
    outer loop
      vertex 21.4824 50.0681 3.5
      vertex 21.7389 50.0171 4.5
      vertex 21.4824 50.0681 4.5
    endloop
  endfacet
  facet normal -0.195013 -0.980801 -0
    outer loop
      vertex 21.7389 50.0171 4.5
      vertex 21.4824 50.0681 3.5
      vertex 21.7389 50.0171 3.5
    endloop
  endfacet
  facet normal 0.94695 0.321382 0
    outer loop
      vertex 23.9319 52.5176 4.5
      vertex 23.8478 52.7654 3.5
      vertex 23.8478 52.7654 4.5
    endloop
  endfacet
  facet normal 0.94695 0.321382 0
    outer loop
      vertex 23.8478 52.7654 3.5
      vertex 23.9319 52.5176 4.5
      vertex 23.9319 52.5176 3.5
    endloop
  endfacet
  facet normal 0.321382 -0.94695 0
    outer loop
      vertex 22.5176 50.0681 3.5
      vertex 22.7654 50.1522 4.5
      vertex 22.5176 50.0681 4.5
    endloop
  endfacet
  facet normal 0.321382 -0.94695 0
    outer loop
      vertex 22.7654 50.1522 4.5
      vertex 22.5176 50.0681 3.5
      vertex 22.7654 50.1522 3.5
    endloop
  endfacet
  facet normal -0.831344 0.555758 0
    outer loop
      vertex 20.2679 53 3.5
      vertex 20.4133 53.2175 4.5
      vertex 20.4133 53.2175 3.5
    endloop
  endfacet
  facet normal -0.831344 0.555758 0
    outer loop
      vertex 20.4133 53.2175 4.5
      vertex 20.2679 53 3.5
      vertex 20.2679 53 4.5
    endloop
  endfacet
  facet normal -0.0653521 -0.997862 0
    outer loop
      vertex 21.7389 50.0171 3.5
      vertex 22 50 4.5
      vertex 21.7389 50.0171 4.5
    endloop
  endfacet
  facet normal -0.0653521 -0.997862 -0
    outer loop
      vertex 22 50 4.5
      vertex 21.7389 50.0171 3.5
      vertex 22 50 3.5
    endloop
  endfacet
  facet normal -0.442314 -0.89686 0
    outer loop
      vertex 21 50.2679 3.5
      vertex 21.2346 50.1522 4.5
      vertex 21 50.2679 4.5
    endloop
  endfacet
  facet normal -0.442314 -0.89686 -0
    outer loop
      vertex 21.2346 50.1522 4.5
      vertex 21 50.2679 3.5
      vertex 21.2346 50.1522 3.5
    endloop
  endfacet
  facet normal 0 0 1
    outer loop
      vertex 23.9829 52.2611 4.5
      vertex 23.9829 51.7389 4.5
      vertex 24 52 4.5
    endloop
  endfacet
  facet normal 0 0 1
    outer loop
      vertex 23.9319 52.5176 4.5
      vertex 23.9829 51.7389 4.5
      vertex 23.9829 52.2611 4.5
    endloop
  endfacet
  facet normal 0 0 1
    outer loop
      vertex 23.9319 52.5176 4.5
      vertex 23.9319 51.4824 4.5
      vertex 23.9829 51.7389 4.5
    endloop
  endfacet
  facet normal 0 0 1
    outer loop
      vertex 23.8478 52.7654 4.5
      vertex 23.9319 51.4824 4.5
      vertex 23.9319 52.5176 4.5
    endloop
  endfacet
  facet normal 0 0 1
    outer loop
      vertex 23.8478 52.7654 4.5
      vertex 23.8478 51.2346 4.5
      vertex 23.9319 51.4824 4.5
    endloop
  endfacet
  facet normal 0 0 1
    outer loop
      vertex 23.732 53 4.5
      vertex 23.8478 51.2346 4.5
      vertex 23.8478 52.7654 4.5
    endloop
  endfacet
  facet normal 0 0 1
    outer loop
      vertex 23.732 53 4.5
      vertex 23.732 51 4.5
      vertex 23.8478 51.2346 4.5
    endloop
  endfacet
  facet normal 0 0 1
    outer loop
      vertex 23.5867 53.2175 4.5
      vertex 23.732 51 4.5
      vertex 23.732 53 4.5
    endloop
  endfacet
  facet normal 0 0 1
    outer loop
      vertex 23.5867 53.2175 4.5
      vertex 23.5867 50.7825 4.5
      vertex 23.732 51 4.5
    endloop
  endfacet
  facet normal 0 0 1
    outer loop
      vertex 23.4142 53.4142 4.5
      vertex 23.5867 50.7825 4.5
      vertex 23.5867 53.2175 4.5
    endloop
  endfacet
  facet normal 0 0 1
    outer loop
      vertex 23.4142 53.4142 4.5
      vertex 23.4142 50.5858 4.5
      vertex 23.5867 50.7825 4.5
    endloop
  endfacet
  facet normal 0 0 1
    outer loop
      vertex 23.2175 53.5867 4.5
      vertex 23.4142 50.5858 4.5
      vertex 23.4142 53.4142 4.5
    endloop
  endfacet
  facet normal 0 0 1
    outer loop
      vertex 23.2175 53.5867 4.5
      vertex 23.2175 50.4133 4.5
      vertex 23.4142 50.5858 4.5
    endloop
  endfacet
  facet normal 0 0 1
    outer loop
      vertex 23 53.732 4.5
      vertex 23.2175 50.4133 4.5
      vertex 23.2175 53.5867 4.5
    endloop
  endfacet
  facet normal 0 0 1
    outer loop
      vertex 23 53.732 4.5
      vertex 23 50.2679 4.5
      vertex 23.2175 50.4133 4.5
    endloop
  endfacet
  facet normal 0 0 1
    outer loop
      vertex 22.7654 53.8478 4.5
      vertex 23 50.2679 4.5
      vertex 23 53.732 4.5
    endloop
  endfacet
  facet normal 0 0 1
    outer loop
      vertex 22.7654 53.8478 4.5
      vertex 22.7654 50.1522 4.5
      vertex 23 50.2679 4.5
    endloop
  endfacet
  facet normal 0 0 1
    outer loop
      vertex 22.5176 53.9319 4.5
      vertex 22.7654 50.1522 4.5
      vertex 22.7654 53.8478 4.5
    endloop
  endfacet
  facet normal 0 0 1
    outer loop
      vertex 22.5176 53.9319 4.5
      vertex 22.5176 50.0681 4.5
      vertex 22.7654 50.1522 4.5
    endloop
  endfacet
  facet normal 0 0 1
    outer loop
      vertex 22.2611 53.9829 4.5
      vertex 22.5176 50.0681 4.5
      vertex 22.5176 53.9319 4.5
    endloop
  endfacet
  facet normal 0 0 1
    outer loop
      vertex 22.2611 53.9829 4.5
      vertex 22.2611 50.0171 4.5
      vertex 22.5176 50.0681 4.5
    endloop
  endfacet
  facet normal 0 0 1
    outer loop
      vertex 22 54 4.5
      vertex 22.2611 50.0171 4.5
      vertex 22.2611 53.9829 4.5
    endloop
  endfacet
  facet normal 0 0 1
    outer loop
      vertex 22 54 4.5
      vertex 22 50 4.5
      vertex 22.2611 50.0171 4.5
    endloop
  endfacet
  facet normal -0 0 1
    outer loop
      vertex 21.7389 53.9829 4.5
      vertex 22 50 4.5
      vertex 22 54 4.5
    endloop
  endfacet
  facet normal 0 0 1
    outer loop
      vertex 21.7389 53.9829 4.5
      vertex 21.7389 50.0171 4.5
      vertex 22 50 4.5
    endloop
  endfacet
  facet normal -0 0 1
    outer loop
      vertex 21.4824 53.9319 4.5
      vertex 21.7389 50.0171 4.5
      vertex 21.7389 53.9829 4.5
    endloop
  endfacet
  facet normal 0 0 1
    outer loop
      vertex 21.4824 53.9319 4.5
      vertex 21.4824 50.0681 4.5
      vertex 21.7389 50.0171 4.5
    endloop
  endfacet
  facet normal -0 0 1
    outer loop
      vertex 21.2346 53.8478 4.5
      vertex 21.4824 50.0681 4.5
      vertex 21.4824 53.9319 4.5
    endloop
  endfacet
  facet normal 0 0 1
    outer loop
      vertex 21.2346 53.8478 4.5
      vertex 21.2346 50.1522 4.5
      vertex 21.4824 50.0681 4.5
    endloop
  endfacet
  facet normal -0 0 1
    outer loop
      vertex 21 53.732 4.5
      vertex 21.2346 50.1522 4.5
      vertex 21.2346 53.8478 4.5
    endloop
  endfacet
  facet normal 0 0 1
    outer loop
      vertex 21 53.732 4.5
      vertex 21 50.2679 4.5
      vertex 21.2346 50.1522 4.5
    endloop
  endfacet
  facet normal -0 0 1
    outer loop
      vertex 20.7825 53.5867 4.5
      vertex 21 50.2679 4.5
      vertex 21 53.732 4.5
    endloop
  endfacet
  facet normal 0 0 1
    outer loop
      vertex 20.7825 53.5867 4.5
      vertex 20.7825 50.4133 4.5
      vertex 21 50.2679 4.5
    endloop
  endfacet
  facet normal -0 0 1
    outer loop
      vertex 20.5858 53.4142 4.5
      vertex 20.7825 50.4133 4.5
      vertex 20.7825 53.5867 4.5
    endloop
  endfacet
  facet normal 0 0 1
    outer loop
      vertex 20.5858 53.4142 4.5
      vertex 20.5858 50.5858 4.5
      vertex 20.7825 50.4133 4.5
    endloop
  endfacet
  facet normal -0 0 1
    outer loop
      vertex 20.4133 53.2175 4.5
      vertex 20.5858 50.5858 4.5
      vertex 20.5858 53.4142 4.5
    endloop
  endfacet
  facet normal 0 0 1
    outer loop
      vertex 20.4133 53.2175 4.5
      vertex 20.4133 50.7825 4.5
      vertex 20.5858 50.5858 4.5
    endloop
  endfacet
  facet normal -0 0 1
    outer loop
      vertex 20.2679 53 4.5
      vertex 20.4133 50.7825 4.5
      vertex 20.4133 53.2175 4.5
    endloop
  endfacet
  facet normal 0 0 1
    outer loop
      vertex 20.2679 53 4.5
      vertex 20.2679 51 4.5
      vertex 20.4133 50.7825 4.5
    endloop
  endfacet
  facet normal -0 0 1
    outer loop
      vertex 20.1522 52.7654 4.5
      vertex 20.2679 51 4.5
      vertex 20.2679 53 4.5
    endloop
  endfacet
  facet normal 0 0 1
    outer loop
      vertex 20.1522 52.7654 4.5
      vertex 20.1522 51.2346 4.5
      vertex 20.2679 51 4.5
    endloop
  endfacet
  facet normal -0 0 1
    outer loop
      vertex 20.0681 52.5176 4.5
      vertex 20.1522 51.2346 4.5
      vertex 20.1522 52.7654 4.5
    endloop
  endfacet
  facet normal 0 0 1
    outer loop
      vertex 20.0681 52.5176 4.5
      vertex 20.0681 51.4824 4.5
      vertex 20.1522 51.2346 4.5
    endloop
  endfacet
  facet normal -0 0 1
    outer loop
      vertex 20.0171 52.2611 4.5
      vertex 20.0681 51.4824 4.5
      vertex 20.0681 52.5176 4.5
    endloop
  endfacet
  facet normal 0 0 1
    outer loop
      vertex 20.0171 52.2611 4.5
      vertex 20.0171 51.7389 4.5
      vertex 20.0681 51.4824 4.5
    endloop
  endfacet
  facet normal 0 -0 1
    outer loop
      vertex 20.0171 51.7389 4.5
      vertex 20.0171 52.2611 4.5
      vertex 20 52 4.5
    endloop
  endfacet
endsolid OpenSCAD_Model
