solid OpenSCAD_Model
  facet normal -0.0654873 -0.997853 0
    outer loop
      vertex -36.3916 -17.9743 0
      vertex -36 -18 2
      vertex -36.3916 -17.9743 2
    endloop
  endfacet
  facet normal -0.0654873 -0.997853 -0
    outer loop
      vertex -36 -18 2
      vertex -36.3916 -17.9743 0
      vertex -36 -18 0
    endloop
  endfacet
  facet normal 0.321574 -0.946885 0
    outer loop
      vertex 36.7765 -17.8978 0
      vertex 37.1481 -17.7716 2
      vertex 36.7765 -17.8978 2
    endloop
  endfacet
  facet normal 0.321574 -0.946885 0
    outer loop
      vertex 37.1481 -17.7716 2
      vertex 36.7765 -17.8978 0
      vertex 37.1481 -17.7716 0
    endloop
  endfacet
  facet normal 0 -1 0
    outer loop
      vertex -36 -18 0
      vertex 36 -18 2
      vertex -36 -18 2
    endloop
  endfacet
  facet normal 0 -1 -0
    outer loop
      vertex 36 -18 2
      vertex -36 -18 0
      vertex 36 -18 0
    endloop
  endfacet
  facet normal 0.19494 -0.980815 0
    outer loop
      vertex 36.3916 -17.9743 0
      vertex 36.7765 -17.8978 2
      vertex 36.3916 -17.9743 2
    endloop
  endfacet
  facet normal 0.19494 -0.980815 0
    outer loop
      vertex 36.7765 -17.8978 2
      vertex 36.3916 -17.9743 0
      vertex 36.7765 -17.8978 0
    endloop
  endfacet
  facet normal -0.19494 -0.980815 0
    outer loop
      vertex -36.7765 -17.8978 0
      vertex -36.3916 -17.9743 2
      vertex -36.7765 -17.8978 2
    endloop
  endfacet
  facet normal -0.19494 -0.980815 -0
    outer loop
      vertex -36.3916 -17.9743 2
      vertex -36.7765 -17.8978 0
      vertex -36.3916 -17.9743 0
    endloop
  endfacet
  facet normal -0.659478 0.751724 0
    outer loop
      vertex -37.8263 17.3801 0
      vertex -38.1213 17.1213 2
      vertex -37.8263 17.3801 2
    endloop
  endfacet
  facet normal -0.659478 0.751724 0
    outer loop
      vertex -38.1213 17.1213 2
      vertex -37.8263 17.3801 0
      vertex -38.1213 17.1213 0
    endloop
  endfacet
  facet normal 0.0654873 -0.997853 0
    outer loop
      vertex 36 -18 0
      vertex 36.3916 -17.9743 2
      vertex 36 -18 2
    endloop
  endfacet
  facet normal 0.0654873 -0.997853 0
    outer loop
      vertex 36.3916 -17.9743 2
      vertex 36 -18 0
      vertex 36.3916 -17.9743 0
    endloop
  endfacet
  facet normal 0.321574 0.946885 -0
    outer loop
      vertex 37.1481 17.7716 0
      vertex 36.7765 17.8978 2
      vertex 37.1481 17.7716 2
    endloop
  endfacet
  facet normal 0.321574 0.946885 0
    outer loop
      vertex 36.7765 17.8978 2
      vertex 37.1481 17.7716 0
      vertex 36.7765 17.8978 0
    endloop
  endfacet
  facet normal 0.946885 0.321574 0
    outer loop
      vertex 38.8978 15.7765 2
      vertex 38.7716 16.1481 0
      vertex 38.7716 16.1481 2
    endloop
  endfacet
  facet normal 0.946885 0.321574 0
    outer loop
      vertex 38.7716 16.1481 0
      vertex 38.8978 15.7765 2
      vertex 38.8978 15.7765 0
    endloop
  endfacet
  facet normal -0.0654873 0.997853 0
    outer loop
      vertex -36 18 0
      vertex -36.3916 17.9743 2
      vertex -36 18 2
    endloop
  endfacet
  facet normal -0.0654873 0.997853 0
    outer loop
      vertex -36.3916 17.9743 2
      vertex -36 18 0
      vertex -36.3916 17.9743 0
    endloop
  endfacet
  facet normal -1 0 0
    outer loop
      vertex -39 -15 0
      vertex -39 15 2
      vertex -39 15 0
    endloop
  endfacet
  facet normal -1 -0 0
    outer loop
      vertex -39 15 2
      vertex -39 -15 0
      vertex -39 -15 2
    endloop
  endfacet
  facet normal -0.321574 0.946885 0
    outer loop
      vertex -36.7765 17.8978 0
      vertex -37.1481 17.7716 2
      vertex -36.7765 17.8978 2
    endloop
  endfacet
  facet normal -0.321574 0.946885 0
    outer loop
      vertex -37.1481 17.7716 2
      vertex -36.7765 17.8978 0
      vertex -37.1481 17.7716 0
    endloop
  endfacet
  facet normal 0.555523 0.831501 -0
    outer loop
      vertex 37.8263 17.3801 0
      vertex 37.5 17.5981 2
      vertex 37.8263 17.3801 2
    endloop
  endfacet
  facet normal 0.555523 0.831501 0
    outer loop
      vertex 37.5 17.5981 2
      vertex 37.8263 17.3801 0
      vertex 37.5 17.5981 0
    endloop
  endfacet
  facet normal 0 0 1
    outer loop
      vertex 36.5978 14.5154 2
      vertex 39 15 2
      vertex 38.9743 15.3916 2
    endloop
  endfacet
  facet normal 0 0 1
    outer loop
      vertex 39 15 2
      vertex 36.75 13.75 2
      vertex 39 -15 2
    endloop
  endfacet
  facet normal 0 0 1
    outer loop
      vertex 36.4821 14.75 2
      vertex 38.9743 15.3916 2
      vertex 38.8978 15.7765 2
    endloop
  endfacet
  facet normal -0 0 1
    outer loop
      vertex 36.75 -13.75 2
      vertex 39 -15 2
      vertex 36.75 13.75 2
    endloop
  endfacet
  facet normal 0 0 1
    outer loop
      vertex 36.4821 14.75 2
      vertex 38.8978 15.7765 2
      vertex 38.7716 16.1481 2
    endloop
  endfacet
  facet normal -0 0 1
    outer loop
      vertex 36.7329 -14.011 2
      vertex 39 -15 2
      vertex 36.75 -13.75 2
    endloop
  endfacet
  facet normal 0 0 1
    outer loop
      vertex 36.3367 14.9675 2
      vertex 38.7716 16.1481 2
      vertex 38.5981 16.5 2
    endloop
  endfacet
  facet normal -0 0 1
    outer loop
      vertex 36.6819 -14.2676 2
      vertex 39 -15 2
      vertex 36.7329 -14.011 2
    endloop
  endfacet
  facet normal 0 0 1
    outer loop
      vertex 36.3367 14.9675 2
      vertex 38.5981 16.5 2
      vertex 38.3801 16.8263 2
    endloop
  endfacet
  facet normal -0 0 1
    outer loop
      vertex 36.5978 -14.5154 2
      vertex 39 -15 2
      vertex 36.6819 -14.2676 2
    endloop
  endfacet
  facet normal 0 0 1
    outer loop
      vertex 36.1642 15.1642 2
      vertex 38.3801 16.8263 2
      vertex 38.1213 17.1213 2
    endloop
  endfacet
  facet normal 0 0 1
    outer loop
      vertex 39 -15 2
      vertex 36.5978 -14.5154 2
      vertex 38.9743 -15.3916 2
    endloop
  endfacet
  facet normal 0 0 1
    outer loop
      vertex 36.1642 15.1642 2
      vertex 38.1213 17.1213 2
      vertex 37.8263 17.3801 2
    endloop
  endfacet
  facet normal -0 0 1
    outer loop
      vertex 36.4821 -14.75 2
      vertex 38.9743 -15.3916 2
      vertex 36.5978 -14.5154 2
    endloop
  endfacet
  facet normal 0 0 1
    outer loop
      vertex 35.9675 15.3367 2
      vertex 37.8263 17.3801 2
      vertex 37.5 17.5981 2
    endloop
  endfacet
  facet normal 0 0 1
    outer loop
      vertex 38.9743 -15.3916 2
      vertex 36.4821 -14.75 2
      vertex 38.8978 -15.7765 2
    endloop
  endfacet
  facet normal 0 0 1
    outer loop
      vertex 35.9675 15.3367 2
      vertex 37.5 17.5981 2
      vertex 37.1481 17.7716 2
    endloop
  endfacet
  facet normal 0 0 1
    outer loop
      vertex 38.8978 -15.7765 2
      vertex 36.4821 -14.75 2
      vertex 38.7716 -16.1481 2
    endloop
  endfacet
  facet normal 0 0 1
    outer loop
      vertex 35.75 15.4821 2
      vertex 37.1481 17.7716 2
      vertex 36.7765 17.8978 2
    endloop
  endfacet
  facet normal -0 0 1
    outer loop
      vertex 36.3367 -14.9675 2
      vertex 38.7716 -16.1481 2
      vertex 36.4821 -14.75 2
    endloop
  endfacet
  facet normal 0 0 1
    outer loop
      vertex 38.7716 -16.1481 2
      vertex 36.3367 -14.9675 2
      vertex 38.5981 -16.5 2
    endloop
  endfacet
  facet normal 0 0 1
    outer loop
      vertex 39 15 2
      vertex 36.7329 14.011 2
      vertex 36.75 13.75 2
    endloop
  endfacet
  facet normal 0 0 1
    outer loop
      vertex 39 15 2
      vertex 36.6819 14.2676 2
      vertex 36.7329 14.011 2
    endloop
  endfacet
  facet normal 0 0 1
    outer loop
      vertex 39 15 2
      vertex 36.5978 14.5154 2
      vertex 36.6819 14.2676 2
    endloop
  endfacet
  facet normal 0 0 1
    outer loop
      vertex 38.9743 15.3916 2
      vertex 36.4821 14.75 2
      vertex 36.5978 14.5154 2
    endloop
  endfacet
  facet normal 0 0 1
    outer loop
      vertex 35.75 15.4821 2
      vertex 36.7765 17.8978 2
      vertex 36.3916 17.9743 2
    endloop
  endfacet
  facet normal 0 0 1
    outer loop
      vertex 38.7716 16.1481 2
      vertex 36.3367 14.9675 2
      vertex 36.4821 14.75 2
    endloop
  endfacet
  facet normal 0 0 1
    outer loop
      vertex 38.3801 16.8263 2
      vertex 36.1642 15.1642 2
      vertex 36.3367 14.9675 2
    endloop
  endfacet
  facet normal 0 0 1
    outer loop
      vertex 35.5154 15.5978 2
      vertex 36.3916 17.9743 2
      vertex 36 18 2
    endloop
  endfacet
  facet normal 0 0 1
    outer loop
      vertex 37.8263 17.3801 2
      vertex 35.9675 15.3367 2
      vertex 36.1642 15.1642 2
    endloop
  endfacet
  facet normal 0 0 1
    outer loop
      vertex 37.1481 17.7716 2
      vertex 35.75 15.4821 2
      vertex 35.9675 15.3367 2
    endloop
  endfacet
  facet normal 0 0 1
    outer loop
      vertex 36.3916 17.9743 2
      vertex 35.5154 15.5978 2
      vertex 35.75 15.4821 2
    endloop
  endfacet
  facet normal 0 0 1
    outer loop
      vertex 36 18 2
      vertex 35.2676 15.6819 2
      vertex 35.5154 15.5978 2
    endloop
  endfacet
  facet normal 0 0 1
    outer loop
      vertex 36 18 2
      vertex 35.011 15.7329 2
      vertex 35.2676 15.6819 2
    endloop
  endfacet
  facet normal 0 0 1
    outer loop
      vertex 36 18 2
      vertex 34.75 15.75 2
      vertex 35.011 15.7329 2
    endloop
  endfacet
  facet normal 0 0 1
    outer loop
      vertex 36 18 2
      vertex -34.75 15.75 2
      vertex 34.75 15.75 2
    endloop
  endfacet
  facet normal -0 0 1
    outer loop
      vertex -36 18 2
      vertex -34.75 15.75 2
      vertex 36 18 2
    endloop
  endfacet
  facet normal 0 0 1
    outer loop
      vertex -36 18 2
      vertex -35.011 15.7329 2
      vertex -34.75 15.75 2
    endloop
  endfacet
  facet normal 0 0 1
    outer loop
      vertex -36 18 2
      vertex -35.2676 15.6819 2
      vertex -35.011 15.7329 2
    endloop
  endfacet
  facet normal 0 0 1
    outer loop
      vertex -36 18 2
      vertex -35.5154 15.5978 2
      vertex -35.2676 15.6819 2
    endloop
  endfacet
  facet normal -0 0 1
    outer loop
      vertex -36.3916 17.9743 2
      vertex -35.5154 15.5978 2
      vertex -36 18 2
    endloop
  endfacet
  facet normal 0 0 1
    outer loop
      vertex -35.5154 15.5978 2
      vertex -36.3916 17.9743 2
      vertex -35.75 15.4821 2
    endloop
  endfacet
  facet normal -0 0 1
    outer loop
      vertex -36.7765 17.8978 2
      vertex -35.75 15.4821 2
      vertex -36.3916 17.9743 2
    endloop
  endfacet
  facet normal -0 0 1
    outer loop
      vertex -37.1481 17.7716 2
      vertex -35.75 15.4821 2
      vertex -36.7765 17.8978 2
    endloop
  endfacet
  facet normal 0 0 1
    outer loop
      vertex -35.75 15.4821 2
      vertex -37.1481 17.7716 2
      vertex -35.9675 15.3367 2
    endloop
  endfacet
  facet normal -0 0 1
    outer loop
      vertex -37.5 17.5981 2
      vertex -35.9675 15.3367 2
      vertex -37.1481 17.7716 2
    endloop
  endfacet
  facet normal -0 0 1
    outer loop
      vertex -37.8263 17.3801 2
      vertex -35.9675 15.3367 2
      vertex -37.5 17.5981 2
    endloop
  endfacet
  facet normal 0 0 1
    outer loop
      vertex -35.9675 15.3367 2
      vertex -37.8263 17.3801 2
      vertex -36.1642 15.1642 2
    endloop
  endfacet
  facet normal -0 0 1
    outer loop
      vertex -38.1213 17.1213 2
      vertex -36.1642 15.1642 2
      vertex -37.8263 17.3801 2
    endloop
  endfacet
  facet normal -0 0 1
    outer loop
      vertex -38.5981 16.5 2
      vertex -36.3367 14.9675 2
      vertex -38.3801 16.8263 2
    endloop
  endfacet
  facet normal 0 0 1
    outer loop
      vertex -36.1642 15.1642 2
      vertex -38.3801 16.8263 2
      vertex -36.3367 14.9675 2
    endloop
  endfacet
  facet normal -0 0 1
    outer loop
      vertex -38.3801 16.8263 2
      vertex -36.1642 15.1642 2
      vertex -38.1213 17.1213 2
    endloop
  endfacet
  facet normal 0 0 1
    outer loop
      vertex 38.5981 -16.5 2
      vertex 36.3367 -14.9675 2
      vertex 38.3801 -16.8263 2
    endloop
  endfacet
  facet normal -0 0 1
    outer loop
      vertex 36.1642 -15.1642 2
      vertex 38.3801 -16.8263 2
      vertex 36.3367 -14.9675 2
    endloop
  endfacet
  facet normal 0 0 1
    outer loop
      vertex 38.3801 -16.8263 2
      vertex 36.1642 -15.1642 2
      vertex 38.1213 -17.1213 2
    endloop
  endfacet
  facet normal 0 0 1
    outer loop
      vertex 38.1213 -17.1213 2
      vertex 36.1642 -15.1642 2
      vertex 37.8263 -17.3801 2
    endloop
  endfacet
  facet normal -0 0 1
    outer loop
      vertex 35.9675 -15.3367 2
      vertex 37.8263 -17.3801 2
      vertex 36.1642 -15.1642 2
    endloop
  endfacet
  facet normal 0 0 1
    outer loop
      vertex 37.8263 -17.3801 2
      vertex 35.9675 -15.3367 2
      vertex 37.5 -17.5981 2
    endloop
  endfacet
  facet normal 0 0 1
    outer loop
      vertex 37.5 -17.5981 2
      vertex 35.9675 -15.3367 2
      vertex 37.1481 -17.7716 2
    endloop
  endfacet
  facet normal -0 0 1
    outer loop
      vertex 35.75 -15.4821 2
      vertex 37.1481 -17.7716 2
      vertex 35.9675 -15.3367 2
    endloop
  endfacet
  facet normal 0 0 1
    outer loop
      vertex 37.1481 -17.7716 2
      vertex 35.75 -15.4821 2
      vertex 36.7765 -17.8978 2
    endloop
  endfacet
  facet normal 0 0 1
    outer loop
      vertex 36.7765 -17.8978 2
      vertex 35.75 -15.4821 2
      vertex 36.3916 -17.9743 2
    endloop
  endfacet
  facet normal -0 0 1
    outer loop
      vertex 35.5154 -15.5978 2
      vertex 36.3916 -17.9743 2
      vertex 35.75 -15.4821 2
    endloop
  endfacet
  facet normal 0 0 1
    outer loop
      vertex 36.3916 -17.9743 2
      vertex 35.5154 -15.5978 2
      vertex 36 -18 2
    endloop
  endfacet
  facet normal -0 0 1
    outer loop
      vertex 35.2676 -15.6819 2
      vertex 36 -18 2
      vertex 35.5154 -15.5978 2
    endloop
  endfacet
  facet normal -0 0 1
    outer loop
      vertex 35.011 -15.7329 2
      vertex 36 -18 2
      vertex 35.2676 -15.6819 2
    endloop
  endfacet
  facet normal -0 0 1
    outer loop
      vertex 34.75 -15.75 2
      vertex 36 -18 2
      vertex 35.011 -15.7329 2
    endloop
  endfacet
  facet normal -0 0 1
    outer loop
      vertex -34.75 -15.75 2
      vertex 36 -18 2
      vertex 34.75 -15.75 2
    endloop
  endfacet
  facet normal 0 0 1
    outer loop
      vertex -34.75 -15.75 2
      vertex -36 -18 2
      vertex 36 -18 2
    endloop
  endfacet
  facet normal 0 0 1
    outer loop
      vertex -35.011 -15.7329 2
      vertex -36 -18 2
      vertex -34.75 -15.75 2
    endloop
  endfacet
  facet normal 0 0 1
    outer loop
      vertex -35.2676 -15.6819 2
      vertex -36 -18 2
      vertex -35.011 -15.7329 2
    endloop
  endfacet
  facet normal 0 0 1
    outer loop
      vertex -35.5154 -15.5978 2
      vertex -36 -18 2
      vertex -35.2676 -15.6819 2
    endloop
  endfacet
  facet normal 0 0 1
    outer loop
      vertex -36.3916 -17.9743 2
      vertex -35.5154 -15.5978 2
      vertex -35.75 -15.4821 2
    endloop
  endfacet
  facet normal 0 0 1
    outer loop
      vertex -37.1481 -17.7716 2
      vertex -35.75 -15.4821 2
      vertex -35.9675 -15.3367 2
    endloop
  endfacet
  facet normal 0 0 1
    outer loop
      vertex -37.8263 -17.3801 2
      vertex -35.9675 -15.3367 2
      vertex -36.1642 -15.1642 2
    endloop
  endfacet
  facet normal 0 0 1
    outer loop
      vertex -38.3801 -16.8263 2
      vertex -36.1642 -15.1642 2
      vertex -36.3367 -14.9675 2
    endloop
  endfacet
  facet normal 0 0 1
    outer loop
      vertex -35.5154 -15.5978 2
      vertex -36.3916 -17.9743 2
      vertex -36 -18 2
    endloop
  endfacet
  facet normal 0 0 1
    outer loop
      vertex -38.7716 -16.1481 2
      vertex -36.3367 -14.9675 2
      vertex -36.4821 -14.75 2
    endloop
  endfacet
  facet normal 0 0 1
    outer loop
      vertex -38.9743 -15.3916 2
      vertex -36.4821 -14.75 2
      vertex -36.5978 -14.5154 2
    endloop
  endfacet
  facet normal 0 0 1
    outer loop
      vertex -39 -15 2
      vertex -36.5978 -14.5154 2
      vertex -36.6819 -14.2676 2
    endloop
  endfacet
  facet normal 0 0 1
    outer loop
      vertex -39 -15 2
      vertex -36.6819 -14.2676 2
      vertex -36.7329 -14.011 2
    endloop
  endfacet
  facet normal 0 0 1
    outer loop
      vertex -35.75 -15.4821 2
      vertex -36.7765 -17.8978 2
      vertex -36.3916 -17.9743 2
    endloop
  endfacet
  facet normal 0 0 1
    outer loop
      vertex -39 -15 2
      vertex -36.7329 -14.011 2
      vertex -36.75 -13.75 2
    endloop
  endfacet
  facet normal 0 0 1
    outer loop
      vertex -36.75 13.75 2
      vertex -39 15 2
      vertex -36.75 -13.75 2
    endloop
  endfacet
  facet normal -0 0 1
    outer loop
      vertex -38.7716 16.1481 2
      vertex -36.3367 14.9675 2
      vertex -38.5981 16.5 2
    endloop
  endfacet
  facet normal 0 0 1
    outer loop
      vertex -39 -15 2
      vertex -36.75 -13.75 2
      vertex -39 15 2
    endloop
  endfacet
  facet normal 0 0 1
    outer loop
      vertex -36.3367 14.9675 2
      vertex -38.7716 16.1481 2
      vertex -36.4821 14.75 2
    endloop
  endfacet
  facet normal 0 0 1
    outer loop
      vertex -36.5978 -14.5154 2
      vertex -39 -15 2
      vertex -38.9743 -15.3916 2
    endloop
  endfacet
  facet normal -0 0 1
    outer loop
      vertex -38.8978 15.7765 2
      vertex -36.4821 14.75 2
      vertex -38.7716 16.1481 2
    endloop
  endfacet
  facet normal 0 0 1
    outer loop
      vertex -35.75 -15.4821 2
      vertex -37.1481 -17.7716 2
      vertex -36.7765 -17.8978 2
    endloop
  endfacet
  facet normal -0 0 1
    outer loop
      vertex -38.9743 15.3916 2
      vertex -36.4821 14.75 2
      vertex -38.8978 15.7765 2
    endloop
  endfacet
  facet normal 0 0 1
    outer loop
      vertex -35.9675 -15.3367 2
      vertex -37.5 -17.5981 2
      vertex -37.1481 -17.7716 2
    endloop
  endfacet
  facet normal 0 0 1
    outer loop
      vertex -36.4821 14.75 2
      vertex -38.9743 15.3916 2
      vertex -36.5978 14.5154 2
    endloop
  endfacet
  facet normal 0 0 1
    outer loop
      vertex -35.9675 -15.3367 2
      vertex -37.8263 -17.3801 2
      vertex -37.5 -17.5981 2
    endloop
  endfacet
  facet normal -0 0 1
    outer loop
      vertex -39 15 2
      vertex -36.5978 14.5154 2
      vertex -38.9743 15.3916 2
    endloop
  endfacet
  facet normal 0 0 1
    outer loop
      vertex -36.1642 -15.1642 2
      vertex -38.1213 -17.1213 2
      vertex -37.8263 -17.3801 2
    endloop
  endfacet
  facet normal 0 0 1
    outer loop
      vertex -36.5978 14.5154 2
      vertex -39 15 2
      vertex -36.6819 14.2676 2
    endloop
  endfacet
  facet normal 0 0 1
    outer loop
      vertex -36.1642 -15.1642 2
      vertex -38.3801 -16.8263 2
      vertex -38.1213 -17.1213 2
    endloop
  endfacet
  facet normal 0 0 1
    outer loop
      vertex -36.6819 14.2676 2
      vertex -39 15 2
      vertex -36.7329 14.011 2
    endloop
  endfacet
  facet normal 0 0 1
    outer loop
      vertex -36.3367 -14.9675 2
      vertex -38.5981 -16.5 2
      vertex -38.3801 -16.8263 2
    endloop
  endfacet
  facet normal 0 0 1
    outer loop
      vertex -36.7329 14.011 2
      vertex -39 15 2
      vertex -36.75 13.75 2
    endloop
  endfacet
  facet normal 0 0 1
    outer loop
      vertex -36.3367 -14.9675 2
      vertex -38.7716 -16.1481 2
      vertex -38.5981 -16.5 2
    endloop
  endfacet
  facet normal 0 0 1
    outer loop
      vertex -36.4821 -14.75 2
      vertex -38.8978 -15.7765 2
      vertex -38.7716 -16.1481 2
    endloop
  endfacet
  facet normal 0 0 1
    outer loop
      vertex -36.4821 -14.75 2
      vertex -38.9743 -15.3916 2
      vertex -38.8978 -15.7765 2
    endloop
  endfacet
  facet normal 0 1 -0
    outer loop
      vertex 36 18 0
      vertex -36 18 2
      vertex 36 18 2
    endloop
  endfacet
  facet normal 0 1 0
    outer loop
      vertex -36 18 2
      vertex 36 18 0
      vertex -36 18 0
    endloop
  endfacet
  facet normal 0.659478 -0.751724 0
    outer loop
      vertex 37.8263 -17.3801 0
      vertex 38.1213 -17.1213 2
      vertex 37.8263 -17.3801 2
    endloop
  endfacet
  facet normal 0.659478 -0.751724 0
    outer loop
      vertex 38.1213 -17.1213 2
      vertex 37.8263 -17.3801 0
      vertex 38.1213 -17.1213 0
    endloop
  endfacet
  facet normal -0.321574 -0.946885 0
    outer loop
      vertex -37.1481 -17.7716 0
      vertex -36.7765 -17.8978 2
      vertex -37.1481 -17.7716 2
    endloop
  endfacet
  facet normal -0.321574 -0.946885 -0
    outer loop
      vertex -36.7765 -17.8978 2
      vertex -37.1481 -17.7716 0
      vertex -36.7765 -17.8978 0
    endloop
  endfacet
  facet normal -0.946885 0.321574 0
    outer loop
      vertex -38.8978 15.7765 0
      vertex -38.7716 16.1481 2
      vertex -38.7716 16.1481 0
    endloop
  endfacet
  facet normal -0.946885 0.321574 0
    outer loop
      vertex -38.7716 16.1481 2
      vertex -38.8978 15.7765 0
      vertex -38.8978 15.7765 2
    endloop
  endfacet
  facet normal -0.896911 0.442211 0
    outer loop
      vertex -38.7716 16.1481 0
      vertex -38.5981 16.5 2
      vertex -38.5981 16.5 0
    endloop
  endfacet
  facet normal -0.896911 0.442211 0
    outer loop
      vertex -38.5981 16.5 2
      vertex -38.7716 16.1481 0
      vertex -38.7716 16.1481 2
    endloop
  endfacet
  facet normal 1 -0 0
    outer loop
      vertex 39 -15 2
      vertex 39 15 0
      vertex 39 15 2
    endloop
  endfacet
  facet normal 1 0 0
    outer loop
      vertex 39 15 0
      vertex 39 -15 2
      vertex 39 -15 0
    endloop
  endfacet
  facet normal -0.442211 0.896911 0
    outer loop
      vertex -37.1481 17.7716 0
      vertex -37.5 17.5981 2
      vertex -37.1481 17.7716 2
    endloop
  endfacet
  facet normal -0.442211 0.896911 0
    outer loop
      vertex -37.5 17.5981 2
      vertex -37.1481 17.7716 0
      vertex -37.5 17.5981 0
    endloop
  endfacet
  facet normal 0.831501 -0.555523 0
    outer loop
      vertex 38.3801 -16.8263 2
      vertex 38.5981 -16.5 0
      vertex 38.5981 -16.5 2
    endloop
  endfacet
  facet normal 0.831501 -0.555523 0
    outer loop
      vertex 38.5981 -16.5 0
      vertex 38.3801 -16.8263 2
      vertex 38.3801 -16.8263 0
    endloop
  endfacet
  facet normal 0.19494 0.980815 -0
    outer loop
      vertex 36.7765 17.8978 0
      vertex 36.3916 17.9743 2
      vertex 36.7765 17.8978 2
    endloop
  endfacet
  facet normal 0.19494 0.980815 0
    outer loop
      vertex 36.3916 17.9743 2
      vertex 36.7765 17.8978 0
      vertex 36.3916 17.9743 0
    endloop
  endfacet
  facet normal 0.751724 -0.659478 0
    outer loop
      vertex 38.1213 -17.1213 2
      vertex 38.3801 -16.8263 0
      vertex 38.3801 -16.8263 2
    endloop
  endfacet
  facet normal 0.751724 -0.659478 0
    outer loop
      vertex 38.3801 -16.8263 0
      vertex 38.1213 -17.1213 2
      vertex 38.1213 -17.1213 0
    endloop
  endfacet
  facet normal -0.19494 0.980815 0
    outer loop
      vertex -36.3916 17.9743 0
      vertex -36.7765 17.8978 2
      vertex -36.3916 17.9743 2
    endloop
  endfacet
  facet normal -0.19494 0.980815 0
    outer loop
      vertex -36.7765 17.8978 2
      vertex -36.3916 17.9743 0
      vertex -36.7765 17.8978 0
    endloop
  endfacet
  facet normal 0.997853 -0.0654873 0
    outer loop
      vertex 38.9743 -15.3916 2
      vertex 39 -15 0
      vertex 39 -15 2
    endloop
  endfacet
  facet normal 0.997853 -0.0654873 0
    outer loop
      vertex 39 -15 0
      vertex 38.9743 -15.3916 2
      vertex 38.9743 -15.3916 0
    endloop
  endfacet
  facet normal -0.980815 0.19494 0
    outer loop
      vertex -38.9743 15.3916 0
      vertex -38.8978 15.7765 2
      vertex -38.8978 15.7765 0
    endloop
  endfacet
  facet normal -0.980815 0.19494 0
    outer loop
      vertex -38.8978 15.7765 2
      vertex -38.9743 15.3916 0
      vertex -38.9743 15.3916 2
    endloop
  endfacet
  facet normal -0.555523 0.831501 0
    outer loop
      vertex -37.5 17.5981 0
      vertex -37.8263 17.3801 2
      vertex -37.5 17.5981 2
    endloop
  endfacet
  facet normal -0.555523 0.831501 0
    outer loop
      vertex -37.8263 17.3801 2
      vertex -37.5 17.5981 0
      vertex -37.8263 17.3801 0
    endloop
  endfacet
  facet normal -0.997853 -0.0654873 0
    outer loop
      vertex -38.9743 -15.3916 0
      vertex -39 -15 2
      vertex -39 -15 0
    endloop
  endfacet
  facet normal -0.997853 -0.0654873 0
    outer loop
      vertex -39 -15 2
      vertex -38.9743 -15.3916 0
      vertex -38.9743 -15.3916 2
    endloop
  endfacet
  facet normal 0.751724 0.659478 0
    outer loop
      vertex 38.3801 16.8263 2
      vertex 38.1213 17.1213 0
      vertex 38.1213 17.1213 2
    endloop
  endfacet
  facet normal 0.751724 0.659478 0
    outer loop
      vertex 38.1213 17.1213 0
      vertex 38.3801 16.8263 2
      vertex 38.3801 16.8263 0
    endloop
  endfacet
  facet normal 0.0654873 0.997853 -0
    outer loop
      vertex 36.3916 17.9743 0
      vertex 36 18 2
      vertex 36.3916 17.9743 2
    endloop
  endfacet
  facet normal 0.0654873 0.997853 0
    outer loop
      vertex 36 18 2
      vertex 36.3916 17.9743 0
      vertex 36 18 0
    endloop
  endfacet
  facet normal -0.751724 0.659478 0
    outer loop
      vertex -38.3801 16.8263 0
      vertex -38.1213 17.1213 2
      vertex -38.1213 17.1213 0
    endloop
  endfacet
  facet normal -0.751724 0.659478 0
    outer loop
      vertex -38.1213 17.1213 2
      vertex -38.3801 16.8263 0
      vertex -38.3801 16.8263 2
    endloop
  endfacet
  facet normal 0.831501 0.555523 0
    outer loop
      vertex 38.5981 16.5 2
      vertex 38.3801 16.8263 0
      vertex 38.3801 16.8263 2
    endloop
  endfacet
  facet normal 0.831501 0.555523 0
    outer loop
      vertex 38.3801 16.8263 0
      vertex 38.5981 16.5 2
      vertex 38.5981 16.5 0
    endloop
  endfacet
  facet normal -0.831501 0.555523 0
    outer loop
      vertex -38.5981 16.5 0
      vertex -38.3801 16.8263 2
      vertex -38.3801 16.8263 0
    endloop
  endfacet
  facet normal -0.831501 0.555523 0
    outer loop
      vertex -38.3801 16.8263 2
      vertex -38.5981 16.5 0
      vertex -38.5981 16.5 2
    endloop
  endfacet
  facet normal 0.980815 -0.19494 0
    outer loop
      vertex 38.8978 -15.7765 2
      vertex 38.9743 -15.3916 0
      vertex 38.9743 -15.3916 2
    endloop
  endfacet
  facet normal 0.980815 -0.19494 0
    outer loop
      vertex 38.9743 -15.3916 0
      vertex 38.8978 -15.7765 2
      vertex 38.8978 -15.7765 0
    endloop
  endfacet
  facet normal -0.751724 -0.659478 0
    outer loop
      vertex -38.1213 -17.1213 0
      vertex -38.3801 -16.8263 2
      vertex -38.3801 -16.8263 0
    endloop
  endfacet
  facet normal -0.751724 -0.659478 0
    outer loop
      vertex -38.3801 -16.8263 2
      vertex -38.1213 -17.1213 0
      vertex -38.1213 -17.1213 2
    endloop
  endfacet
  facet normal 0.659478 0.751724 -0
    outer loop
      vertex 38.1213 17.1213 0
      vertex 37.8263 17.3801 2
      vertex 38.1213 17.1213 2
    endloop
  endfacet
  facet normal 0.659478 0.751724 0
    outer loop
      vertex 37.8263 17.3801 2
      vertex 38.1213 17.1213 0
      vertex 37.8263 17.3801 0
    endloop
  endfacet
  facet normal 0.896911 0.442211 0
    outer loop
      vertex 38.7716 16.1481 2
      vertex 38.5981 16.5 0
      vertex 38.5981 16.5 2
    endloop
  endfacet
  facet normal 0.896911 0.442211 0
    outer loop
      vertex 38.5981 16.5 0
      vertex 38.7716 16.1481 2
      vertex 38.7716 16.1481 0
    endloop
  endfacet
  facet normal 0.980815 0.19494 0
    outer loop
      vertex 38.9743 15.3916 2
      vertex 38.8978 15.7765 0
      vertex 38.8978 15.7765 2
    endloop
  endfacet
  facet normal 0.980815 0.19494 0
    outer loop
      vertex 38.8978 15.7765 0
      vertex 38.9743 15.3916 2
      vertex 38.9743 15.3916 0
    endloop
  endfacet
  facet normal 0.946885 -0.321574 0
    outer loop
      vertex 38.7716 -16.1481 2
      vertex 38.8978 -15.7765 0
      vertex 38.8978 -15.7765 2
    endloop
  endfacet
  facet normal 0.946885 -0.321574 0
    outer loop
      vertex 38.8978 -15.7765 0
      vertex 38.7716 -16.1481 2
      vertex 38.7716 -16.1481 0
    endloop
  endfacet
  facet normal 0.896911 -0.442211 0
    outer loop
      vertex 38.5981 -16.5 2
      vertex 38.7716 -16.1481 0
      vertex 38.7716 -16.1481 2
    endloop
  endfacet
  facet normal 0.896911 -0.442211 0
    outer loop
      vertex 38.7716 -16.1481 0
      vertex 38.5981 -16.5 2
      vertex 38.5981 -16.5 0
    endloop
  endfacet
  facet normal -0.997853 0.0654873 0
    outer loop
      vertex -39 15 0
      vertex -38.9743 15.3916 2
      vertex -38.9743 15.3916 0
    endloop
  endfacet
  facet normal -0.997853 0.0654873 0
    outer loop
      vertex -38.9743 15.3916 2
      vertex -39 15 0
      vertex -39 15 2
    endloop
  endfacet
  facet normal 0.997853 0.0654873 0
    outer loop
      vertex 39 15 2
      vertex 38.9743 15.3916 0
      vertex 38.9743 15.3916 2
    endloop
  endfacet
  facet normal 0.997853 0.0654873 0
    outer loop
      vertex 38.9743 15.3916 0
      vertex 39 15 2
      vertex 39 15 0
    endloop
  endfacet
  facet normal -0.442211 -0.896911 0
    outer loop
      vertex -37.5 -17.5981 0
      vertex -37.1481 -17.7716 2
      vertex -37.5 -17.5981 2
    endloop
  endfacet
  facet normal -0.442211 -0.896911 -0
    outer loop
      vertex -37.1481 -17.7716 2
      vertex -37.5 -17.5981 0
      vertex -37.1481 -17.7716 0
    endloop
  endfacet
  facet normal 0.555523 -0.831501 0
    outer loop
      vertex 37.5 -17.5981 0
      vertex 37.8263 -17.3801 2
      vertex 37.5 -17.5981 2
    endloop
  endfacet
  facet normal 0.555523 -0.831501 0
    outer loop
      vertex 37.8263 -17.3801 2
      vertex 37.5 -17.5981 0
      vertex 37.8263 -17.3801 0
    endloop
  endfacet
  facet normal -0.555523 -0.831501 0
    outer loop
      vertex -37.8263 -17.3801 0
      vertex -37.5 -17.5981 2
      vertex -37.8263 -17.3801 2
    endloop
  endfacet
  facet normal -0.555523 -0.831501 -0
    outer loop
      vertex -37.5 -17.5981 2
      vertex -37.8263 -17.3801 0
      vertex -37.5 -17.5981 0
    endloop
  endfacet
  facet normal 0.442211 0.896911 -0
    outer loop
      vertex 37.5 17.5981 0
      vertex 37.1481 17.7716 2
      vertex 37.5 17.5981 2
    endloop
  endfacet
  facet normal 0.442211 0.896911 0
    outer loop
      vertex 37.1481 17.7716 2
      vertex 37.5 17.5981 0
      vertex 37.1481 17.7716 0
    endloop
  endfacet
  facet normal -0.896911 -0.442211 0
    outer loop
      vertex -38.5981 -16.5 0
      vertex -38.7716 -16.1481 2
      vertex -38.7716 -16.1481 0
    endloop
  endfacet
  facet normal -0.896911 -0.442211 0
    outer loop
      vertex -38.7716 -16.1481 2
      vertex -38.5981 -16.5 0
      vertex -38.5981 -16.5 2
    endloop
  endfacet
  facet normal -0.980815 -0.19494 0
    outer loop
      vertex -38.8978 -15.7765 0
      vertex -38.9743 -15.3916 2
      vertex -38.9743 -15.3916 0
    endloop
  endfacet
  facet normal -0.980815 -0.19494 0
    outer loop
      vertex -38.9743 -15.3916 2
      vertex -38.8978 -15.7765 0
      vertex -38.8978 -15.7765 2
    endloop
  endfacet
  facet normal -0.831501 -0.555523 0
    outer loop
      vertex -38.3801 -16.8263 0
      vertex -38.5981 -16.5 2
      vertex -38.5981 -16.5 0
    endloop
  endfacet
  facet normal -0.831501 -0.555523 0
    outer loop
      vertex -38.5981 -16.5 2
      vertex -38.3801 -16.8263 0
      vertex -38.3801 -16.8263 2
    endloop
  endfacet
  facet normal -0.659478 -0.751724 0
    outer loop
      vertex -38.1213 -17.1213 0
      vertex -37.8263 -17.3801 2
      vertex -38.1213 -17.1213 2
    endloop
  endfacet
  facet normal -0.659478 -0.751724 -0
    outer loop
      vertex -37.8263 -17.3801 2
      vertex -38.1213 -17.1213 0
      vertex -37.8263 -17.3801 0
    endloop
  endfacet
  facet normal 0.442211 -0.896911 0
    outer loop
      vertex 37.1481 -17.7716 0
      vertex 37.5 -17.5981 2
      vertex 37.1481 -17.7716 2
    endloop
  endfacet
  facet normal 0.442211 -0.896911 0
    outer loop
      vertex 37.5 -17.5981 2
      vertex 37.1481 -17.7716 0
      vertex 37.5 -17.5981 0
    endloop
  endfacet
  facet normal -0.946885 -0.321574 0
    outer loop
      vertex -38.7716 -16.1481 0
      vertex -38.8978 -15.7765 2
      vertex -38.8978 -15.7765 0
    endloop
  endfacet
  facet normal -0.946885 -0.321574 0
    outer loop
      vertex -38.8978 -15.7765 2
      vertex -38.7716 -16.1481 0
      vertex -38.7716 -16.1481 2
    endloop
  endfacet
  facet normal 0 0 -1
    outer loop
      vertex -33.5 5.8 0
      vertex -28.5 9.2 0
      vertex -28.5 5.8 0
    endloop
  endfacet
  facet normal -0 0 -1
    outer loop
      vertex -28.5 9.2 0
      vertex -33.5 5.8 0
      vertex -33.5 9.2 0
    endloop
  endfacet
  facet normal 0 0 -1
    outer loop
      vertex -33.5 0.799999 0
      vertex -28.5 4.2 0
      vertex -28.5 0.799999 0
    endloop
  endfacet
  facet normal -0 0 -1
    outer loop
      vertex -28.5 4.2 0
      vertex -33.5 0.799999 0
      vertex -33.5 4.2 0
    endloop
  endfacet
  facet normal 0 0 -1
    outer loop
      vertex -33.5 -4.2 0
      vertex -28.5 -0.799999 0
      vertex -28.5 -4.2 0
    endloop
  endfacet
  facet normal -0 0 -1
    outer loop
      vertex -28.5 -0.799999 0
      vertex -33.5 -4.2 0
      vertex -33.5 -0.799999 0
    endloop
  endfacet
  facet normal 0 0 -1
    outer loop
      vertex -33.5 -9.2 0
      vertex -28.5 -5.8 0
      vertex -28.5 -9.2 0
    endloop
  endfacet
  facet normal -0 0 -1
    outer loop
      vertex -28.5 -5.8 0
      vertex -33.5 -9.2 0
      vertex -33.5 -5.8 0
    endloop
  endfacet
  facet normal 0 0 -1
    outer loop
      vertex -28.5 -0.799999 0
      vertex -14 -12 0
      vertex -22 -12 0
    endloop
  endfacet
  facet normal 0 0 -1
    outer loop
      vertex -14 -12 0
      vertex -28.5 -0.799999 0
      vertex -14 12 0
    endloop
  endfacet
  facet normal 0 0 -1
    outer loop
      vertex 14 12 0
      vertex 28.5 0.799999 0
      vertex 14 -12 0
    endloop
  endfacet
  facet normal 0 0 -1
    outer loop
      vertex 28.5 0.799999 0
      vertex 14 12 0
      vertex 22 12 0
    endloop
  endfacet
  facet normal 0 0 -1
    outer loop
      vertex 28.5 5.8 0
      vertex 33.5 9.2 0
      vertex 33.5 5.8 0
    endloop
  endfacet
  facet normal -0 0 -1
    outer loop
      vertex 33.5 9.2 0
      vertex 28.5 5.8 0
      vertex 28.5 9.2 0
    endloop
  endfacet
  facet normal 0 0 -1
    outer loop
      vertex 28.5 0.799999 0
      vertex 33.5 4.2 0
      vertex 33.5 0.799999 0
    endloop
  endfacet
  facet normal -0 0 -1
    outer loop
      vertex 33.5 4.2 0
      vertex 28.5 0.799999 0
      vertex 28.5 4.2 0
    endloop
  endfacet
  facet normal 0 0 -1
    outer loop
      vertex 28.5 -4.2 0
      vertex 33.5 -0.799999 0
      vertex 33.5 -4.2 0
    endloop
  endfacet
  facet normal -0 0 -1
    outer loop
      vertex 33.5 -0.799999 0
      vertex 28.5 -4.2 0
      vertex 28.5 -0.799999 0
    endloop
  endfacet
  facet normal 0 0 -1
    outer loop
      vertex 28.5 -9.2 0
      vertex 33.5 -5.8 0
      vertex 33.5 -9.2 0
    endloop
  endfacet
  facet normal -0 0 -1
    outer loop
      vertex 33.5 -5.8 0
      vertex 28.5 -9.2 0
      vertex 28.5 -5.8 0
    endloop
  endfacet
  facet normal 0 0 -1
    outer loop
      vertex 36 -18 0
      vertex 39 -15 0
      vertex 38.9743 -15.3916 0
    endloop
  endfacet
  facet normal 0 0 -1
    outer loop
      vertex 39 -15 0
      vertex 33.5 -0.799999 0
      vertex 39 15 0
    endloop
  endfacet
  facet normal 0 0 -1
    outer loop
      vertex 36 -18 0
      vertex 38.9743 -15.3916 0
      vertex 38.8978 -15.7765 0
    endloop
  endfacet
  facet normal 0 0 -1
    outer loop
      vertex 33.5 0.799999 0
      vertex 39 15 0
      vertex 33.5 -0.799999 0
    endloop
  endfacet
  facet normal 0 0 -1
    outer loop
      vertex 36 -18 0
      vertex 38.8978 -15.7765 0
      vertex 38.7716 -16.1481 0
    endloop
  endfacet
  facet normal 0 0 -1
    outer loop
      vertex 33.5 4.2 0
      vertex 39 15 0
      vertex 33.5 0.799999 0
    endloop
  endfacet
  facet normal 0 0 -1
    outer loop
      vertex 36 -18 0
      vertex 38.7716 -16.1481 0
      vertex 38.5981 -16.5 0
    endloop
  endfacet
  facet normal 0 0 -1
    outer loop
      vertex 33.5 5.8 0
      vertex 39 15 0
      vertex 33.5 4.2 0
    endloop
  endfacet
  facet normal 0 0 -1
    outer loop
      vertex 36 -18 0
      vertex 38.5981 -16.5 0
      vertex 38.3801 -16.8263 0
    endloop
  endfacet
  facet normal 0 0 -1
    outer loop
      vertex 33.5 9.2 0
      vertex 39 15 0
      vertex 33.5 5.8 0
    endloop
  endfacet
  facet normal 0 0 -1
    outer loop
      vertex 36 -18 0
      vertex 38.3801 -16.8263 0
      vertex 38.1213 -17.1213 0
    endloop
  endfacet
  facet normal 0 0 -1
    outer loop
      vertex 33.5 10.8 0
      vertex 39 15 0
      vertex 33.5 9.2 0
    endloop
  endfacet
  facet normal 0 0 -1
    outer loop
      vertex 36 -18 0
      vertex 38.1213 -17.1213 0
      vertex 37.8263 -17.3801 0
    endloop
  endfacet
  facet normal 0 -0 -1
    outer loop
      vertex 36 18 0
      vertex 39 15 0
      vertex 33.5 10.8 0
    endloop
  endfacet
  facet normal 0 0 -1
    outer loop
      vertex 36 -18 0
      vertex 37.8263 -17.3801 0
      vertex 37.5 -17.5981 0
    endloop
  endfacet
  facet normal 0 0 -1
    outer loop
      vertex 39 15 0
      vertex 36 18 0
      vertex 38.9743 15.3916 0
    endloop
  endfacet
  facet normal 0 0 -1
    outer loop
      vertex 36 -18 0
      vertex 37.5 -17.5981 0
      vertex 37.1481 -17.7716 0
    endloop
  endfacet
  facet normal 0 0 -1
    outer loop
      vertex 38.9743 15.3916 0
      vertex 36 18 0
      vertex 38.8978 15.7765 0
    endloop
  endfacet
  facet normal 0 0 -1
    outer loop
      vertex 36 -18 0
      vertex 37.1481 -17.7716 0
      vertex 36.7765 -17.8978 0
    endloop
  endfacet
  facet normal 0 0 -1
    outer loop
      vertex 38.8978 15.7765 0
      vertex 36 18 0
      vertex 38.7716 16.1481 0
    endloop
  endfacet
  facet normal 0 0 -1
    outer loop
      vertex 36 -18 0
      vertex 36.7765 -17.8978 0
      vertex 36.3916 -17.9743 0
    endloop
  endfacet
  facet normal 0 0 -1
    outer loop
      vertex 38.7716 16.1481 0
      vertex 36 18 0
      vertex 38.5981 16.5 0
    endloop
  endfacet
  facet normal -0 0 -1
    outer loop
      vertex 39 -15 0
      vertex 36 -18 0
      vertex 33.5 -10.8 0
    endloop
  endfacet
  facet normal 0 0 -1
    outer loop
      vertex 38.5981 16.5 0
      vertex 36 18 0
      vertex 38.3801 16.8263 0
    endloop
  endfacet
  facet normal 0 0 -1
    outer loop
      vertex 39 -15 0
      vertex 33.5 -10.8 0
      vertex 33.5 -9.2 0
    endloop
  endfacet
  facet normal 0 0 -1
    outer loop
      vertex 36 -18 0
      vertex 28.5 -10.8 0
      vertex 33.5 -10.8 0
    endloop
  endfacet
  facet normal 0 0 -1
    outer loop
      vertex 22 -12 0
      vertex 28.5 -9.2 0
      vertex 28.5 -10.8 0
    endloop
  endfacet
  facet normal -0 0 -1
    outer loop
      vertex 28.5 -9.2 0
      vertex 22 -12 0
      vertex 28.5 -5.8 0
    endloop
  endfacet
  facet normal -0 0 -1
    outer loop
      vertex 28.5 -5.8 0
      vertex 22 -12 0
      vertex 28.5 -4.2 0
    endloop
  endfacet
  facet normal -0 0 -1
    outer loop
      vertex 28.5 -4.2 0
      vertex 22 -12 0
      vertex 28.5 -0.799999 0
    endloop
  endfacet
  facet normal 0 0 -1
    outer loop
      vertex 14 -12 0
      vertex 28.5 -0.799999 0
      vertex 22 -12 0
    endloop
  endfacet
  facet normal -0 0 -1
    outer loop
      vertex 28.5 -0.799999 0
      vertex 14 -12 0
      vertex 28.5 0.799999 0
    endloop
  endfacet
  facet normal 0 0 -1
    outer loop
      vertex 28.5 0.799999 0
      vertex 22 12 0
      vertex 28.5 4.2 0
    endloop
  endfacet
  facet normal 0 0 -1
    outer loop
      vertex 28.5 4.2 0
      vertex 22 12 0
      vertex 28.5 5.8 0
    endloop
  endfacet
  facet normal 0 0 -1
    outer loop
      vertex 22 -12 0
      vertex 28.5 -10.8 0
      vertex 22 -14 0
    endloop
  endfacet
  facet normal 0 0 -1
    outer loop
      vertex 36 -18 0
      vertex 22 -14 0
      vertex 28.5 -10.8 0
    endloop
  endfacet
  facet normal 0 0 -1
    outer loop
      vertex 36 -18 0
      vertex 14 -14 0
      vertex 22 -14 0
    endloop
  endfacet
  facet normal 0 0 -1
    outer loop
      vertex -14 -12 0
      vertex 14 -12 0
      vertex 14 -14 0
    endloop
  endfacet
  facet normal 0 0 -1
    outer loop
      vertex 14 -12 0
      vertex -14 -12 0
      vertex 14 12 0
    endloop
  endfacet
  facet normal 0 0 -1
    outer loop
      vertex -14 -12 0
      vertex 14 -14 0
      vertex -14 -14 0
    endloop
  endfacet
  facet normal 0 0 -1
    outer loop
      vertex 36 -18 0
      vertex -14 -14 0
      vertex 14 -14 0
    endloop
  endfacet
  facet normal 0 0 -1
    outer loop
      vertex -36 -18 0
      vertex -14 -14 0
      vertex 36 -18 0
    endloop
  endfacet
  facet normal 0 0 -1
    outer loop
      vertex -28.5 -10.8 0
      vertex -22 -12 0
      vertex -22 -14 0
    endloop
  endfacet
  facet normal 0 0 -1
    outer loop
      vertex -28.5 0.799999 0
      vertex -14 12 0
      vertex -28.5 -0.799999 0
    endloop
  endfacet
  facet normal 0 0 -1
    outer loop
      vertex -22 -12 0
      vertex -28.5 -10.8 0
      vertex -28.5 -9.2 0
    endloop
  endfacet
  facet normal 0 0 -1
    outer loop
      vertex -36 -18 0
      vertex -28.5 -10.8 0
      vertex -22 -14 0
    endloop
  endfacet
  facet normal 0 0 -1
    outer loop
      vertex -39 -15 0
      vertex -33.5 -9.2 0
      vertex -33.5 -10.8 0
    endloop
  endfacet
  facet normal -0 0 -1
    outer loop
      vertex -33.5 -9.2 0
      vertex -39 -15 0
      vertex -33.5 -5.8 0
    endloop
  endfacet
  facet normal -0 0 -1
    outer loop
      vertex -33.5 -5.8 0
      vertex -39 -15 0
      vertex -33.5 -4.2 0
    endloop
  endfacet
  facet normal -0 0 -1
    outer loop
      vertex -33.5 -4.2 0
      vertex -39 -15 0
      vertex -33.5 -0.799999 0
    endloop
  endfacet
  facet normal -0 0 -1
    outer loop
      vertex -33.5 -0.799999 0
      vertex -39 -15 0
      vertex -33.5 0.799999 0
    endloop
  endfacet
  facet normal 0 0 -1
    outer loop
      vertex -39 15 0
      vertex -33.5 0.799999 0
      vertex -39 -15 0
    endloop
  endfacet
  facet normal 0 0 -1
    outer loop
      vertex -33.5 0.799999 0
      vertex -39 15 0
      vertex -33.5 4.2 0
    endloop
  endfacet
  facet normal 0 0 -1
    outer loop
      vertex -33.5 4.2 0
      vertex -39 15 0
      vertex -33.5 5.8 0
    endloop
  endfacet
  facet normal 0 0 -1
    outer loop
      vertex -39 -15 0
      vertex -33.5 -10.8 0
      vertex -36 -18 0
    endloop
  endfacet
  facet normal -0 0 -1
    outer loop
      vertex -28.5 -10.8 0
      vertex -36 -18 0
      vertex -33.5 -10.8 0
    endloop
  endfacet
  facet normal -0 0 -1
    outer loop
      vertex -14 -14 0
      vertex -36 -18 0
      vertex -22 -14 0
    endloop
  endfacet
  facet normal 0 0 -1
    outer loop
      vertex 39 -15 0
      vertex 33.5 -9.2 0
      vertex 33.5 -5.8 0
    endloop
  endfacet
  facet normal 0 0 -1
    outer loop
      vertex 39 -15 0
      vertex 33.5 -5.8 0
      vertex 33.5 -4.2 0
    endloop
  endfacet
  facet normal 0 0 -1
    outer loop
      vertex 39 -15 0
      vertex 33.5 -4.2 0
      vertex 33.5 -0.799999 0
    endloop
  endfacet
  facet normal 0 0 -1
    outer loop
      vertex 38.3801 16.8263 0
      vertex 36 18 0
      vertex 38.1213 17.1213 0
    endloop
  endfacet
  facet normal 0 0 -1
    outer loop
      vertex 38.1213 17.1213 0
      vertex 36 18 0
      vertex 37.8263 17.3801 0
    endloop
  endfacet
  facet normal 0 0 -1
    outer loop
      vertex 37.8263 17.3801 0
      vertex 36 18 0
      vertex 37.5 17.5981 0
    endloop
  endfacet
  facet normal 0 0 -1
    outer loop
      vertex 37.5 17.5981 0
      vertex 36 18 0
      vertex 37.1481 17.7716 0
    endloop
  endfacet
  facet normal 0 0 -1
    outer loop
      vertex 37.1481 17.7716 0
      vertex 36 18 0
      vertex 36.7765 17.8978 0
    endloop
  endfacet
  facet normal 0 0 -1
    outer loop
      vertex 36.7765 17.8978 0
      vertex 36 18 0
      vertex 36.3916 17.9743 0
    endloop
  endfacet
  facet normal 0 0 -1
    outer loop
      vertex 28.5 10.8 0
      vertex 36 18 0
      vertex 33.5 10.8 0
    endloop
  endfacet
  facet normal 0 0 -1
    outer loop
      vertex 28.5 5.8 0
      vertex 22 12 0
      vertex 28.5 9.2 0
    endloop
  endfacet
  facet normal 0 0 -1
    outer loop
      vertex 28.5 9.2 0
      vertex 22 12 0
      vertex 28.5 10.8 0
    endloop
  endfacet
  facet normal 0 0 -1
    outer loop
      vertex 22 14 0
      vertex 28.5 10.8 0
      vertex 22 12 0
    endloop
  endfacet
  facet normal 0 0 -1
    outer loop
      vertex 28.5 10.8 0
      vertex 22 14 0
      vertex 36 18 0
    endloop
  endfacet
  facet normal 0 0 -1
    outer loop
      vertex 14 14 0
      vertex 36 18 0
      vertex 22 14 0
    endloop
  endfacet
  facet normal 0 0 -1
    outer loop
      vertex -14 12 0
      vertex 14 12 0
      vertex -14 -12 0
    endloop
  endfacet
  facet normal 0 0 -1
    outer loop
      vertex 14 12 0
      vertex -14 12 0
      vertex 14 14 0
    endloop
  endfacet
  facet normal 0 0 -1
    outer loop
      vertex -14 14 0
      vertex 14 14 0
      vertex -14 12 0
    endloop
  endfacet
  facet normal 0 0 -1
    outer loop
      vertex 14 14 0
      vertex -14 14 0
      vertex 36 18 0
    endloop
  endfacet
  facet normal 0 0 -1
    outer loop
      vertex -36 18 0
      vertex -14 14 0
      vertex -22 14 0
    endloop
  endfacet
  facet normal 0 0 -1
    outer loop
      vertex -22 -12 0
      vertex -28.5 -9.2 0
      vertex -28.5 -5.8 0
    endloop
  endfacet
  facet normal 0 0 -1
    outer loop
      vertex -22 -12 0
      vertex -28.5 -5.8 0
      vertex -28.5 -4.2 0
    endloop
  endfacet
  facet normal 0 0 -1
    outer loop
      vertex -22 -12 0
      vertex -28.5 -4.2 0
      vertex -28.5 -0.799999 0
    endloop
  endfacet
  facet normal -0 0 -1
    outer loop
      vertex -14 12 0
      vertex -28.5 0.799999 0
      vertex -22 12 0
    endloop
  endfacet
  facet normal 0 0 -1
    outer loop
      vertex -28.5 4.2 0
      vertex -22 12 0
      vertex -28.5 0.799999 0
    endloop
  endfacet
  facet normal 0 0 -1
    outer loop
      vertex -28.5 5.8 0
      vertex -22 12 0
      vertex -28.5 4.2 0
    endloop
  endfacet
  facet normal 0 0 -1
    outer loop
      vertex -28.5 9.2 0
      vertex -22 12 0
      vertex -28.5 5.8 0
    endloop
  endfacet
  facet normal 0 0 -1
    outer loop
      vertex -28.5 10.8 0
      vertex -22 12 0
      vertex -28.5 9.2 0
    endloop
  endfacet
  facet normal -0 0 -1
    outer loop
      vertex -22 12 0
      vertex -28.5 10.8 0
      vertex -22 14 0
    endloop
  endfacet
  facet normal 0 0 -1
    outer loop
      vertex -36 18 0
      vertex -28.5 10.8 0
      vertex -33.5 10.8 0
    endloop
  endfacet
  facet normal 0 0 -1
    outer loop
      vertex -14 14 0
      vertex -36 18 0
      vertex 36 18 0
    endloop
  endfacet
  facet normal 0 0 -1
    outer loop
      vertex -28.5 10.8 0
      vertex -36 18 0
      vertex -22 14 0
    endloop
  endfacet
  facet normal 0 0 -1
    outer loop
      vertex -33.5 5.8 0
      vertex -39 15 0
      vertex -33.5 9.2 0
    endloop
  endfacet
  facet normal 0 0 -1
    outer loop
      vertex -39 -15 0
      vertex -36 -18 0
      vertex -36.3916 -17.9743 0
    endloop
  endfacet
  facet normal 0 0 -1
    outer loop
      vertex -33.5 9.2 0
      vertex -39 15 0
      vertex -33.5 10.8 0
    endloop
  endfacet
  facet normal 0 0 -1
    outer loop
      vertex -39 -15 0
      vertex -36.3916 -17.9743 0
      vertex -36.7765 -17.8978 0
    endloop
  endfacet
  facet normal 0 0 -1
    outer loop
      vertex -33.5 10.8 0
      vertex -39 15 0
      vertex -36 18 0
    endloop
  endfacet
  facet normal 0 0 -1
    outer loop
      vertex -39 -15 0
      vertex -36.7765 -17.8978 0
      vertex -37.1481 -17.7716 0
    endloop
  endfacet
  facet normal 0 0 -1
    outer loop
      vertex -36 18 0
      vertex -39 15 0
      vertex -36.3916 17.9743 0
    endloop
  endfacet
  facet normal 0 0 -1
    outer loop
      vertex -39 -15 0
      vertex -37.1481 -17.7716 0
      vertex -37.5 -17.5981 0
    endloop
  endfacet
  facet normal 0 0 -1
    outer loop
      vertex -36.3916 17.9743 0
      vertex -39 15 0
      vertex -36.7765 17.8978 0
    endloop
  endfacet
  facet normal 0 0 -1
    outer loop
      vertex -39 -15 0
      vertex -37.5 -17.5981 0
      vertex -37.8263 -17.3801 0
    endloop
  endfacet
  facet normal 0 0 -1
    outer loop
      vertex -36.7765 17.8978 0
      vertex -39 15 0
      vertex -37.1481 17.7716 0
    endloop
  endfacet
  facet normal 0 0 -1
    outer loop
      vertex -39 -15 0
      vertex -37.8263 -17.3801 0
      vertex -38.1213 -17.1213 0
    endloop
  endfacet
  facet normal 0 0 -1
    outer loop
      vertex -37.1481 17.7716 0
      vertex -39 15 0
      vertex -37.5 17.5981 0
    endloop
  endfacet
  facet normal 0 0 -1
    outer loop
      vertex -39 -15 0
      vertex -38.1213 -17.1213 0
      vertex -38.3801 -16.8263 0
    endloop
  endfacet
  facet normal 0 0 -1
    outer loop
      vertex -37.5 17.5981 0
      vertex -39 15 0
      vertex -37.8263 17.3801 0
    endloop
  endfacet
  facet normal 0 0 -1
    outer loop
      vertex -39 -15 0
      vertex -38.3801 -16.8263 0
      vertex -38.5981 -16.5 0
    endloop
  endfacet
  facet normal 0 0 -1
    outer loop
      vertex -37.8263 17.3801 0
      vertex -39 15 0
      vertex -38.1213 17.1213 0
    endloop
  endfacet
  facet normal 0 0 -1
    outer loop
      vertex -39 -15 0
      vertex -38.5981 -16.5 0
      vertex -38.7716 -16.1481 0
    endloop
  endfacet
  facet normal 0 0 -1
    outer loop
      vertex -38.1213 17.1213 0
      vertex -39 15 0
      vertex -38.3801 16.8263 0
    endloop
  endfacet
  facet normal 0 0 -1
    outer loop
      vertex -39 -15 0
      vertex -38.7716 -16.1481 0
      vertex -38.8978 -15.7765 0
    endloop
  endfacet
  facet normal 0 0 -1
    outer loop
      vertex -38.3801 16.8263 0
      vertex -39 15 0
      vertex -38.5981 16.5 0
    endloop
  endfacet
  facet normal 0 0 -1
    outer loop
      vertex -39 -15 0
      vertex -38.8978 -15.7765 0
      vertex -38.9743 -15.3916 0
    endloop
  endfacet
  facet normal 0 0 -1
    outer loop
      vertex -38.5981 16.5 0
      vertex -39 15 0
      vertex -38.7716 16.1481 0
    endloop
  endfacet
  facet normal 0 0 -1
    outer loop
      vertex -38.7716 16.1481 0
      vertex -39 15 0
      vertex -38.8978 15.7765 0
    endloop
  endfacet
  facet normal 0 0 -1
    outer loop
      vertex -38.8978 15.7765 0
      vertex -39 15 0
      vertex -38.9743 15.3916 0
    endloop
  endfacet
  facet normal 0.0653771 -0.997861 0
    outer loop
      vertex 34.75 -15.75 2
      vertex 35.011 -15.7329 3.5
      vertex 34.75 -15.75 3.5
    endloop
  endfacet
  facet normal 0.0653771 -0.997861 0
    outer loop
      vertex 35.011 -15.7329 3.5
      vertex 34.75 -15.75 2
      vertex 35.011 -15.7329 2
    endloop
  endfacet
  facet normal -0.89686 0.442314 0
    outer loop
      vertex -36.5978 14.5154 2
      vertex -36.4821 14.75 3.5
      vertex -36.4821 14.75 2
    endloop
  endfacet
  facet normal -0.89686 0.442314 0
    outer loop
      vertex -36.4821 14.75 3.5
      vertex -36.5978 14.5154 2
      vertex -36.5978 14.5154 3.5
    endloop
  endfacet
  facet normal 0.0653771 0.997861 -0
    outer loop
      vertex 35.011 15.7329 2
      vertex 34.75 15.75 3.5
      vertex 35.011 15.7329 3.5
    endloop
  endfacet
  facet normal 0.0653771 0.997861 0
    outer loop
      vertex 34.75 15.75 3.5
      vertex 35.011 15.7329 2
      vertex 34.75 15.75 2
    endloop
  endfacet
  facet normal -0.0653771 -0.997861 0
    outer loop
      vertex -35.011 -15.7329 2
      vertex -34.75 -15.75 3.5
      vertex -35.011 -15.7329 3.5
    endloop
  endfacet
  facet normal -0.0653771 -0.997861 -0
    outer loop
      vertex -34.75 -15.75 3.5
      vertex -35.011 -15.7329 2
      vertex -34.75 -15.75 2
    endloop
  endfacet
  facet normal -1 0 0
    outer loop
      vertex -36.75 -13.75 2
      vertex -36.75 13.75 3.5
      vertex -36.75 13.75 2
    endloop
  endfacet
  facet normal -1 -0 0
    outer loop
      vertex -36.75 13.75 3.5
      vertex -36.75 -13.75 2
      vertex -36.75 -13.75 3.5
    endloop
  endfacet
  facet normal 0.555758 -0.831344 0
    outer loop
      vertex 35.75 -15.4821 2
      vertex 35.9675 -15.3367 3.5
      vertex 35.75 -15.4821 3.5
    endloop
  endfacet
  facet normal 0.555758 -0.831344 0
    outer loop
      vertex 35.9675 -15.3367 3.5
      vertex 35.75 -15.4821 2
      vertex 35.9675 -15.3367 2
    endloop
  endfacet
  facet normal 0 1 -0
    outer loop
      vertex 34.75 15.75 2
      vertex -34.75 15.75 3.5
      vertex 34.75 15.75 3.5
    endloop
  endfacet
  facet normal 0 1 0
    outer loop
      vertex -34.75 15.75 3.5
      vertex 34.75 15.75 2
      vertex -34.75 15.75 2
    endloop
  endfacet
  facet normal -0.321382 -0.94695 0
    outer loop
      vertex -35.5154 -15.5978 2
      vertex -35.2676 -15.6819 3.5
      vertex -35.5154 -15.5978 3.5
    endloop
  endfacet
  facet normal -0.321382 -0.94695 -0
    outer loop
      vertex -35.2676 -15.6819 3.5
      vertex -35.5154 -15.5978 2
      vertex -35.2676 -15.6819 2
    endloop
  endfacet
  facet normal -0.555758 0.831344 0
    outer loop
      vertex -35.75 15.4821 2
      vertex -35.9675 15.3367 3.5
      vertex -35.75 15.4821 3.5
    endloop
  endfacet
  facet normal -0.555758 0.831344 0
    outer loop
      vertex -35.9675 15.3367 3.5
      vertex -35.75 15.4821 2
      vertex -35.9675 15.3367 2
    endloop
  endfacet
  facet normal -0.19494 0.980815 0
    outer loop
      vertex -35.011 15.7329 2
      vertex -35.2676 15.6819 3.5
      vertex -35.011 15.7329 3.5
    endloop
  endfacet
  facet normal -0.19494 0.980815 0
    outer loop
      vertex -35.2676 15.6819 3.5
      vertex -35.011 15.7329 2
      vertex -35.2676 15.6819 2
    endloop
  endfacet
  facet normal 0 -1 0
    outer loop
      vertex -34.75 -15.75 2
      vertex 34.75 -15.75 3.5
      vertex -34.75 -15.75 3.5
    endloop
  endfacet
  facet normal 0 -1 -0
    outer loop
      vertex 34.75 -15.75 3.5
      vertex -34.75 -15.75 2
      vertex 34.75 -15.75 2
    endloop
  endfacet
  facet normal 0.997861 -0.0653771 0
    outer loop
      vertex 36.7329 -14.011 3.5
      vertex 36.75 -13.75 2
      vertex 36.75 -13.75 3.5
    endloop
  endfacet
  facet normal 0.997861 -0.0653771 0
    outer loop
      vertex 36.75 -13.75 2
      vertex 36.7329 -14.011 3.5
      vertex 36.7329 -14.011 2
    endloop
  endfacet
  facet normal 1 -0 0
    outer loop
      vertex 36.75 -13.75 3.5
      vertex 36.75 13.75 2
      vertex 36.75 13.75 3.5
    endloop
  endfacet
  facet normal 1 0 0
    outer loop
      vertex 36.75 13.75 2
      vertex 36.75 -13.75 3.5
      vertex 36.75 -13.75 2
    endloop
  endfacet
  facet normal -0.659343 -0.751842 0
    outer loop
      vertex -36.1642 -15.1642 2
      vertex -35.9675 -15.3367 3.5
      vertex -36.1642 -15.1642 3.5
    endloop
  endfacet
  facet normal -0.659343 -0.751842 -0
    outer loop
      vertex -35.9675 -15.3367 3.5
      vertex -36.1642 -15.1642 2
      vertex -35.9675 -15.3367 2
    endloop
  endfacet
  facet normal -0.997861 0.0653771 0
    outer loop
      vertex -36.75 13.75 2
      vertex -36.7329 14.011 3.5
      vertex -36.7329 14.011 2
    endloop
  endfacet
  facet normal -0.997861 0.0653771 0
    outer loop
      vertex -36.7329 14.011 3.5
      vertex -36.75 13.75 2
      vertex -36.75 13.75 3.5
    endloop
  endfacet
  facet normal -0.19494 -0.980815 0
    outer loop
      vertex -35.2676 -15.6819 2
      vertex -35.011 -15.7329 3.5
      vertex -35.2676 -15.6819 3.5
    endloop
  endfacet
  facet normal -0.19494 -0.980815 -0
    outer loop
      vertex -35.011 -15.7329 3.5
      vertex -35.2676 -15.6819 2
      vertex -35.011 -15.7329 2
    endloop
  endfacet
  facet normal 0.94695 0.321382 0
    outer loop
      vertex 36.6819 14.2676 3.5
      vertex 36.5978 14.5154 2
      vertex 36.5978 14.5154 3.5
    endloop
  endfacet
  facet normal 0.94695 0.321382 0
    outer loop
      vertex 36.5978 14.5154 2
      vertex 36.6819 14.2676 3.5
      vertex 36.6819 14.2676 2
    endloop
  endfacet
  facet normal -0.442314 -0.89686 0
    outer loop
      vertex -35.75 -15.4821 2
      vertex -35.5154 -15.5978 3.5
      vertex -35.75 -15.4821 3.5
    endloop
  endfacet
  facet normal -0.442314 -0.89686 -0
    outer loop
      vertex -35.5154 -15.5978 3.5
      vertex -35.75 -15.4821 2
      vertex -35.5154 -15.5978 2
    endloop
  endfacet
  facet normal -0.0653771 0.997861 0
    outer loop
      vertex -34.75 15.75 2
      vertex -35.011 15.7329 3.5
      vertex -34.75 15.75 3.5
    endloop
  endfacet
  facet normal -0.0653771 0.997861 0
    outer loop
      vertex -35.011 15.7329 3.5
      vertex -34.75 15.75 2
      vertex -35.011 15.7329 2
    endloop
  endfacet
  facet normal 0.980815 0.19494 0
    outer loop
      vertex 36.7329 14.011 3.5
      vertex 36.6819 14.2676 2
      vertex 36.6819 14.2676 3.5
    endloop
  endfacet
  facet normal 0.980815 0.19494 0
    outer loop
      vertex 36.6819 14.2676 2
      vertex 36.7329 14.011 3.5
      vertex 36.7329 14.011 2
    endloop
  endfacet
  facet normal 0.19494 0.980815 -0
    outer loop
      vertex 35.2676 15.6819 2
      vertex 35.011 15.7329 3.5
      vertex 35.2676 15.6819 3.5
    endloop
  endfacet
  facet normal 0.19494 0.980815 0
    outer loop
      vertex 35.011 15.7329 3.5
      vertex 35.2676 15.6819 2
      vertex 35.011 15.7329 2
    endloop
  endfacet
  facet normal 0.980815 -0.19494 0
    outer loop
      vertex 36.6819 -14.2676 3.5
      vertex 36.7329 -14.011 2
      vertex 36.7329 -14.011 3.5
    endloop
  endfacet
  facet normal 0.980815 -0.19494 0
    outer loop
      vertex 36.7329 -14.011 2
      vertex 36.6819 -14.2676 3.5
      vertex 36.6819 -14.2676 2
    endloop
  endfacet
  facet normal -0.659343 0.751842 0
    outer loop
      vertex -35.9675 15.3367 2
      vertex -36.1642 15.1642 3.5
      vertex -35.9675 15.3367 3.5
    endloop
  endfacet
  facet normal -0.659343 0.751842 0
    outer loop
      vertex -36.1642 15.1642 3.5
      vertex -35.9675 15.3367 2
      vertex -36.1642 15.1642 2
    endloop
  endfacet
  facet normal 0.321382 0.94695 -0
    outer loop
      vertex 35.5154 15.5978 2
      vertex 35.2676 15.6819 3.5
      vertex 35.5154 15.5978 3.5
    endloop
  endfacet
  facet normal 0.321382 0.94695 0
    outer loop
      vertex 35.2676 15.6819 3.5
      vertex 35.5154 15.5978 2
      vertex 35.2676 15.6819 2
    endloop
  endfacet
  facet normal 0.831344 0.555758 0
    outer loop
      vertex 36.4821 14.75 3.5
      vertex 36.3367 14.9675 2
      vertex 36.3367 14.9675 3.5
    endloop
  endfacet
  facet normal 0.831344 0.555758 0
    outer loop
      vertex 36.3367 14.9675 2
      vertex 36.4821 14.75 3.5
      vertex 36.4821 14.75 2
    endloop
  endfacet
  facet normal -0.980815 -0.19494 0
    outer loop
      vertex -36.6819 -14.2676 2
      vertex -36.7329 -14.011 3.5
      vertex -36.7329 -14.011 2
    endloop
  endfacet
  facet normal -0.980815 -0.19494 0
    outer loop
      vertex -36.7329 -14.011 3.5
      vertex -36.6819 -14.2676 2
      vertex -36.6819 -14.2676 3.5
    endloop
  endfacet
  facet normal -0.94695 0.321382 0
    outer loop
      vertex -36.6819 14.2676 2
      vertex -36.5978 14.5154 3.5
      vertex -36.5978 14.5154 2
    endloop
  endfacet
  facet normal -0.94695 0.321382 0
    outer loop
      vertex -36.5978 14.5154 3.5
      vertex -36.6819 14.2676 2
      vertex -36.6819 14.2676 3.5
    endloop
  endfacet
  facet normal -0.442314 0.89686 0
    outer loop
      vertex -35.5154 15.5978 2
      vertex -35.75 15.4821 3.5
      vertex -35.5154 15.5978 3.5
    endloop
  endfacet
  facet normal -0.442314 0.89686 0
    outer loop
      vertex -35.75 15.4821 3.5
      vertex -35.5154 15.5978 2
      vertex -35.75 15.4821 2
    endloop
  endfacet
  facet normal -0.94695 -0.321382 0
    outer loop
      vertex -36.5978 -14.5154 2
      vertex -36.6819 -14.2676 3.5
      vertex -36.6819 -14.2676 2
    endloop
  endfacet
  facet normal -0.94695 -0.321382 0
    outer loop
      vertex -36.6819 -14.2676 3.5
      vertex -36.5978 -14.5154 2
      vertex -36.5978 -14.5154 3.5
    endloop
  endfacet
  facet normal -0.980815 0.19494 0
    outer loop
      vertex -36.7329 14.011 2
      vertex -36.6819 14.2676 3.5
      vertex -36.6819 14.2676 2
    endloop
  endfacet
  facet normal -0.980815 0.19494 0
    outer loop
      vertex -36.6819 14.2676 3.5
      vertex -36.7329 14.011 2
      vertex -36.7329 14.011 3.5
    endloop
  endfacet
  facet normal 0.751842 0.659343 0
    outer loop
      vertex 36.3367 14.9675 3.5
      vertex 36.1642 15.1642 2
      vertex 36.1642 15.1642 3.5
    endloop
  endfacet
  facet normal 0.751842 0.659343 0
    outer loop
      vertex 36.1642 15.1642 2
      vertex 36.3367 14.9675 3.5
      vertex 36.3367 14.9675 2
    endloop
  endfacet
  facet normal 0.659343 -0.751842 0
    outer loop
      vertex 35.9675 -15.3367 2
      vertex 36.1642 -15.1642 3.5
      vertex 35.9675 -15.3367 3.5
    endloop
  endfacet
  facet normal 0.659343 -0.751842 0
    outer loop
      vertex 36.1642 -15.1642 3.5
      vertex 35.9675 -15.3367 2
      vertex 36.1642 -15.1642 2
    endloop
  endfacet
  facet normal -0.997861 -0.0653771 0
    outer loop
      vertex -36.7329 -14.011 2
      vertex -36.75 -13.75 3.5
      vertex -36.75 -13.75 2
    endloop
  endfacet
  facet normal -0.997861 -0.0653771 0
    outer loop
      vertex -36.75 -13.75 3.5
      vertex -36.7329 -14.011 2
      vertex -36.7329 -14.011 3.5
    endloop
  endfacet
  facet normal 0.321382 -0.94695 0
    outer loop
      vertex 35.2676 -15.6819 2
      vertex 35.5154 -15.5978 3.5
      vertex 35.2676 -15.6819 3.5
    endloop
  endfacet
  facet normal 0.321382 -0.94695 0
    outer loop
      vertex 35.5154 -15.5978 3.5
      vertex 35.2676 -15.6819 2
      vertex 35.5154 -15.5978 2
    endloop
  endfacet
  facet normal -0.321382 0.94695 0
    outer loop
      vertex -35.2676 15.6819 2
      vertex -35.5154 15.5978 3.5
      vertex -35.2676 15.6819 3.5
    endloop
  endfacet
  facet normal -0.321382 0.94695 0
    outer loop
      vertex -35.5154 15.5978 3.5
      vertex -35.2676 15.6819 2
      vertex -35.5154 15.5978 2
    endloop
  endfacet
  facet normal 0.997861 0.0653771 0
    outer loop
      vertex 36.75 13.75 3.5
      vertex 36.7329 14.011 2
      vertex 36.7329 14.011 3.5
    endloop
  endfacet
  facet normal 0.997861 0.0653771 0
    outer loop
      vertex 36.7329 14.011 2
      vertex 36.75 13.75 3.5
      vertex 36.75 13.75 2
    endloop
  endfacet
  facet normal 0.89686 -0.442314 0
    outer loop
      vertex 36.4821 -14.75 3.5
      vertex 36.5978 -14.5154 2
      vertex 36.5978 -14.5154 3.5
    endloop
  endfacet
  facet normal 0.89686 -0.442314 0
    outer loop
      vertex 36.5978 -14.5154 2
      vertex 36.4821 -14.75 3.5
      vertex 36.4821 -14.75 2
    endloop
  endfacet
  facet normal -0 0 1
    outer loop
      vertex -33.5 -5.8 3.5
      vertex -28.5 -9.2 3.5
      vertex -28.5 -5.8 3.5
    endloop
  endfacet
  facet normal 0 0 1
    outer loop
      vertex -28.5 -9.2 3.5
      vertex -33.5 -5.8 3.5
      vertex -33.5 -9.2 3.5
    endloop
  endfacet
  facet normal -0 0 1
    outer loop
      vertex -33.5 -0.799999 3.5
      vertex -28.5 -4.2 3.5
      vertex -28.5 -0.799999 3.5
    endloop
  endfacet
  facet normal 0 0 1
    outer loop
      vertex -28.5 -4.2 3.5
      vertex -33.5 -0.799999 3.5
      vertex -33.5 -4.2 3.5
    endloop
  endfacet
  facet normal -0 0 1
    outer loop
      vertex -33.5 4.2 3.5
      vertex -28.5 0.799999 3.5
      vertex -28.5 4.2 3.5
    endloop
  endfacet
  facet normal 0 0 1
    outer loop
      vertex -28.5 0.799999 3.5
      vertex -33.5 4.2 3.5
      vertex -33.5 0.799999 3.5
    endloop
  endfacet
  facet normal -0 0 1
    outer loop
      vertex -33.5 9.2 3.5
      vertex -28.5 5.8 3.5
      vertex -28.5 9.2 3.5
    endloop
  endfacet
  facet normal 0 0 1
    outer loop
      vertex -28.5 5.8 3.5
      vertex -33.5 9.2 3.5
      vertex -33.5 5.8 3.5
    endloop
  endfacet
  facet normal 0 0 1
    outer loop
      vertex -20.1522 7.23463 3.5
      vertex -14 12 3.5
      vertex -20.0681 7.48236 3.5
    endloop
  endfacet
  facet normal 0 0 1
    outer loop
      vertex -14 -12 3.5
      vertex -20.0171 -7.73895 3.5
      vertex -20 -8 3.5
    endloop
  endfacet
  facet normal 0 0 1
    outer loop
      vertex -20.2679 7 3.5
      vertex -14 12 3.5
      vertex -20.1522 7.23463 3.5
    endloop
  endfacet
  facet normal 0 0 1
    outer loop
      vertex -14 -12 3.5
      vertex -20.0681 -7.48236 3.5
      vertex -20.0171 -7.73895 3.5
    endloop
  endfacet
  facet normal 0 0 1
    outer loop
      vertex -14 12 3.5
      vertex -20.2679 7 3.5
      vertex -14 -12 3.5
    endloop
  endfacet
  facet normal 0 0 1
    outer loop
      vertex -14 -12 3.5
      vertex -20.1522 -7.23463 3.5
      vertex -20.0681 -7.48236 3.5
    endloop
  endfacet
  facet normal -0 0 1
    outer loop
      vertex -20.2679 -7 3.5
      vertex -14 -12 3.5
      vertex -20.2679 7 3.5
    endloop
  endfacet
  facet normal 0 0 1
    outer loop
      vertex -14 -12 3.5
      vertex -20.2679 -7 3.5
      vertex -20.1522 -7.23463 3.5
    endloop
  endfacet
  facet normal -0 0 1
    outer loop
      vertex -20.4133 6.78248 3.5
      vertex -20.2679 -7 3.5
      vertex -20.2679 7 3.5
    endloop
  endfacet
  facet normal 0 0 1
    outer loop
      vertex -20.4133 6.78248 3.5
      vertex -20.4133 -6.78248 3.5
      vertex -20.2679 -7 3.5
    endloop
  endfacet
  facet normal -0 0 1
    outer loop
      vertex -20.5858 6.58579 3.5
      vertex -20.4133 -6.78248 3.5
      vertex -20.4133 6.78248 3.5
    endloop
  endfacet
  facet normal 0 0 1
    outer loop
      vertex -20.5858 6.58579 3.5
      vertex -20.5858 -6.58579 3.5
      vertex -20.4133 -6.78248 3.5
    endloop
  endfacet
  facet normal -0 0 1
    outer loop
      vertex -20.7825 6.41329 3.5
      vertex -20.5858 -6.58579 3.5
      vertex -20.5858 6.58579 3.5
    endloop
  endfacet
  facet normal 0 0 1
    outer loop
      vertex -20.7825 6.41329 3.5
      vertex -20.7825 -6.41329 3.5
      vertex -20.5858 -6.58579 3.5
    endloop
  endfacet
  facet normal -0 0 1
    outer loop
      vertex -21 6.26795 3.5
      vertex -20.7825 -6.41329 3.5
      vertex -20.7825 6.41329 3.5
    endloop
  endfacet
  facet normal 0 0 1
    outer loop
      vertex -21 6.26795 3.5
      vertex -21 -6.26795 3.5
      vertex -20.7825 -6.41329 3.5
    endloop
  endfacet
  facet normal -0 0 1
    outer loop
      vertex -21.2346 6.15224 3.5
      vertex -21 -6.26795 3.5
      vertex -21 6.26795 3.5
    endloop
  endfacet
  facet normal 0 0 1
    outer loop
      vertex -21.2346 6.15224 3.5
      vertex -21.2346 -6.15224 3.5
      vertex -21 -6.26795 3.5
    endloop
  endfacet
  facet normal -0 0 1
    outer loop
      vertex -21.4824 6.06815 3.5
      vertex -21.2346 -6.15224 3.5
      vertex -21.2346 6.15224 3.5
    endloop
  endfacet
  facet normal 0 0 1
    outer loop
      vertex -21.4824 6.06815 3.5
      vertex -21.4824 -6.06815 3.5
      vertex -21.2346 -6.15224 3.5
    endloop
  endfacet
  facet normal -0 0 1
    outer loop
      vertex -21.7389 6.01711 3.5
      vertex -21.4824 -6.06815 3.5
      vertex -21.4824 6.06815 3.5
    endloop
  endfacet
  facet normal 0 0 1
    outer loop
      vertex -21.7389 6.01711 3.5
      vertex -21.7389 -6.01711 3.5
      vertex -21.4824 -6.06815 3.5
    endloop
  endfacet
  facet normal -0 0 1
    outer loop
      vertex -22 6 3.5
      vertex -21.7389 -6.01711 3.5
      vertex -21.7389 6.01711 3.5
    endloop
  endfacet
  facet normal 0 0 1
    outer loop
      vertex -22 6 3.5
      vertex -22 -6 3.5
      vertex -21.7389 -6.01711 3.5
    endloop
  endfacet
  facet normal 0 0 1
    outer loop
      vertex -22.2611 6.01711 3.5
      vertex -22 -6 3.5
      vertex -22 6 3.5
    endloop
  endfacet
  facet normal 0 0 1
    outer loop
      vertex -22.2611 6.01711 3.5
      vertex -22.2611 -6.01711 3.5
      vertex -22 -6 3.5
    endloop
  endfacet
  facet normal 0 0 1
    outer loop
      vertex -28.5 0.799999 3.5
      vertex -22.2611 6.01711 3.5
      vertex -22.5176 6.06815 3.5
    endloop
  endfacet
  facet normal 0 0 1
    outer loop
      vertex -22.2611 6.01711 3.5
      vertex -28.5 0.799999 3.5
      vertex -22.2611 -6.01711 3.5
    endloop
  endfacet
  facet normal 0 0 1
    outer loop
      vertex -28.5 0.799999 3.5
      vertex -22.5176 6.06815 3.5
      vertex -22.7654 6.15224 3.5
    endloop
  endfacet
  facet normal -0 0 1
    outer loop
      vertex -28.5 -0.799999 3.5
      vertex -22.2611 -6.01711 3.5
      vertex -28.5 0.799999 3.5
    endloop
  endfacet
  facet normal 0 0 1
    outer loop
      vertex -28.5 0.799999 3.5
      vertex -22.7654 6.15224 3.5
      vertex -23 6.26795 3.5
    endloop
  endfacet
  facet normal 0 0 1
    outer loop
      vertex -22.2611 -6.01711 3.5
      vertex -28.5 -0.799999 3.5
      vertex -22.5176 -6.06815 3.5
    endloop
  endfacet
  facet normal 0 0 1
    outer loop
      vertex -28.5 4.2 3.5
      vertex -23 6.26795 3.5
      vertex -23.2175 6.41329 3.5
    endloop
  endfacet
  facet normal 0 0 1
    outer loop
      vertex -22.5176 -6.06815 3.5
      vertex -28.5 -0.799999 3.5
      vertex -22.7654 -6.15224 3.5
    endloop
  endfacet
  facet normal 0 0 1
    outer loop
      vertex -28.5 4.2 3.5
      vertex -23.2175 6.41329 3.5
      vertex -23.4142 6.58579 3.5
    endloop
  endfacet
  facet normal 0 0 1
    outer loop
      vertex -22.7654 -6.15224 3.5
      vertex -28.5 -0.799999 3.5
      vertex -23 -6.26795 3.5
    endloop
  endfacet
  facet normal 0 0 1
    outer loop
      vertex -28.5 4.2 3.5
      vertex -23.4142 6.58579 3.5
      vertex -23.5867 6.78248 3.5
    endloop
  endfacet
  facet normal -0 0 1
    outer loop
      vertex -28.5 -4.2 3.5
      vertex -23 -6.26795 3.5
      vertex -28.5 -0.799999 3.5
    endloop
  endfacet
  facet normal 0 0 1
    outer loop
      vertex -28.5 5.8 3.5
      vertex -23.5867 6.78248 3.5
      vertex -23.732 7 3.5
    endloop
  endfacet
  facet normal 0 0 1
    outer loop
      vertex -23 -6.26795 3.5
      vertex -28.5 -4.2 3.5
      vertex -23.2175 -6.41329 3.5
    endloop
  endfacet
  facet normal 0 0 1
    outer loop
      vertex -28.5 5.8 3.5
      vertex -23.732 7 3.5
      vertex -23.8478 7.23463 3.5
    endloop
  endfacet
  facet normal 0 0 1
    outer loop
      vertex -23.2175 -6.41329 3.5
      vertex -28.5 -4.2 3.5
      vertex -23.4142 -6.58579 3.5
    endloop
  endfacet
  facet normal 0 0 1
    outer loop
      vertex -28.5 5.8 3.5
      vertex -23.8478 7.23463 3.5
      vertex -23.9319 7.48236 3.5
    endloop
  endfacet
  facet normal 0 0 1
    outer loop
      vertex -23.4142 -6.58579 3.5
      vertex -28.5 -4.2 3.5
      vertex -23.5867 -6.78248 3.5
    endloop
  endfacet
  facet normal 0 0 1
    outer loop
      vertex -28.5 5.8 3.5
      vertex -23.9319 7.48236 3.5
      vertex -23.9829 7.73895 3.5
    endloop
  endfacet
  facet normal -0 0 1
    outer loop
      vertex -28.5 -5.8 3.5
      vertex -23.5867 -6.78248 3.5
      vertex -28.5 -4.2 3.5
    endloop
  endfacet
  facet normal 0 0 1
    outer loop
      vertex -28.5 9.2 3.5
      vertex -23.9829 7.73895 3.5
      vertex -24 8 3.5
    endloop
  endfacet
  facet normal 0 0 1
    outer loop
      vertex -23.5867 -6.78248 3.5
      vertex -28.5 -5.8 3.5
      vertex -23.732 -7 3.5
    endloop
  endfacet
  facet normal 0 0 1
    outer loop
      vertex -20.0171 7.73895 3.5
      vertex -14 12 3.5
      vertex -20 8 3.5
    endloop
  endfacet
  facet normal 0 0 1
    outer loop
      vertex -14 12 3.5
      vertex -20.0171 8.26105 3.5
      vertex -20 8 3.5
    endloop
  endfacet
  facet normal 0 0 1
    outer loop
      vertex -14 12 3.5
      vertex -20.0681 8.51764 3.5
      vertex -20.0171 8.26105 3.5
    endloop
  endfacet
  facet normal 0 0 1
    outer loop
      vertex -14 12 3.5
      vertex -20.1522 8.76537 3.5
      vertex -20.0681 8.51764 3.5
    endloop
  endfacet
  facet normal 0 0 1
    outer loop
      vertex -14 12 3.5
      vertex -20.2679 9 3.5
      vertex -20.1522 8.76537 3.5
    endloop
  endfacet
  facet normal 0 0 1
    outer loop
      vertex -14 12 3.5
      vertex -20.4133 9.21752 3.5
      vertex -20.2679 9 3.5
    endloop
  endfacet
  facet normal 0 0 1
    outer loop
      vertex -14 12 3.5
      vertex -20.5858 9.41421 3.5
      vertex -20.4133 9.21752 3.5
    endloop
  endfacet
  facet normal 0 0 1
    outer loop
      vertex -14 12 3.5
      vertex -20.7825 9.58671 3.5
      vertex -20.5858 9.41421 3.5
    endloop
  endfacet
  facet normal -0 0 1
    outer loop
      vertex -22 12 3.5
      vertex -20.7825 9.58671 3.5
      vertex -14 12 3.5
    endloop
  endfacet
  facet normal 0 0 1
    outer loop
      vertex -20.7825 9.58671 3.5
      vertex -22 12 3.5
      vertex -21 9.73205 3.5
    endloop
  endfacet
  facet normal 0 0 1
    outer loop
      vertex -21 9.73205 3.5
      vertex -22 12 3.5
      vertex -21.2346 9.84776 3.5
    endloop
  endfacet
  facet normal 0 0 1
    outer loop
      vertex -21.2346 9.84776 3.5
      vertex -22 12 3.5
      vertex -21.4824 9.93185 3.5
    endloop
  endfacet
  facet normal 0 0 1
    outer loop
      vertex -21.4824 9.93185 3.5
      vertex -22 12 3.5
      vertex -21.7389 9.98289 3.5
    endloop
  endfacet
  facet normal 0 0 1
    outer loop
      vertex -21.7389 9.98289 3.5
      vertex -22 12 3.5
      vertex -22 10 3.5
    endloop
  endfacet
  facet normal 0 0 1
    outer loop
      vertex -20.0681 7.48236 3.5
      vertex -14 12 3.5
      vertex -20.0171 7.73895 3.5
    endloop
  endfacet
  facet normal -0 0 1
    outer loop
      vertex -20.0171 -8.26105 3.5
      vertex -14 -12 3.5
      vertex -20 -8 3.5
    endloop
  endfacet
  facet normal -0 0 1
    outer loop
      vertex -20.0681 -8.51764 3.5
      vertex -14 -12 3.5
      vertex -20.0171 -8.26105 3.5
    endloop
  endfacet
  facet normal -0 0 1
    outer loop
      vertex -20.1522 -8.76537 3.5
      vertex -14 -12 3.5
      vertex -20.0681 -8.51764 3.5
    endloop
  endfacet
  facet normal -0 0 1
    outer loop
      vertex -20.2679 -9 3.5
      vertex -14 -12 3.5
      vertex -20.1522 -8.76537 3.5
    endloop
  endfacet
  facet normal -0 0 1
    outer loop
      vertex -20.4133 -9.21752 3.5
      vertex -14 -12 3.5
      vertex -20.2679 -9 3.5
    endloop
  endfacet
  facet normal -0 0 1
    outer loop
      vertex -20.5858 -9.41421 3.5
      vertex -14 -12 3.5
      vertex -20.4133 -9.21752 3.5
    endloop
  endfacet
  facet normal -0 0 1
    outer loop
      vertex -20.7825 -9.58671 3.5
      vertex -14 -12 3.5
      vertex -20.5858 -9.41421 3.5
    endloop
  endfacet
  facet normal 0 0 1
    outer loop
      vertex -22 -12 3.5
      vertex -20.7825 -9.58671 3.5
      vertex -21 -9.73205 3.5
    endloop
  endfacet
  facet normal 0 0 1
    outer loop
      vertex -22 -12 3.5
      vertex -21 -9.73205 3.5
      vertex -21.2346 -9.84776 3.5
    endloop
  endfacet
  facet normal 0 0 1
    outer loop
      vertex -22 -12 3.5
      vertex -21.2346 -9.84776 3.5
      vertex -21.4824 -9.93185 3.5
    endloop
  endfacet
  facet normal 0 0 1
    outer loop
      vertex -22 -12 3.5
      vertex -21.4824 -9.93185 3.5
      vertex -21.7389 -9.98289 3.5
    endloop
  endfacet
  facet normal 0 0 1
    outer loop
      vertex -22 -12 3.5
      vertex -21.7389 -9.98289 3.5
      vertex -22 -10 3.5
    endloop
  endfacet
  facet normal 0 0 1
    outer loop
      vertex -20.7825 -9.58671 3.5
      vertex -22 -12 3.5
      vertex -14 -12 3.5
    endloop
  endfacet
  facet normal 0 0 1
    outer loop
      vertex -22.2611 -9.98289 3.5
      vertex -22 -12 3.5
      vertex -22 -10 3.5
    endloop
  endfacet
  facet normal 0 0 1
    outer loop
      vertex -22.5176 -9.93185 3.5
      vertex -22 -12 3.5
      vertex -22.2611 -9.98289 3.5
    endloop
  endfacet
  facet normal 0 0 1
    outer loop
      vertex 21.7389 -9.98289 3.5
      vertex 22 -12 3.5
      vertex 22 -10 3.5
    endloop
  endfacet
  facet normal 0 0 1
    outer loop
      vertex 21.4824 -9.93185 3.5
      vertex 22 -12 3.5
      vertex 21.7389 -9.98289 3.5
    endloop
  endfacet
  facet normal 0 0 1
    outer loop
      vertex 21.2346 -9.84776 3.5
      vertex 22 -12 3.5
      vertex 21.4824 -9.93185 3.5
    endloop
  endfacet
  facet normal 0 0 1
    outer loop
      vertex 21 -9.73205 3.5
      vertex 22 -12 3.5
      vertex 21.2346 -9.84776 3.5
    endloop
  endfacet
  facet normal 0 0 1
    outer loop
      vertex 20.7825 -9.58671 3.5
      vertex 22 -12 3.5
      vertex 21 -9.73205 3.5
    endloop
  endfacet
  facet normal 0 0 1
    outer loop
      vertex 20.5858 -9.41421 3.5
      vertex 22 -12 3.5
      vertex 20.7825 -9.58671 3.5
    endloop
  endfacet
  facet normal 0 0 1
    outer loop
      vertex 14 -12 3.5
      vertex 20.5858 -9.41421 3.5
      vertex 20.4133 -9.21752 3.5
    endloop
  endfacet
  facet normal 0 0 1
    outer loop
      vertex 14 -12 3.5
      vertex 20.4133 -9.21752 3.5
      vertex 20.2679 -9 3.5
    endloop
  endfacet
  facet normal 0 0 1
    outer loop
      vertex 20.0171 -7.73895 3.5
      vertex 14 -12 3.5
      vertex 20 -8 3.5
    endloop
  endfacet
  facet normal 0 0 1
    outer loop
      vertex 20 -8 3.5
      vertex 14 -12 3.5
      vertex 20.0171 -8.26105 3.5
    endloop
  endfacet
  facet normal 0 0 1
    outer loop
      vertex 20.5858 -9.41421 3.5
      vertex 14 -12 3.5
      vertex 22 -12 3.5
    endloop
  endfacet
  facet normal 0 0 1
    outer loop
      vertex 20.1522 -8.76537 3.5
      vertex 14 -12 3.5
      vertex 20.2679 -9 3.5
    endloop
  endfacet
  facet normal 0 0 1
    outer loop
      vertex 20.0681 -8.51764 3.5
      vertex 14 -12 3.5
      vertex 20.1522 -8.76537 3.5
    endloop
  endfacet
  facet normal 0 0 1
    outer loop
      vertex 20.0171 -8.26105 3.5
      vertex 14 -12 3.5
      vertex 20.0681 -8.51764 3.5
    endloop
  endfacet
  facet normal -0 0 1
    outer loop
      vertex 23.5867 6.78248 3.5
      vertex 28.5 5.8 3.5
      vertex 23.732 7 3.5
    endloop
  endfacet
  facet normal 0 0 1
    outer loop
      vertex 28.5 -0.799999 3.5
      vertex 23.9829 -7.73895 3.5
      vertex 24 -8 3.5
    endloop
  endfacet
  facet normal 0 0 1
    outer loop
      vertex 28.5 5.8 3.5
      vertex 23.5867 6.78248 3.5
      vertex 28.5 4.2 3.5
    endloop
  endfacet
  facet normal 0 0 1
    outer loop
      vertex 28.5 -0.799999 3.5
      vertex 23.9319 -7.48236 3.5
      vertex 23.9829 -7.73895 3.5
    endloop
  endfacet
  facet normal -0 0 1
    outer loop
      vertex 23.4142 6.58579 3.5
      vertex 28.5 4.2 3.5
      vertex 23.5867 6.78248 3.5
    endloop
  endfacet
  facet normal 0 0 1
    outer loop
      vertex 28.5 -0.799999 3.5
      vertex 23.8478 -7.23463 3.5
      vertex 23.9319 -7.48236 3.5
    endloop
  endfacet
  facet normal -0 0 1
    outer loop
      vertex 23.2175 6.41329 3.5
      vertex 28.5 4.2 3.5
      vertex 23.4142 6.58579 3.5
    endloop
  endfacet
  facet normal 0 0 1
    outer loop
      vertex 28.5 -0.799999 3.5
      vertex 23.732 -7 3.5
      vertex 23.8478 -7.23463 3.5
    endloop
  endfacet
  facet normal -0 0 1
    outer loop
      vertex 23 6.26795 3.5
      vertex 28.5 4.2 3.5
      vertex 23.2175 6.41329 3.5
    endloop
  endfacet
  facet normal 0 0 1
    outer loop
      vertex 28.5 -0.799999 3.5
      vertex 23.5867 -6.78248 3.5
      vertex 23.732 -7 3.5
    endloop
  endfacet
  facet normal 0 0 1
    outer loop
      vertex 28.5 4.2 3.5
      vertex 23 6.26795 3.5
      vertex 28.5 0.799999 3.5
    endloop
  endfacet
  facet normal 0 0 1
    outer loop
      vertex 28.5 -0.799999 3.5
      vertex 23.4142 -6.58579 3.5
      vertex 23.5867 -6.78248 3.5
    endloop
  endfacet
  facet normal -0 0 1
    outer loop
      vertex 22.7654 6.15224 3.5
      vertex 28.5 0.799999 3.5
      vertex 23 6.26795 3.5
    endloop
  endfacet
  facet normal 0 0 1
    outer loop
      vertex 28.5 -0.799999 3.5
      vertex 23.2175 -6.41329 3.5
      vertex 23.4142 -6.58579 3.5
    endloop
  endfacet
  facet normal -0 0 1
    outer loop
      vertex 22.5176 6.06815 3.5
      vertex 28.5 0.799999 3.5
      vertex 22.7654 6.15224 3.5
    endloop
  endfacet
  facet normal 0 0 1
    outer loop
      vertex 28.5 -0.799999 3.5
      vertex 23 -6.26795 3.5
      vertex 23.2175 -6.41329 3.5
    endloop
  endfacet
  facet normal -0 0 1
    outer loop
      vertex 22.2611 6.01711 3.5
      vertex 28.5 0.799999 3.5
      vertex 22.5176 6.06815 3.5
    endloop
  endfacet
  facet normal 0 0 1
    outer loop
      vertex 28.5 -0.799999 3.5
      vertex 22.7654 -6.15224 3.5
      vertex 23 -6.26795 3.5
    endloop
  endfacet
  facet normal 0 0 1
    outer loop
      vertex 28.5 0.799999 3.5
      vertex 22.2611 6.01711 3.5
      vertex 28.5 -0.799999 3.5
    endloop
  endfacet
  facet normal 0 0 1
    outer loop
      vertex 28.5 -0.799999 3.5
      vertex 22.5176 -6.06815 3.5
      vertex 22.7654 -6.15224 3.5
    endloop
  endfacet
  facet normal 0 0 1
    outer loop
      vertex 22.2611 -6.01711 3.5
      vertex 28.5 -0.799999 3.5
      vertex 22.2611 6.01711 3.5
    endloop
  endfacet
  facet normal 0 0 1
    outer loop
      vertex 28.5 -0.799999 3.5
      vertex 22.2611 -6.01711 3.5
      vertex 22.5176 -6.06815 3.5
    endloop
  endfacet
  facet normal -0 0 1
    outer loop
      vertex 22 6 3.5
      vertex 22.2611 -6.01711 3.5
      vertex 22.2611 6.01711 3.5
    endloop
  endfacet
  facet normal 0 0 1
    outer loop
      vertex 22 6 3.5
      vertex 22 -6 3.5
      vertex 22.2611 -6.01711 3.5
    endloop
  endfacet
  facet normal 0 0 1
    outer loop
      vertex 21.7389 6.01711 3.5
      vertex 22 -6 3.5
      vertex 22 6 3.5
    endloop
  endfacet
  facet normal 0 0 1
    outer loop
      vertex 21.7389 6.01711 3.5
      vertex 21.7389 -6.01711 3.5
      vertex 22 -6 3.5
    endloop
  endfacet
  facet normal 0 0 1
    outer loop
      vertex 21.4824 6.06815 3.5
      vertex 21.7389 -6.01711 3.5
      vertex 21.7389 6.01711 3.5
    endloop
  endfacet
  facet normal 0 0 1
    outer loop
      vertex 21.4824 6.06815 3.5
      vertex 21.4824 -6.06815 3.5
      vertex 21.7389 -6.01711 3.5
    endloop
  endfacet
  facet normal 0 0 1
    outer loop
      vertex 21.2346 6.15224 3.5
      vertex 21.4824 -6.06815 3.5
      vertex 21.4824 6.06815 3.5
    endloop
  endfacet
  facet normal 0 0 1
    outer loop
      vertex 21.2346 6.15224 3.5
      vertex 21.2346 -6.15224 3.5
      vertex 21.4824 -6.06815 3.5
    endloop
  endfacet
  facet normal 0 0 1
    outer loop
      vertex 21 6.26795 3.5
      vertex 21.2346 -6.15224 3.5
      vertex 21.2346 6.15224 3.5
    endloop
  endfacet
  facet normal 0 0 1
    outer loop
      vertex 21 6.26795 3.5
      vertex 21 -6.26795 3.5
      vertex 21.2346 -6.15224 3.5
    endloop
  endfacet
  facet normal 0 0 1
    outer loop
      vertex 20.7825 6.41329 3.5
      vertex 21 -6.26795 3.5
      vertex 21 6.26795 3.5
    endloop
  endfacet
  facet normal 0 0 1
    outer loop
      vertex 20.7825 6.41329 3.5
      vertex 20.7825 -6.41329 3.5
      vertex 21 -6.26795 3.5
    endloop
  endfacet
  facet normal 0 0 1
    outer loop
      vertex 20.5858 6.58579 3.5
      vertex 20.7825 -6.41329 3.5
      vertex 20.7825 6.41329 3.5
    endloop
  endfacet
  facet normal 0 0 1
    outer loop
      vertex 20.5858 6.58579 3.5
      vertex 20.5858 -6.58579 3.5
      vertex 20.7825 -6.41329 3.5
    endloop
  endfacet
  facet normal 0 0 1
    outer loop
      vertex 20.4133 6.78248 3.5
      vertex 20.5858 -6.58579 3.5
      vertex 20.5858 6.58579 3.5
    endloop
  endfacet
  facet normal 0 0 1
    outer loop
      vertex 20.4133 6.78248 3.5
      vertex 20.4133 -6.78248 3.5
      vertex 20.5858 -6.58579 3.5
    endloop
  endfacet
  facet normal 0 0 1
    outer loop
      vertex 20.2679 7 3.5
      vertex 20.4133 -6.78248 3.5
      vertex 20.4133 6.78248 3.5
    endloop
  endfacet
  facet normal 0 0 1
    outer loop
      vertex 20.2679 7 3.5
      vertex 20.2679 -7 3.5
      vertex 20.4133 -6.78248 3.5
    endloop
  endfacet
  facet normal 0 0 1
    outer loop
      vertex 14 12 3.5
      vertex 20.2679 7 3.5
      vertex 20.1522 7.23463 3.5
    endloop
  endfacet
  facet normal 0 0 1
    outer loop
      vertex 20.2679 7 3.5
      vertex 14 12 3.5
      vertex 20.2679 -7 3.5
    endloop
  endfacet
  facet normal 0 0 1
    outer loop
      vertex 14 12 3.5
      vertex 20.1522 7.23463 3.5
      vertex 20.0681 7.48236 3.5
    endloop
  endfacet
  facet normal 0 0 1
    outer loop
      vertex 14 -12 3.5
      vertex 20.2679 -7 3.5
      vertex 14 12 3.5
    endloop
  endfacet
  facet normal 0 0 1
    outer loop
      vertex 14 12 3.5
      vertex 20.0681 7.48236 3.5
      vertex 20.0171 7.73895 3.5
    endloop
  endfacet
  facet normal 0 0 1
    outer loop
      vertex 20.2679 -7 3.5
      vertex 14 -12 3.5
      vertex 20.1522 -7.23463 3.5
    endloop
  endfacet
  facet normal 0 0 1
    outer loop
      vertex 14 12 3.5
      vertex 20.0171 7.73895 3.5
      vertex 20 8 3.5
    endloop
  endfacet
  facet normal 0 0 1
    outer loop
      vertex 20.1522 -7.23463 3.5
      vertex 14 -12 3.5
      vertex 20.0681 -7.48236 3.5
    endloop
  endfacet
  facet normal -0 0 1
    outer loop
      vertex 28.5 -5.8 3.5
      vertex 33.5 -9.2 3.5
      vertex 33.5 -5.8 3.5
    endloop
  endfacet
  facet normal 0 0 1
    outer loop
      vertex 33.5 -9.2 3.5
      vertex 28.5 -5.8 3.5
      vertex 28.5 -9.2 3.5
    endloop
  endfacet
  facet normal -0 0 1
    outer loop
      vertex 28.5 -0.799999 3.5
      vertex 33.5 -4.2 3.5
      vertex 33.5 -0.799999 3.5
    endloop
  endfacet
  facet normal 0 0 1
    outer loop
      vertex 33.5 -4.2 3.5
      vertex 28.5 -0.799999 3.5
      vertex 28.5 -4.2 3.5
    endloop
  endfacet
  facet normal -0 0 1
    outer loop
      vertex 28.5 4.2 3.5
      vertex 33.5 0.799999 3.5
      vertex 33.5 4.2 3.5
    endloop
  endfacet
  facet normal 0 0 1
    outer loop
      vertex 33.5 0.799999 3.5
      vertex 28.5 4.2 3.5
      vertex 28.5 0.799999 3.5
    endloop
  endfacet
  facet normal -0 0 1
    outer loop
      vertex 28.5 9.2 3.5
      vertex 33.5 5.8 3.5
      vertex 33.5 9.2 3.5
    endloop
  endfacet
  facet normal 0 0 1
    outer loop
      vertex 33.5 5.8 3.5
      vertex 28.5 9.2 3.5
      vertex 28.5 5.8 3.5
    endloop
  endfacet
  facet normal 0 0 1
    outer loop
      vertex 34.75 15.75 3.5
      vertex 36.75 13.75 3.5
      vertex 36.7329 14.011 3.5
    endloop
  endfacet
  facet normal 0 0 1
    outer loop
      vertex 36.75 13.75 3.5
      vertex 33.5 0.799999 3.5
      vertex 36.75 -13.75 3.5
    endloop
  endfacet
  facet normal 0 0 1
    outer loop
      vertex 34.75 15.75 3.5
      vertex 36.7329 14.011 3.5
      vertex 36.6819 14.2676 3.5
    endloop
  endfacet
  facet normal -0 0 1
    outer loop
      vertex 33.5 -0.799999 3.5
      vertex 36.75 -13.75 3.5
      vertex 33.5 0.799999 3.5
    endloop
  endfacet
  facet normal 0 0 1
    outer loop
      vertex 34.75 15.75 3.5
      vertex 36.6819 14.2676 3.5
      vertex 36.5978 14.5154 3.5
    endloop
  endfacet
  facet normal -0 0 1
    outer loop
      vertex 33.5 -4.2 3.5
      vertex 36.75 -13.75 3.5
      vertex 33.5 -0.799999 3.5
    endloop
  endfacet
  facet normal 0 0 1
    outer loop
      vertex 34.75 15.75 3.5
      vertex 36.5978 14.5154 3.5
      vertex 36.4821 14.75 3.5
    endloop
  endfacet
  facet normal -0 0 1
    outer loop
      vertex 33.5 -5.8 3.5
      vertex 36.75 -13.75 3.5
      vertex 33.5 -4.2 3.5
    endloop
  endfacet
  facet normal 0 0 1
    outer loop
      vertex 34.75 15.75 3.5
      vertex 36.4821 14.75 3.5
      vertex 36.3367 14.9675 3.5
    endloop
  endfacet
  facet normal -0 0 1
    outer loop
      vertex 33.5 -9.2 3.5
      vertex 36.75 -13.75 3.5
      vertex 33.5 -5.8 3.5
    endloop
  endfacet
  facet normal 0 0 1
    outer loop
      vertex 34.75 15.75 3.5
      vertex 36.3367 14.9675 3.5
      vertex 36.1642 15.1642 3.5
    endloop
  endfacet
  facet normal -0 0 1
    outer loop
      vertex 33.5 -10.8 3.5
      vertex 36.75 -13.75 3.5
      vertex 33.5 -9.2 3.5
    endloop
  endfacet
  facet normal 0 0 1
    outer loop
      vertex 34.75 15.75 3.5
      vertex 36.1642 15.1642 3.5
      vertex 35.9675 15.3367 3.5
    endloop
  endfacet
  facet normal 0 -0 1
    outer loop
      vertex 34.75 -15.75 3.5
      vertex 36.75 -13.75 3.5
      vertex 33.5 -10.8 3.5
    endloop
  endfacet
  facet normal 0 0 1
    outer loop
      vertex 34.75 15.75 3.5
      vertex 35.9675 15.3367 3.5
      vertex 35.75 15.4821 3.5
    endloop
  endfacet
  facet normal 0 0 1
    outer loop
      vertex 36.75 -13.75 3.5
      vertex 34.75 -15.75 3.5
      vertex 36.7329 -14.011 3.5
    endloop
  endfacet
  facet normal 0 0 1
    outer loop
      vertex 34.75 15.75 3.5
      vertex 35.75 15.4821 3.5
      vertex 35.5154 15.5978 3.5
    endloop
  endfacet
  facet normal 0 0 1
    outer loop
      vertex 36.7329 -14.011 3.5
      vertex 34.75 -15.75 3.5
      vertex 36.6819 -14.2676 3.5
    endloop
  endfacet
  facet normal 0 0 1
    outer loop
      vertex 34.75 15.75 3.5
      vertex 35.5154 15.5978 3.5
      vertex 35.2676 15.6819 3.5
    endloop
  endfacet
  facet normal 0 0 1
    outer loop
      vertex 36.6819 -14.2676 3.5
      vertex 34.75 -15.75 3.5
      vertex 36.5978 -14.5154 3.5
    endloop
  endfacet
  facet normal 0 0 1
    outer loop
      vertex 34.75 15.75 3.5
      vertex 35.2676 15.6819 3.5
      vertex 35.011 15.7329 3.5
    endloop
  endfacet
  facet normal 0 0 1
    outer loop
      vertex 36.5978 -14.5154 3.5
      vertex 34.75 -15.75 3.5
      vertex 36.4821 -14.75 3.5
    endloop
  endfacet
  facet normal 0 0 1
    outer loop
      vertex 36.75 13.75 3.5
      vertex 34.75 15.75 3.5
      vertex 33.5 10.8 3.5
    endloop
  endfacet
  facet normal 0 0 1
    outer loop
      vertex 36.4821 -14.75 3.5
      vertex 34.75 -15.75 3.5
      vertex 36.3367 -14.9675 3.5
    endloop
  endfacet
  facet normal 0 0 1
    outer loop
      vertex 36.75 13.75 3.5
      vertex 33.5 10.8 3.5
      vertex 33.5 9.2 3.5
    endloop
  endfacet
  facet normal 0 0 1
    outer loop
      vertex 34.75 15.75 3.5
      vertex 28.5 10.8 3.5
      vertex 33.5 10.8 3.5
    endloop
  endfacet
  facet normal 0 0 1
    outer loop
      vertex 23.8478 8.76537 3.5
      vertex 28.5 9.2 3.5
      vertex 28.5 10.8 3.5
    endloop
  endfacet
  facet normal 0 0 1
    outer loop
      vertex 23.9829 7.73895 3.5
      vertex 28.5 9.2 3.5
      vertex 24 8 3.5
    endloop
  endfacet
  facet normal 0 0 1
    outer loop
      vertex 28.5 9.2 3.5
      vertex 23.9829 7.73895 3.5
      vertex 28.5 5.8 3.5
    endloop
  endfacet
  facet normal -0 0 1
    outer loop
      vertex 23.9319 7.48236 3.5
      vertex 28.5 5.8 3.5
      vertex 23.9829 7.73895 3.5
    endloop
  endfacet
  facet normal -0 0 1
    outer loop
      vertex 23.8478 7.23463 3.5
      vertex 28.5 5.8 3.5
      vertex 23.9319 7.48236 3.5
    endloop
  endfacet
  facet normal -0 0 1
    outer loop
      vertex 23.732 7 3.5
      vertex 28.5 5.8 3.5
      vertex 23.8478 7.23463 3.5
    endloop
  endfacet
  facet normal 0 0 1
    outer loop
      vertex 28.5 -0.799999 3.5
      vertex 24 -8 3.5
      vertex 28.5 -4.2 3.5
    endloop
  endfacet
  facet normal 0 0 1
    outer loop
      vertex 28.5 -4.2 3.5
      vertex 24 -8 3.5
      vertex 28.5 -5.8 3.5
    endloop
  endfacet
  facet normal 0 0 1
    outer loop
      vertex 28.5 -5.8 3.5
      vertex 24 -8 3.5
      vertex 28.5 -9.2 3.5
    endloop
  endfacet
  facet normal -0 0 1
    outer loop
      vertex 22 14 3.5
      vertex 28.5 10.8 3.5
      vertex 34.75 15.75 3.5
    endloop
  endfacet
  facet normal 0 0 1
    outer loop
      vertex 28.5 9.2 3.5
      vertex 23.9829 8.26105 3.5
      vertex 24 8 3.5
    endloop
  endfacet
  facet normal 0 0 1
    outer loop
      vertex 28.5 9.2 3.5
      vertex 23.9319 8.51764 3.5
      vertex 23.9829 8.26105 3.5
    endloop
  endfacet
  facet normal 0 0 1
    outer loop
      vertex 28.5 9.2 3.5
      vertex 23.8478 8.76537 3.5
      vertex 23.9319 8.51764 3.5
    endloop
  endfacet
  facet normal 0 0 1
    outer loop
      vertex 28.5 10.8 3.5
      vertex 23.732 9 3.5
      vertex 23.8478 8.76537 3.5
    endloop
  endfacet
  facet normal 0 0 1
    outer loop
      vertex 28.5 10.8 3.5
      vertex 23.5867 9.21752 3.5
      vertex 23.732 9 3.5
    endloop
  endfacet
  facet normal -0 0 1
    outer loop
      vertex 22 12 3.5
      vertex 28.5 10.8 3.5
      vertex 22 14 3.5
    endloop
  endfacet
  facet normal 0 0 1
    outer loop
      vertex 28.5 10.8 3.5
      vertex 23.4142 9.41421 3.5
      vertex 23.5867 9.21752 3.5
    endloop
  endfacet
  facet normal 0 -0 1
    outer loop
      vertex 23.2175 9.58671 3.5
      vertex 28.5 10.8 3.5
      vertex 22 12 3.5
    endloop
  endfacet
  facet normal 0 0 1
    outer loop
      vertex 28.5 10.8 3.5
      vertex 23.2175 9.58671 3.5
      vertex 23.4142 9.41421 3.5
    endloop
  endfacet
  facet normal 0 0 1
    outer loop
      vertex 23.2175 9.58671 3.5
      vertex 22 12 3.5
      vertex 23 9.73205 3.5
    endloop
  endfacet
  facet normal 0 0 1
    outer loop
      vertex 22.7654 9.84776 3.5
      vertex 22 12 3.5
      vertex 22.5176 9.93185 3.5
    endloop
  endfacet
  facet normal 0 0 1
    outer loop
      vertex 23 9.73205 3.5
      vertex 22 12 3.5
      vertex 22.7654 9.84776 3.5
    endloop
  endfacet
  facet normal 0 0 1
    outer loop
      vertex 34.75 15.75 3.5
      vertex 14 14 3.5
      vertex 22 14 3.5
    endloop
  endfacet
  facet normal 0 0 1
    outer loop
      vertex -14 12 3.5
      vertex 14 12 3.5
      vertex 14 14 3.5
    endloop
  endfacet
  facet normal 0 0 1
    outer loop
      vertex 14 12 3.5
      vertex -14 12 3.5
      vertex 14 -12 3.5
    endloop
  endfacet
  facet normal 0 0 1
    outer loop
      vertex -14 12 3.5
      vertex 14 14 3.5
      vertex -14 14 3.5
    endloop
  endfacet
  facet normal 0 0 1
    outer loop
      vertex 34.75 15.75 3.5
      vertex -14 14 3.5
      vertex 14 14 3.5
    endloop
  endfacet
  facet normal -0 0 1
    outer loop
      vertex -34.75 15.75 3.5
      vertex -14 14 3.5
      vertex 34.75 15.75 3.5
    endloop
  endfacet
  facet normal 0 0 1
    outer loop
      vertex -28.5 10.8 3.5
      vertex -22 12 3.5
      vertex -22 14 3.5
    endloop
  endfacet
  facet normal 0 0 1
    outer loop
      vertex -22 12 3.5
      vertex -22.2611 9.98289 3.5
      vertex -22 10 3.5
    endloop
  endfacet
  facet normal 0 0 1
    outer loop
      vertex -22 12 3.5
      vertex -22.5176 9.93185 3.5
      vertex -22.2611 9.98289 3.5
    endloop
  endfacet
  facet normal 0 0 1
    outer loop
      vertex -22 12 3.5
      vertex -22.7654 9.84776 3.5
      vertex -22.5176 9.93185 3.5
    endloop
  endfacet
  facet normal 0 0 1
    outer loop
      vertex -22 12 3.5
      vertex -23 9.73205 3.5
      vertex -22.7654 9.84776 3.5
    endloop
  endfacet
  facet normal 0 0 1
    outer loop
      vertex -22 12 3.5
      vertex -23.2175 9.58671 3.5
      vertex -23 9.73205 3.5
    endloop
  endfacet
  facet normal 0 0 1
    outer loop
      vertex -22 12 3.5
      vertex -28.5 10.8 3.5
      vertex -23.2175 9.58671 3.5
    endloop
  endfacet
  facet normal 0 0 1
    outer loop
      vertex -23.2175 9.58671 3.5
      vertex -28.5 10.8 3.5
      vertex -23.4142 9.41421 3.5
    endloop
  endfacet
  facet normal 0 0 1
    outer loop
      vertex -23.4142 9.41421 3.5
      vertex -28.5 10.8 3.5
      vertex -23.5867 9.21752 3.5
    endloop
  endfacet
  facet normal 0 0 1
    outer loop
      vertex -23.5867 9.21752 3.5
      vertex -28.5 10.8 3.5
      vertex -23.732 9 3.5
    endloop
  endfacet
  facet normal 0 0 1
    outer loop
      vertex -23.9829 8.26105 3.5
      vertex -28.5 9.2 3.5
      vertex -24 8 3.5
    endloop
  endfacet
  facet normal 0 0 1
    outer loop
      vertex -23.9319 8.51764 3.5
      vertex -28.5 9.2 3.5
      vertex -23.9829 8.26105 3.5
    endloop
  endfacet
  facet normal 0 0 1
    outer loop
      vertex -23.8478 8.76537 3.5
      vertex -28.5 9.2 3.5
      vertex -23.9319 8.51764 3.5
    endloop
  endfacet
  facet normal -0 0 1
    outer loop
      vertex -28.5 9.2 3.5
      vertex -23.8478 8.76537 3.5
      vertex -28.5 10.8 3.5
    endloop
  endfacet
  facet normal 0 0 1
    outer loop
      vertex -23.732 9 3.5
      vertex -28.5 10.8 3.5
      vertex -23.8478 8.76537 3.5
    endloop
  endfacet
  facet normal 0 0 1
    outer loop
      vertex -34.75 15.75 3.5
      vertex -28.5 10.8 3.5
      vertex -22 14 3.5
    endloop
  endfacet
  facet normal 0 0 1
    outer loop
      vertex -36.75 13.75 3.5
      vertex -33.5 9.2 3.5
      vertex -33.5 10.8 3.5
    endloop
  endfacet
  facet normal 0 0 1
    outer loop
      vertex -33.5 9.2 3.5
      vertex -36.75 13.75 3.5
      vertex -33.5 5.8 3.5
    endloop
  endfacet
  facet normal 0 0 1
    outer loop
      vertex -33.5 5.8 3.5
      vertex -36.75 13.75 3.5
      vertex -33.5 4.2 3.5
    endloop
  endfacet
  facet normal 0 0 1
    outer loop
      vertex -33.5 4.2 3.5
      vertex -36.75 13.75 3.5
      vertex -33.5 0.799999 3.5
    endloop
  endfacet
  facet normal 0 0 1
    outer loop
      vertex -33.5 0.799999 3.5
      vertex -36.75 13.75 3.5
      vertex -33.5 -0.799999 3.5
    endloop
  endfacet
  facet normal 0 0 1
    outer loop
      vertex -36.75 -13.75 3.5
      vertex -33.5 -0.799999 3.5
      vertex -36.75 13.75 3.5
    endloop
  endfacet
  facet normal 0 0 1
    outer loop
      vertex -33.5 -0.799999 3.5
      vertex -36.75 -13.75 3.5
      vertex -33.5 -4.2 3.5
    endloop
  endfacet
  facet normal 0 0 1
    outer loop
      vertex -33.5 -4.2 3.5
      vertex -36.75 -13.75 3.5
      vertex -33.5 -5.8 3.5
    endloop
  endfacet
  facet normal -0 0 1
    outer loop
      vertex -36.75 13.75 3.5
      vertex -33.5 10.8 3.5
      vertex -34.75 15.75 3.5
    endloop
  endfacet
  facet normal 0 0 1
    outer loop
      vertex -28.5 10.8 3.5
      vertex -34.75 15.75 3.5
      vertex -33.5 10.8 3.5
    endloop
  endfacet
  facet normal 0 0 1
    outer loop
      vertex -14 14 3.5
      vertex -34.75 15.75 3.5
      vertex -22 14 3.5
    endloop
  endfacet
  facet normal 0 0 1
    outer loop
      vertex 36.75 13.75 3.5
      vertex 33.5 9.2 3.5
      vertex 33.5 5.8 3.5
    endloop
  endfacet
  facet normal 0 0 1
    outer loop
      vertex 36.75 13.75 3.5
      vertex 33.5 5.8 3.5
      vertex 33.5 4.2 3.5
    endloop
  endfacet
  facet normal 0 0 1
    outer loop
      vertex 36.75 13.75 3.5
      vertex 33.5 4.2 3.5
      vertex 33.5 0.799999 3.5
    endloop
  endfacet
  facet normal 0 0 1
    outer loop
      vertex 36.3367 -14.9675 3.5
      vertex 34.75 -15.75 3.5
      vertex 36.1642 -15.1642 3.5
    endloop
  endfacet
  facet normal 0 0 1
    outer loop
      vertex 36.1642 -15.1642 3.5
      vertex 34.75 -15.75 3.5
      vertex 35.9675 -15.3367 3.5
    endloop
  endfacet
  facet normal 0 0 1
    outer loop
      vertex 35.9675 -15.3367 3.5
      vertex 34.75 -15.75 3.5
      vertex 35.75 -15.4821 3.5
    endloop
  endfacet
  facet normal 0 0 1
    outer loop
      vertex 35.75 -15.4821 3.5
      vertex 34.75 -15.75 3.5
      vertex 35.5154 -15.5978 3.5
    endloop
  endfacet
  facet normal 0 0 1
    outer loop
      vertex 35.5154 -15.5978 3.5
      vertex 34.75 -15.75 3.5
      vertex 35.2676 -15.6819 3.5
    endloop
  endfacet
  facet normal 0 0 1
    outer loop
      vertex 35.2676 -15.6819 3.5
      vertex 34.75 -15.75 3.5
      vertex 35.011 -15.7329 3.5
    endloop
  endfacet
  facet normal -0 0 1
    outer loop
      vertex 28.5 -10.8 3.5
      vertex 34.75 -15.75 3.5
      vertex 33.5 -10.8 3.5
    endloop
  endfacet
  facet normal -0 0 1
    outer loop
      vertex 23.9829 -8.26105 3.5
      vertex 28.5 -9.2 3.5
      vertex 24 -8 3.5
    endloop
  endfacet
  facet normal -0 0 1
    outer loop
      vertex 23.9319 -8.51764 3.5
      vertex 28.5 -9.2 3.5
      vertex 23.9829 -8.26105 3.5
    endloop
  endfacet
  facet normal -0 0 1
    outer loop
      vertex 23.8478 -8.76537 3.5
      vertex 28.5 -9.2 3.5
      vertex 23.9319 -8.51764 3.5
    endloop
  endfacet
  facet normal 0 0 1
    outer loop
      vertex 28.5 -9.2 3.5
      vertex 23.8478 -8.76537 3.5
      vertex 28.5 -10.8 3.5
    endloop
  endfacet
  facet normal -0 0 1
    outer loop
      vertex 23.732 -9 3.5
      vertex 28.5 -10.8 3.5
      vertex 23.8478 -8.76537 3.5
    endloop
  endfacet
  facet normal -0 0 1
    outer loop
      vertex 23.5867 -9.21752 3.5
      vertex 28.5 -10.8 3.5
      vertex 23.732 -9 3.5
    endloop
  endfacet
  facet normal -0 0 1
    outer loop
      vertex 23.4142 -9.41421 3.5
      vertex 28.5 -10.8 3.5
      vertex 23.5867 -9.21752 3.5
    endloop
  endfacet
  facet normal -0 0 1
    outer loop
      vertex 23.2175 -9.58671 3.5
      vertex 28.5 -10.8 3.5
      vertex 23.4142 -9.41421 3.5
    endloop
  endfacet
  facet normal 0 0 1
    outer loop
      vertex 28.5 -10.8 3.5
      vertex 23.2175 -9.58671 3.5
      vertex 22 -12 3.5
    endloop
  endfacet
  facet normal 0 0 1
    outer loop
      vertex 22 -12 3.5
      vertex 23.2175 -9.58671 3.5
      vertex 23 -9.73205 3.5
    endloop
  endfacet
  facet normal 0 0 1
    outer loop
      vertex 22 -12 3.5
      vertex 23 -9.73205 3.5
      vertex 22.7654 -9.84776 3.5
    endloop
  endfacet
  facet normal 0 0 1
    outer loop
      vertex 22 -12 3.5
      vertex 22.7654 -9.84776 3.5
      vertex 22.5176 -9.93185 3.5
    endloop
  endfacet
  facet normal 0 0 1
    outer loop
      vertex 22 -12 3.5
      vertex 22.5176 -9.93185 3.5
      vertex 22.2611 -9.98289 3.5
    endloop
  endfacet
  facet normal 0 0 1
    outer loop
      vertex 22 -12 3.5
      vertex 22.2611 -9.98289 3.5
      vertex 22 -10 3.5
    endloop
  endfacet
  facet normal 0 0 1
    outer loop
      vertex 28.5 -10.8 3.5
      vertex 22 -12 3.5
      vertex 22 -14 3.5
    endloop
  endfacet
  facet normal 0 0 1
    outer loop
      vertex 28.5 -10.8 3.5
      vertex 22 -14 3.5
      vertex 34.75 -15.75 3.5
    endloop
  endfacet
  facet normal -0 0 1
    outer loop
      vertex 14 -14 3.5
      vertex 34.75 -15.75 3.5
      vertex 22 -14 3.5
    endloop
  endfacet
  facet normal 0 0 1
    outer loop
      vertex -14 -12 3.5
      vertex 14 -12 3.5
      vertex -14 12 3.5
    endloop
  endfacet
  facet normal 0 0 1
    outer loop
      vertex 14 -12 3.5
      vertex -14 -12 3.5
      vertex 14 -14 3.5
    endloop
  endfacet
  facet normal 0 0 1
    outer loop
      vertex -14 -14 3.5
      vertex 14 -14 3.5
      vertex -14 -12 3.5
    endloop
  endfacet
  facet normal 0 0 1
    outer loop
      vertex 14 -14 3.5
      vertex -14 -14 3.5
      vertex 34.75 -15.75 3.5
    endloop
  endfacet
  facet normal 0 0 1
    outer loop
      vertex -34.75 -15.75 3.5
      vertex -14 -14 3.5
      vertex -22 -14 3.5
    endloop
  endfacet
  facet normal 0 0 1
    outer loop
      vertex -22.7654 -9.84776 3.5
      vertex -22 -12 3.5
      vertex -22.5176 -9.93185 3.5
    endloop
  endfacet
  facet normal 0 0 1
    outer loop
      vertex -23 -9.73205 3.5
      vertex -22 -12 3.5
      vertex -22.7654 -9.84776 3.5
    endloop
  endfacet
  facet normal 0 0 1
    outer loop
      vertex -23.2175 -9.58671 3.5
      vertex -22 -12 3.5
      vertex -23 -9.73205 3.5
    endloop
  endfacet
  facet normal -0 0 1
    outer loop
      vertex -28.5 -10.8 3.5
      vertex -22 -12 3.5
      vertex -23.2175 -9.58671 3.5
    endloop
  endfacet
  facet normal 0 0 1
    outer loop
      vertex -28.5 -10.8 3.5
      vertex -23.2175 -9.58671 3.5
      vertex -23.4142 -9.41421 3.5
    endloop
  endfacet
  facet normal 0 0 1
    outer loop
      vertex -28.5 -10.8 3.5
      vertex -23.4142 -9.41421 3.5
      vertex -23.5867 -9.21752 3.5
    endloop
  endfacet
  facet normal 0 0 1
    outer loop
      vertex -28.5 -10.8 3.5
      vertex -23.5867 -9.21752 3.5
      vertex -23.732 -9 3.5
    endloop
  endfacet
  facet normal 0 0 1
    outer loop
      vertex -28.5 -10.8 3.5
      vertex -23.732 -9 3.5
      vertex -23.8478 -8.76537 3.5
    endloop
  endfacet
  facet normal 0 0 1
    outer loop
      vertex -23.9829 7.73895 3.5
      vertex -28.5 9.2 3.5
      vertex -28.5 5.8 3.5
    endloop
  endfacet
  facet normal 0 0 1
    outer loop
      vertex -23.5867 6.78248 3.5
      vertex -28.5 5.8 3.5
      vertex -28.5 4.2 3.5
    endloop
  endfacet
  facet normal 0 0 1
    outer loop
      vertex -23 6.26795 3.5
      vertex -28.5 4.2 3.5
      vertex -28.5 0.799999 3.5
    endloop
  endfacet
  facet normal 0 0 1
    outer loop
      vertex -23.732 -7 3.5
      vertex -28.5 -5.8 3.5
      vertex -23.8478 -7.23463 3.5
    endloop
  endfacet
  facet normal 0 0 1
    outer loop
      vertex -23.8478 -7.23463 3.5
      vertex -28.5 -5.8 3.5
      vertex -23.9319 -7.48236 3.5
    endloop
  endfacet
  facet normal 0 0 1
    outer loop
      vertex -23.9319 -7.48236 3.5
      vertex -28.5 -5.8 3.5
      vertex -23.9829 -7.73895 3.5
    endloop
  endfacet
  facet normal 0 0 1
    outer loop
      vertex -28.5 -9.2 3.5
      vertex -23.9829 -7.73895 3.5
      vertex -28.5 -5.8 3.5
    endloop
  endfacet
  facet normal 0 0 1
    outer loop
      vertex -23.9829 -7.73895 3.5
      vertex -28.5 -9.2 3.5
      vertex -24 -8 3.5
    endloop
  endfacet
  facet normal 0 0 1
    outer loop
      vertex -24 -8 3.5
      vertex -28.5 -9.2 3.5
      vertex -23.9829 -8.26105 3.5
    endloop
  endfacet
  facet normal 0 0 1
    outer loop
      vertex -23.9829 -8.26105 3.5
      vertex -28.5 -9.2 3.5
      vertex -23.9319 -8.51764 3.5
    endloop
  endfacet
  facet normal 0 0 1
    outer loop
      vertex -23.9319 -8.51764 3.5
      vertex -28.5 -9.2 3.5
      vertex -23.8478 -8.76537 3.5
    endloop
  endfacet
  facet normal 0 0 1
    outer loop
      vertex -28.5 -10.8 3.5
      vertex -23.8478 -8.76537 3.5
      vertex -28.5 -9.2 3.5
    endloop
  endfacet
  facet normal 0 0 1
    outer loop
      vertex -22 -12 3.5
      vertex -28.5 -10.8 3.5
      vertex -22 -14 3.5
    endloop
  endfacet
  facet normal 0 0 1
    outer loop
      vertex -34.75 -15.75 3.5
      vertex -28.5 -10.8 3.5
      vertex -33.5 -10.8 3.5
    endloop
  endfacet
  facet normal 0 0 1
    outer loop
      vertex -14 -14 3.5
      vertex -34.75 -15.75 3.5
      vertex 34.75 -15.75 3.5
    endloop
  endfacet
  facet normal 0 0 1
    outer loop
      vertex -28.5 -10.8 3.5
      vertex -34.75 -15.75 3.5
      vertex -22 -14 3.5
    endloop
  endfacet
  facet normal 0 0 1
    outer loop
      vertex -33.5 -5.8 3.5
      vertex -36.75 -13.75 3.5
      vertex -33.5 -9.2 3.5
    endloop
  endfacet
  facet normal 0 0 1
    outer loop
      vertex -36.75 13.75 3.5
      vertex -34.75 15.75 3.5
      vertex -35.011 15.7329 3.5
    endloop
  endfacet
  facet normal 0 0 1
    outer loop
      vertex -33.5 -9.2 3.5
      vertex -36.75 -13.75 3.5
      vertex -33.5 -10.8 3.5
    endloop
  endfacet
  facet normal 0 0 1
    outer loop
      vertex -36.75 13.75 3.5
      vertex -35.011 15.7329 3.5
      vertex -35.2676 15.6819 3.5
    endloop
  endfacet
  facet normal 0 0 1
    outer loop
      vertex -33.5 -10.8 3.5
      vertex -36.75 -13.75 3.5
      vertex -34.75 -15.75 3.5
    endloop
  endfacet
  facet normal 0 0 1
    outer loop
      vertex -36.75 13.75 3.5
      vertex -35.2676 15.6819 3.5
      vertex -35.5154 15.5978 3.5
    endloop
  endfacet
  facet normal 0 0 1
    outer loop
      vertex -34.75 -15.75 3.5
      vertex -36.75 -13.75 3.5
      vertex -35.011 -15.7329 3.5
    endloop
  endfacet
  facet normal 0 0 1
    outer loop
      vertex -36.75 13.75 3.5
      vertex -35.5154 15.5978 3.5
      vertex -35.75 15.4821 3.5
    endloop
  endfacet
  facet normal 0 0 1
    outer loop
      vertex -35.011 -15.7329 3.5
      vertex -36.75 -13.75 3.5
      vertex -35.2676 -15.6819 3.5
    endloop
  endfacet
  facet normal 0 0 1
    outer loop
      vertex -36.75 13.75 3.5
      vertex -35.75 15.4821 3.5
      vertex -35.9675 15.3367 3.5
    endloop
  endfacet
  facet normal 0 0 1
    outer loop
      vertex -35.2676 -15.6819 3.5
      vertex -36.75 -13.75 3.5
      vertex -35.5154 -15.5978 3.5
    endloop
  endfacet
  facet normal 0 0 1
    outer loop
      vertex -36.75 13.75 3.5
      vertex -35.9675 15.3367 3.5
      vertex -36.1642 15.1642 3.5
    endloop
  endfacet
  facet normal 0 0 1
    outer loop
      vertex -35.5154 -15.5978 3.5
      vertex -36.75 -13.75 3.5
      vertex -35.75 -15.4821 3.5
    endloop
  endfacet
  facet normal 0 0 1
    outer loop
      vertex -36.75 13.75 3.5
      vertex -36.1642 15.1642 3.5
      vertex -36.3367 14.9675 3.5
    endloop
  endfacet
  facet normal 0 0 1
    outer loop
      vertex -35.75 -15.4821 3.5
      vertex -36.75 -13.75 3.5
      vertex -35.9675 -15.3367 3.5
    endloop
  endfacet
  facet normal 0 0 1
    outer loop
      vertex -36.75 13.75 3.5
      vertex -36.3367 14.9675 3.5
      vertex -36.4821 14.75 3.5
    endloop
  endfacet
  facet normal 0 0 1
    outer loop
      vertex -35.9675 -15.3367 3.5
      vertex -36.75 -13.75 3.5
      vertex -36.1642 -15.1642 3.5
    endloop
  endfacet
  facet normal 0 0 1
    outer loop
      vertex -36.75 13.75 3.5
      vertex -36.4821 14.75 3.5
      vertex -36.5978 14.5154 3.5
    endloop
  endfacet
  facet normal 0 0 1
    outer loop
      vertex -36.1642 -15.1642 3.5
      vertex -36.75 -13.75 3.5
      vertex -36.3367 -14.9675 3.5
    endloop
  endfacet
  facet normal 0 0 1
    outer loop
      vertex -36.75 13.75 3.5
      vertex -36.5978 14.5154 3.5
      vertex -36.6819 14.2676 3.5
    endloop
  endfacet
  facet normal 0 0 1
    outer loop
      vertex -36.3367 -14.9675 3.5
      vertex -36.75 -13.75 3.5
      vertex -36.4821 -14.75 3.5
    endloop
  endfacet
  facet normal 0 0 1
    outer loop
      vertex -36.75 13.75 3.5
      vertex -36.6819 14.2676 3.5
      vertex -36.7329 14.011 3.5
    endloop
  endfacet
  facet normal 0 0 1
    outer loop
      vertex -36.4821 -14.75 3.5
      vertex -36.75 -13.75 3.5
      vertex -36.5978 -14.5154 3.5
    endloop
  endfacet
  facet normal 0 0 1
    outer loop
      vertex -36.5978 -14.5154 3.5
      vertex -36.75 -13.75 3.5
      vertex -36.6819 -14.2676 3.5
    endloop
  endfacet
  facet normal 0 0 1
    outer loop
      vertex -36.6819 -14.2676 3.5
      vertex -36.75 -13.75 3.5
      vertex -36.7329 -14.011 3.5
    endloop
  endfacet
  facet normal 0 0 1
    outer loop
      vertex 22.5176 9.93185 3.5
      vertex 22 12 3.5
      vertex 22.2611 9.98289 3.5
    endloop
  endfacet
  facet normal 0 0 1
    outer loop
      vertex 22 12 3.5
      vertex 22 10 3.5
      vertex 22.2611 9.98289 3.5
    endloop
  endfacet
  facet normal 0 0 1
    outer loop
      vertex 22 12 3.5
      vertex 21.7389 9.98289 3.5
      vertex 22 10 3.5
    endloop
  endfacet
  facet normal 0 0 1
    outer loop
      vertex 22 12 3.5
      vertex 21.4824 9.93185 3.5
      vertex 21.7389 9.98289 3.5
    endloop
  endfacet
  facet normal 0 0 1
    outer loop
      vertex 22 12 3.5
      vertex 21.2346 9.84776 3.5
      vertex 21.4824 9.93185 3.5
    endloop
  endfacet
  facet normal 0 0 1
    outer loop
      vertex 22 12 3.5
      vertex 21 9.73205 3.5
      vertex 21.2346 9.84776 3.5
    endloop
  endfacet
  facet normal 0 0 1
    outer loop
      vertex 22 12 3.5
      vertex 20.7825 9.58671 3.5
      vertex 21 9.73205 3.5
    endloop
  endfacet
  facet normal 0 0 1
    outer loop
      vertex 22 12 3.5
      vertex 20.5858 9.41421 3.5
      vertex 20.7825 9.58671 3.5
    endloop
  endfacet
  facet normal -0 0 1
    outer loop
      vertex 14 12 3.5
      vertex 20.5858 9.41421 3.5
      vertex 22 12 3.5
    endloop
  endfacet
  facet normal 0 0 1
    outer loop
      vertex 20.5858 9.41421 3.5
      vertex 14 12 3.5
      vertex 20.4133 9.21752 3.5
    endloop
  endfacet
  facet normal 0 0 1
    outer loop
      vertex 20.0681 -7.48236 3.5
      vertex 14 -12 3.5
      vertex 20.0171 -7.73895 3.5
    endloop
  endfacet
  facet normal 0 0 1
    outer loop
      vertex 20.0171 8.26105 3.5
      vertex 14 12 3.5
      vertex 20 8 3.5
    endloop
  endfacet
  facet normal 0 0 1
    outer loop
      vertex 20.0681 8.51764 3.5
      vertex 14 12 3.5
      vertex 20.0171 8.26105 3.5
    endloop
  endfacet
  facet normal 0 0 1
    outer loop
      vertex 20.1522 8.76537 3.5
      vertex 14 12 3.5
      vertex 20.0681 8.51764 3.5
    endloop
  endfacet
  facet normal 0 0 1
    outer loop
      vertex 20.2679 9 3.5
      vertex 14 12 3.5
      vertex 20.1522 8.76537 3.5
    endloop
  endfacet
  facet normal 0 0 1
    outer loop
      vertex 20.4133 9.21752 3.5
      vertex 14 12 3.5
      vertex 20.2679 9 3.5
    endloop
  endfacet
  facet normal -0.831344 0.555758 0
    outer loop
      vertex -36.4821 14.75 2
      vertex -36.3367 14.9675 3.5
      vertex -36.3367 14.9675 2
    endloop
  endfacet
  facet normal -0.831344 0.555758 0
    outer loop
      vertex -36.3367 14.9675 3.5
      vertex -36.4821 14.75 2
      vertex -36.4821 14.75 3.5
    endloop
  endfacet
  facet normal -0.555758 -0.831344 0
    outer loop
      vertex -35.9675 -15.3367 2
      vertex -35.75 -15.4821 3.5
      vertex -35.9675 -15.3367 3.5
    endloop
  endfacet
  facet normal -0.555758 -0.831344 -0
    outer loop
      vertex -35.75 -15.4821 3.5
      vertex -35.9675 -15.3367 2
      vertex -35.75 -15.4821 2
    endloop
  endfacet
  facet normal 0.442314 -0.89686 0
    outer loop
      vertex 35.5154 -15.5978 2
      vertex 35.75 -15.4821 3.5
      vertex 35.5154 -15.5978 3.5
    endloop
  endfacet
  facet normal 0.442314 -0.89686 0
    outer loop
      vertex 35.75 -15.4821 3.5
      vertex 35.5154 -15.5978 2
      vertex 35.75 -15.4821 2
    endloop
  endfacet
  facet normal 0.19494 -0.980815 0
    outer loop
      vertex 35.011 -15.7329 2
      vertex 35.2676 -15.6819 3.5
      vertex 35.011 -15.7329 3.5
    endloop
  endfacet
  facet normal 0.19494 -0.980815 0
    outer loop
      vertex 35.2676 -15.6819 3.5
      vertex 35.011 -15.7329 2
      vertex 35.2676 -15.6819 2
    endloop
  endfacet
  facet normal -0.89686 -0.442314 0
    outer loop
      vertex -36.4821 -14.75 2
      vertex -36.5978 -14.5154 3.5
      vertex -36.5978 -14.5154 2
    endloop
  endfacet
  facet normal -0.89686 -0.442314 0
    outer loop
      vertex -36.5978 -14.5154 3.5
      vertex -36.4821 -14.75 2
      vertex -36.4821 -14.75 3.5
    endloop
  endfacet
  facet normal 0.89686 0.442314 0
    outer loop
      vertex 36.5978 14.5154 3.5
      vertex 36.4821 14.75 2
      vertex 36.4821 14.75 3.5
    endloop
  endfacet
  facet normal 0.89686 0.442314 0
    outer loop
      vertex 36.4821 14.75 2
      vertex 36.5978 14.5154 3.5
      vertex 36.5978 14.5154 2
    endloop
  endfacet
  facet normal -0.831344 -0.555758 0
    outer loop
      vertex -36.3367 -14.9675 2
      vertex -36.4821 -14.75 3.5
      vertex -36.4821 -14.75 2
    endloop
  endfacet
  facet normal -0.831344 -0.555758 0
    outer loop
      vertex -36.4821 -14.75 3.5
      vertex -36.3367 -14.9675 2
      vertex -36.3367 -14.9675 3.5
    endloop
  endfacet
  facet normal 0.659343 0.751842 -0
    outer loop
      vertex 36.1642 15.1642 2
      vertex 35.9675 15.3367 3.5
      vertex 36.1642 15.1642 3.5
    endloop
  endfacet
  facet normal 0.659343 0.751842 0
    outer loop
      vertex 35.9675 15.3367 3.5
      vertex 36.1642 15.1642 2
      vertex 35.9675 15.3367 2
    endloop
  endfacet
  facet normal -0.751842 -0.659343 0
    outer loop
      vertex -36.1642 -15.1642 2
      vertex -36.3367 -14.9675 3.5
      vertex -36.3367 -14.9675 2
    endloop
  endfacet
  facet normal -0.751842 -0.659343 0
    outer loop
      vertex -36.3367 -14.9675 3.5
      vertex -36.1642 -15.1642 2
      vertex -36.1642 -15.1642 3.5
    endloop
  endfacet
  facet normal -0.751842 0.659343 0
    outer loop
      vertex -36.3367 14.9675 2
      vertex -36.1642 15.1642 3.5
      vertex -36.1642 15.1642 2
    endloop
  endfacet
  facet normal -0.751842 0.659343 0
    outer loop
      vertex -36.1642 15.1642 3.5
      vertex -36.3367 14.9675 2
      vertex -36.3367 14.9675 3.5
    endloop
  endfacet
  facet normal 0.831344 -0.555758 0
    outer loop
      vertex 36.3367 -14.9675 3.5
      vertex 36.4821 -14.75 2
      vertex 36.4821 -14.75 3.5
    endloop
  endfacet
  facet normal 0.831344 -0.555758 0
    outer loop
      vertex 36.4821 -14.75 2
      vertex 36.3367 -14.9675 3.5
      vertex 36.3367 -14.9675 2
    endloop
  endfacet
  facet normal 0.751842 -0.659343 0
    outer loop
      vertex 36.1642 -15.1642 3.5
      vertex 36.3367 -14.9675 2
      vertex 36.3367 -14.9675 3.5
    endloop
  endfacet
  facet normal 0.751842 -0.659343 0
    outer loop
      vertex 36.3367 -14.9675 2
      vertex 36.1642 -15.1642 3.5
      vertex 36.1642 -15.1642 2
    endloop
  endfacet
  facet normal 0.442314 0.89686 -0
    outer loop
      vertex 35.75 15.4821 2
      vertex 35.5154 15.5978 3.5
      vertex 35.75 15.4821 3.5
    endloop
  endfacet
  facet normal 0.442314 0.89686 0
    outer loop
      vertex 35.5154 15.5978 3.5
      vertex 35.75 15.4821 2
      vertex 35.5154 15.5978 2
    endloop
  endfacet
  facet normal 0.94695 -0.321382 0
    outer loop
      vertex 36.5978 -14.5154 3.5
      vertex 36.6819 -14.2676 2
      vertex 36.6819 -14.2676 3.5
    endloop
  endfacet
  facet normal 0.94695 -0.321382 0
    outer loop
      vertex 36.6819 -14.2676 2
      vertex 36.5978 -14.5154 3.5
      vertex 36.5978 -14.5154 2
    endloop
  endfacet
  facet normal 0.555758 0.831344 -0
    outer loop
      vertex 35.9675 15.3367 2
      vertex 35.75 15.4821 3.5
      vertex 35.9675 15.3367 3.5
    endloop
  endfacet
  facet normal 0.555758 0.831344 0
    outer loop
      vertex 35.75 15.4821 3.5
      vertex 35.9675 15.3367 2
      vertex 35.75 15.4821 2
    endloop
  endfacet
  facet normal -1 0 0
    outer loop
      vertex -14 -14 0
      vertex -14 -12 3.5
      vertex -14 -12 0
    endloop
  endfacet
  facet normal -1 -0 0
    outer loop
      vertex -14 -12 3.5
      vertex -14 -14 0
      vertex -14 -14 3.5
    endloop
  endfacet
  facet normal 1 -0 0
    outer loop
      vertex -22 -14 3.5
      vertex -22 -12 0
      vertex -22 -12 3.5
    endloop
  endfacet
  facet normal 1 0 0
    outer loop
      vertex -22 -12 0
      vertex -22 -14 3.5
      vertex -22 -14 0
    endloop
  endfacet
  facet normal 0 -1 0
    outer loop
      vertex -22 -12 0
      vertex -14 -12 3.5
      vertex -22 -12 3.5
    endloop
  endfacet
  facet normal 0 -1 -0
    outer loop
      vertex -14 -12 3.5
      vertex -22 -12 0
      vertex -14 -12 0
    endloop
  endfacet
  facet normal 0 1 -0
    outer loop
      vertex -14 -14 0
      vertex -22 -14 3.5
      vertex -14 -14 3.5
    endloop
  endfacet
  facet normal 0 1 0
    outer loop
      vertex -22 -14 3.5
      vertex -14 -14 0
      vertex -22 -14 0
    endloop
  endfacet
  facet normal -1 0 0
    outer loop
      vertex -14 12 0
      vertex -14 14 3.5
      vertex -14 14 0
    endloop
  endfacet
  facet normal -1 -0 0
    outer loop
      vertex -14 14 3.5
      vertex -14 12 0
      vertex -14 12 3.5
    endloop
  endfacet
  facet normal 1 -0 0
    outer loop
      vertex -22 12 3.5
      vertex -22 14 0
      vertex -22 14 3.5
    endloop
  endfacet
  facet normal 1 0 0
    outer loop
      vertex -22 14 0
      vertex -22 12 3.5
      vertex -22 12 0
    endloop
  endfacet
  facet normal 0 -1 0
    outer loop
      vertex -22 14 0
      vertex -14 14 3.5
      vertex -22 14 3.5
    endloop
  endfacet
  facet normal 0 -1 -0
    outer loop
      vertex -14 14 3.5
      vertex -22 14 0
      vertex -14 14 0
    endloop
  endfacet
  facet normal 0 1 -0
    outer loop
      vertex -14 12 0
      vertex -22 12 3.5
      vertex -14 12 3.5
    endloop
  endfacet
  facet normal 0 1 0
    outer loop
      vertex -22 12 3.5
      vertex -14 12 0
      vertex -22 12 0
    endloop
  endfacet
  facet normal -1 0 0
    outer loop
      vertex 22 -14 0
      vertex 22 -12 3.5
      vertex 22 -12 0
    endloop
  endfacet
  facet normal -1 -0 0
    outer loop
      vertex 22 -12 3.5
      vertex 22 -14 0
      vertex 22 -14 3.5
    endloop
  endfacet
  facet normal 1 -0 0
    outer loop
      vertex 14 -14 3.5
      vertex 14 -12 0
      vertex 14 -12 3.5
    endloop
  endfacet
  facet normal 1 0 0
    outer loop
      vertex 14 -12 0
      vertex 14 -14 3.5
      vertex 14 -14 0
    endloop
  endfacet
  facet normal 0 -1 0
    outer loop
      vertex 14 -12 0
      vertex 22 -12 3.5
      vertex 14 -12 3.5
    endloop
  endfacet
  facet normal 0 -1 -0
    outer loop
      vertex 22 -12 3.5
      vertex 14 -12 0
      vertex 22 -12 0
    endloop
  endfacet
  facet normal 0 1 -0
    outer loop
      vertex 22 -14 0
      vertex 14 -14 3.5
      vertex 22 -14 3.5
    endloop
  endfacet
  facet normal 0 1 0
    outer loop
      vertex 14 -14 3.5
      vertex 22 -14 0
      vertex 14 -14 0
    endloop
  endfacet
  facet normal -1 0 0
    outer loop
      vertex 22 12 0
      vertex 22 14 3.5
      vertex 22 14 0
    endloop
  endfacet
  facet normal -1 -0 0
    outer loop
      vertex 22 14 3.5
      vertex 22 12 0
      vertex 22 12 3.5
    endloop
  endfacet
  facet normal 1 -0 0
    outer loop
      vertex 14 12 3.5
      vertex 14 14 0
      vertex 14 14 3.5
    endloop
  endfacet
  facet normal 1 0 0
    outer loop
      vertex 14 14 0
      vertex 14 12 3.5
      vertex 14 12 0
    endloop
  endfacet
  facet normal 0 -1 0
    outer loop
      vertex 14 14 0
      vertex 22 14 3.5
      vertex 14 14 3.5
    endloop
  endfacet
  facet normal 0 -1 -0
    outer loop
      vertex 22 14 3.5
      vertex 14 14 0
      vertex 22 14 0
    endloop
  endfacet
  facet normal 0 1 -0
    outer loop
      vertex 22 12 0
      vertex 14 12 3.5
      vertex 22 12 3.5
    endloop
  endfacet
  facet normal 0 1 0
    outer loop
      vertex 14 12 3.5
      vertex 22 12 0
      vertex 14 12 0
    endloop
  endfacet
  facet normal -1 0 0
    outer loop
      vertex -28.5 -10.8 0
      vertex -28.5 -9.2 3.5
      vertex -28.5 -9.2 0
    endloop
  endfacet
  facet normal -1 -0 0
    outer loop
      vertex -28.5 -9.2 3.5
      vertex -28.5 -10.8 0
      vertex -28.5 -10.8 3.5
    endloop
  endfacet
  facet normal 1 -0 0
    outer loop
      vertex -33.5 -10.8 3.5
      vertex -33.5 -9.2 0
      vertex -33.5 -9.2 3.5
    endloop
  endfacet
  facet normal 1 0 0
    outer loop
      vertex -33.5 -9.2 0
      vertex -33.5 -10.8 3.5
      vertex -33.5 -10.8 0
    endloop
  endfacet
  facet normal 0 -1 0
    outer loop
      vertex -33.5 -9.2 0
      vertex -28.5 -9.2 3.5
      vertex -33.5 -9.2 3.5
    endloop
  endfacet
  facet normal 0 -1 -0
    outer loop
      vertex -28.5 -9.2 3.5
      vertex -33.5 -9.2 0
      vertex -28.5 -9.2 0
    endloop
  endfacet
  facet normal 0 1 -0
    outer loop
      vertex -28.5 -10.8 0
      vertex -33.5 -10.8 3.5
      vertex -28.5 -10.8 3.5
    endloop
  endfacet
  facet normal 0 1 0
    outer loop
      vertex -33.5 -10.8 3.5
      vertex -28.5 -10.8 0
      vertex -33.5 -10.8 0
    endloop
  endfacet
  facet normal -1 0 0
    outer loop
      vertex -28.5 -5.8 0
      vertex -28.5 -4.2 3.5
      vertex -28.5 -4.2 0
    endloop
  endfacet
  facet normal -1 -0 0
    outer loop
      vertex -28.5 -4.2 3.5
      vertex -28.5 -5.8 0
      vertex -28.5 -5.8 3.5
    endloop
  endfacet
  facet normal 1 -0 0
    outer loop
      vertex -33.5 -5.8 3.5
      vertex -33.5 -4.2 0
      vertex -33.5 -4.2 3.5
    endloop
  endfacet
  facet normal 1 0 0
    outer loop
      vertex -33.5 -4.2 0
      vertex -33.5 -5.8 3.5
      vertex -33.5 -5.8 0
    endloop
  endfacet
  facet normal 0 -1 0
    outer loop
      vertex -33.5 -4.2 0
      vertex -28.5 -4.2 3.5
      vertex -33.5 -4.2 3.5
    endloop
  endfacet
  facet normal 0 -1 -0
    outer loop
      vertex -28.5 -4.2 3.5
      vertex -33.5 -4.2 0
      vertex -28.5 -4.2 0
    endloop
  endfacet
  facet normal 0 1 -0
    outer loop
      vertex -28.5 -5.8 0
      vertex -33.5 -5.8 3.5
      vertex -28.5 -5.8 3.5
    endloop
  endfacet
  facet normal 0 1 0
    outer loop
      vertex -33.5 -5.8 3.5
      vertex -28.5 -5.8 0
      vertex -33.5 -5.8 0
    endloop
  endfacet
  facet normal -1 0 0
    outer loop
      vertex -28.5 -0.799999 0
      vertex -28.5 0.799999 3.5
      vertex -28.5 0.799999 0
    endloop
  endfacet
  facet normal -1 -0 0
    outer loop
      vertex -28.5 0.799999 3.5
      vertex -28.5 -0.799999 0
      vertex -28.5 -0.799999 3.5
    endloop
  endfacet
  facet normal 1 -0 0
    outer loop
      vertex -33.5 -0.799999 3.5
      vertex -33.5 0.799999 0
      vertex -33.5 0.799999 3.5
    endloop
  endfacet
  facet normal 1 0 0
    outer loop
      vertex -33.5 0.799999 0
      vertex -33.5 -0.799999 3.5
      vertex -33.5 -0.799999 0
    endloop
  endfacet
  facet normal 0 -1 0
    outer loop
      vertex -33.5 0.799999 0
      vertex -28.5 0.799999 3.5
      vertex -33.5 0.799999 3.5
    endloop
  endfacet
  facet normal 0 -1 -0
    outer loop
      vertex -28.5 0.799999 3.5
      vertex -33.5 0.799999 0
      vertex -28.5 0.799999 0
    endloop
  endfacet
  facet normal 0 1 -0
    outer loop
      vertex -28.5 -0.799999 0
      vertex -33.5 -0.799999 3.5
      vertex -28.5 -0.799999 3.5
    endloop
  endfacet
  facet normal 0 1 0
    outer loop
      vertex -33.5 -0.799999 3.5
      vertex -28.5 -0.799999 0
      vertex -33.5 -0.799999 0
    endloop
  endfacet
  facet normal -1 0 0
    outer loop
      vertex -28.5 4.2 0
      vertex -28.5 5.8 3.5
      vertex -28.5 5.8 0
    endloop
  endfacet
  facet normal -1 -0 0
    outer loop
      vertex -28.5 5.8 3.5
      vertex -28.5 4.2 0
      vertex -28.5 4.2 3.5
    endloop
  endfacet
  facet normal 1 -0 0
    outer loop
      vertex -33.5 4.2 3.5
      vertex -33.5 5.8 0
      vertex -33.5 5.8 3.5
    endloop
  endfacet
  facet normal 1 0 0
    outer loop
      vertex -33.5 5.8 0
      vertex -33.5 4.2 3.5
      vertex -33.5 4.2 0
    endloop
  endfacet
  facet normal 0 -1 0
    outer loop
      vertex -33.5 5.8 0
      vertex -28.5 5.8 3.5
      vertex -33.5 5.8 3.5
    endloop
  endfacet
  facet normal 0 -1 -0
    outer loop
      vertex -28.5 5.8 3.5
      vertex -33.5 5.8 0
      vertex -28.5 5.8 0
    endloop
  endfacet
  facet normal 0 1 -0
    outer loop
      vertex -28.5 4.2 0
      vertex -33.5 4.2 3.5
      vertex -28.5 4.2 3.5
    endloop
  endfacet
  facet normal 0 1 0
    outer loop
      vertex -33.5 4.2 3.5
      vertex -28.5 4.2 0
      vertex -33.5 4.2 0
    endloop
  endfacet
  facet normal -1 0 0
    outer loop
      vertex -28.5 9.2 0
      vertex -28.5 10.8 3.5
      vertex -28.5 10.8 0
    endloop
  endfacet
  facet normal -1 -0 0
    outer loop
      vertex -28.5 10.8 3.5
      vertex -28.5 9.2 0
      vertex -28.5 9.2 3.5
    endloop
  endfacet
  facet normal 1 -0 0
    outer loop
      vertex -33.5 9.2 3.5
      vertex -33.5 10.8 0
      vertex -33.5 10.8 3.5
    endloop
  endfacet
  facet normal 1 0 0
    outer loop
      vertex -33.5 10.8 0
      vertex -33.5 9.2 3.5
      vertex -33.5 9.2 0
    endloop
  endfacet
  facet normal 0 -1 0
    outer loop
      vertex -33.5 10.8 0
      vertex -28.5 10.8 3.5
      vertex -33.5 10.8 3.5
    endloop
  endfacet
  facet normal 0 -1 -0
    outer loop
      vertex -28.5 10.8 3.5
      vertex -33.5 10.8 0
      vertex -28.5 10.8 0
    endloop
  endfacet
  facet normal 0 1 -0
    outer loop
      vertex -28.5 9.2 0
      vertex -33.5 9.2 3.5
      vertex -28.5 9.2 3.5
    endloop
  endfacet
  facet normal 0 1 0
    outer loop
      vertex -33.5 9.2 3.5
      vertex -28.5 9.2 0
      vertex -33.5 9.2 0
    endloop
  endfacet
  facet normal -1 0 0
    outer loop
      vertex 33.5 -10.8 0
      vertex 33.5 -9.2 3.5
      vertex 33.5 -9.2 0
    endloop
  endfacet
  facet normal -1 -0 0
    outer loop
      vertex 33.5 -9.2 3.5
      vertex 33.5 -10.8 0
      vertex 33.5 -10.8 3.5
    endloop
  endfacet
  facet normal 1 -0 0
    outer loop
      vertex 28.5 -10.8 3.5
      vertex 28.5 -9.2 0
      vertex 28.5 -9.2 3.5
    endloop
  endfacet
  facet normal 1 0 0
    outer loop
      vertex 28.5 -9.2 0
      vertex 28.5 -10.8 3.5
      vertex 28.5 -10.8 0
    endloop
  endfacet
  facet normal 0 -1 0
    outer loop
      vertex 28.5 -9.2 0
      vertex 33.5 -9.2 3.5
      vertex 28.5 -9.2 3.5
    endloop
  endfacet
  facet normal 0 -1 -0
    outer loop
      vertex 33.5 -9.2 3.5
      vertex 28.5 -9.2 0
      vertex 33.5 -9.2 0
    endloop
  endfacet
  facet normal 0 1 -0
    outer loop
      vertex 33.5 -10.8 0
      vertex 28.5 -10.8 3.5
      vertex 33.5 -10.8 3.5
    endloop
  endfacet
  facet normal 0 1 0
    outer loop
      vertex 28.5 -10.8 3.5
      vertex 33.5 -10.8 0
      vertex 28.5 -10.8 0
    endloop
  endfacet
  facet normal -1 0 0
    outer loop
      vertex 33.5 -5.8 0
      vertex 33.5 -4.2 3.5
      vertex 33.5 -4.2 0
    endloop
  endfacet
  facet normal -1 -0 0
    outer loop
      vertex 33.5 -4.2 3.5
      vertex 33.5 -5.8 0
      vertex 33.5 -5.8 3.5
    endloop
  endfacet
  facet normal 1 -0 0
    outer loop
      vertex 28.5 -5.8 3.5
      vertex 28.5 -4.2 0
      vertex 28.5 -4.2 3.5
    endloop
  endfacet
  facet normal 1 0 0
    outer loop
      vertex 28.5 -4.2 0
      vertex 28.5 -5.8 3.5
      vertex 28.5 -5.8 0
    endloop
  endfacet
  facet normal 0 -1 0
    outer loop
      vertex 28.5 -4.2 0
      vertex 33.5 -4.2 3.5
      vertex 28.5 -4.2 3.5
    endloop
  endfacet
  facet normal 0 -1 -0
    outer loop
      vertex 33.5 -4.2 3.5
      vertex 28.5 -4.2 0
      vertex 33.5 -4.2 0
    endloop
  endfacet
  facet normal 0 1 -0
    outer loop
      vertex 33.5 -5.8 0
      vertex 28.5 -5.8 3.5
      vertex 33.5 -5.8 3.5
    endloop
  endfacet
  facet normal 0 1 0
    outer loop
      vertex 28.5 -5.8 3.5
      vertex 33.5 -5.8 0
      vertex 28.5 -5.8 0
    endloop
  endfacet
  facet normal -1 0 0
    outer loop
      vertex 33.5 -0.799999 0
      vertex 33.5 0.799999 3.5
      vertex 33.5 0.799999 0
    endloop
  endfacet
  facet normal -1 -0 0
    outer loop
      vertex 33.5 0.799999 3.5
      vertex 33.5 -0.799999 0
      vertex 33.5 -0.799999 3.5
    endloop
  endfacet
  facet normal 1 -0 0
    outer loop
      vertex 28.5 -0.799999 3.5
      vertex 28.5 0.799999 0
      vertex 28.5 0.799999 3.5
    endloop
  endfacet
  facet normal 1 0 0
    outer loop
      vertex 28.5 0.799999 0
      vertex 28.5 -0.799999 3.5
      vertex 28.5 -0.799999 0
    endloop
  endfacet
  facet normal 0 -1 0
    outer loop
      vertex 28.5 0.799999 0
      vertex 33.5 0.799999 3.5
      vertex 28.5 0.799999 3.5
    endloop
  endfacet
  facet normal 0 -1 -0
    outer loop
      vertex 33.5 0.799999 3.5
      vertex 28.5 0.799999 0
      vertex 33.5 0.799999 0
    endloop
  endfacet
  facet normal 0 1 -0
    outer loop
      vertex 33.5 -0.799999 0
      vertex 28.5 -0.799999 3.5
      vertex 33.5 -0.799999 3.5
    endloop
  endfacet
  facet normal 0 1 0
    outer loop
      vertex 28.5 -0.799999 3.5
      vertex 33.5 -0.799999 0
      vertex 28.5 -0.799999 0
    endloop
  endfacet
  facet normal -1 0 0
    outer loop
      vertex 33.5 4.2 0
      vertex 33.5 5.8 3.5
      vertex 33.5 5.8 0
    endloop
  endfacet
  facet normal -1 -0 0
    outer loop
      vertex 33.5 5.8 3.5
      vertex 33.5 4.2 0
      vertex 33.5 4.2 3.5
    endloop
  endfacet
  facet normal 1 -0 0
    outer loop
      vertex 28.5 4.2 3.5
      vertex 28.5 5.8 0
      vertex 28.5 5.8 3.5
    endloop
  endfacet
  facet normal 1 0 0
    outer loop
      vertex 28.5 5.8 0
      vertex 28.5 4.2 3.5
      vertex 28.5 4.2 0
    endloop
  endfacet
  facet normal 0 -1 0
    outer loop
      vertex 28.5 5.8 0
      vertex 33.5 5.8 3.5
      vertex 28.5 5.8 3.5
    endloop
  endfacet
  facet normal 0 -1 -0
    outer loop
      vertex 33.5 5.8 3.5
      vertex 28.5 5.8 0
      vertex 33.5 5.8 0
    endloop
  endfacet
  facet normal 0 1 -0
    outer loop
      vertex 33.5 4.2 0
      vertex 28.5 4.2 3.5
      vertex 33.5 4.2 3.5
    endloop
  endfacet
  facet normal 0 1 0
    outer loop
      vertex 28.5 4.2 3.5
      vertex 33.5 4.2 0
      vertex 28.5 4.2 0
    endloop
  endfacet
  facet normal -1 0 0
    outer loop
      vertex 33.5 9.2 0
      vertex 33.5 10.8 3.5
      vertex 33.5 10.8 0
    endloop
  endfacet
  facet normal -1 -0 0
    outer loop
      vertex 33.5 10.8 3.5
      vertex 33.5 9.2 0
      vertex 33.5 9.2 3.5
    endloop
  endfacet
  facet normal 1 -0 0
    outer loop
      vertex 28.5 9.2 3.5
      vertex 28.5 10.8 0
      vertex 28.5 10.8 3.5
    endloop
  endfacet
  facet normal 1 0 0
    outer loop
      vertex 28.5 10.8 0
      vertex 28.5 9.2 3.5
      vertex 28.5 9.2 0
    endloop
  endfacet
  facet normal 0 -1 0
    outer loop
      vertex 28.5 10.8 0
      vertex 33.5 10.8 3.5
      vertex 28.5 10.8 3.5
    endloop
  endfacet
  facet normal 0 -1 -0
    outer loop
      vertex 33.5 10.8 3.5
      vertex 28.5 10.8 0
      vertex 33.5 10.8 0
    endloop
  endfacet
  facet normal 0 1 -0
    outer loop
      vertex 33.5 9.2 0
      vertex 28.5 9.2 3.5
      vertex 33.5 9.2 3.5
    endloop
  endfacet
  facet normal 0 1 0
    outer loop
      vertex 28.5 9.2 3.5
      vertex 33.5 9.2 0
      vertex 28.5 9.2 0
    endloop
  endfacet
  facet normal 0.321348 -0.946961 0
    outer loop
      vertex -21.4824 -9.93185 3.5
      vertex -21.2346 -9.84776 4.5
      vertex -21.4824 -9.93185 4.5
    endloop
  endfacet
  facet normal 0.321348 -0.946961 0
    outer loop
      vertex -21.2346 -9.84776 4.5
      vertex -21.4824 -9.93185 3.5
      vertex -21.2346 -9.84776 3.5
    endloop
  endfacet
  facet normal 0.980814 0.194947 0
    outer loop
      vertex -20.0171 -7.73895 4.5
      vertex -20.0681 -7.48236 3.5
      vertex -20.0681 -7.48236 4.5
    endloop
  endfacet
  facet normal 0.980814 0.194947 0
    outer loop
      vertex -20.0681 -7.48236 3.5
      vertex -20.0171 -7.73895 4.5
      vertex -20.0171 -7.73895 3.5
    endloop
  endfacet
  facet normal 0.997861 0.0653646 0
    outer loop
      vertex -20 -8 4.5
      vertex -20.0171 -7.73895 3.5
      vertex -20.0171 -7.73895 4.5
    endloop
  endfacet
  facet normal 0.997861 0.0653646 0
    outer loop
      vertex -20.0171 -7.73895 3.5
      vertex -20 -8 4.5
      vertex -20 -8 3.5
    endloop
  endfacet
  facet normal 0.831368 -0.555723 0
    outer loop
      vertex -20.4133 -9.21752 4.5
      vertex -20.2679 -9 3.5
      vertex -20.2679 -9 4.5
    endloop
  endfacet
  facet normal 0.831368 -0.555723 0
    outer loop
      vertex -20.2679 -9 3.5
      vertex -20.4133 -9.21752 4.5
      vertex -20.4133 -9.21752 3.5
    endloop
  endfacet
  facet normal 0.997861 -0.0653646 0
    outer loop
      vertex -20.0171 -8.26105 4.5
      vertex -20 -8 3.5
      vertex -20 -8 4.5
    endloop
  endfacet
  facet normal 0.997861 -0.0653646 0
    outer loop
      vertex -20 -8 3.5
      vertex -20.0171 -8.26105 4.5
      vertex -20.0171 -8.26105 3.5
    endloop
  endfacet
  facet normal -0.0653902 -0.99786 0
    outer loop
      vertex -22.2611 -9.98289 3.5
      vertex -22 -10 4.5
      vertex -22.2611 -9.98289 4.5
    endloop
  endfacet
  facet normal -0.0653902 -0.99786 -0
    outer loop
      vertex -22 -10 4.5
      vertex -22.2611 -9.98289 3.5
      vertex -22 -10 3.5
    endloop
  endfacet
  facet normal -0.659343 -0.751842 0
    outer loop
      vertex -23.4142 -9.41421 3.5
      vertex -23.2175 -9.58671 4.5
      vertex -23.4142 -9.41421 4.5
    endloop
  endfacet
  facet normal -0.659343 -0.751842 -0
    outer loop
      vertex -23.2175 -9.58671 4.5
      vertex -23.4142 -9.41421 3.5
      vertex -23.2175 -9.58671 3.5
    endloop
  endfacet
  facet normal -0.980814 0.194947 0
    outer loop
      vertex -23.9829 -7.73895 3.5
      vertex -23.9319 -7.48236 4.5
      vertex -23.9319 -7.48236 3.5
    endloop
  endfacet
  facet normal -0.980814 0.194947 0
    outer loop
      vertex -23.9319 -7.48236 4.5
      vertex -23.9829 -7.73895 3.5
      vertex -23.9829 -7.73895 4.5
    endloop
  endfacet
  facet normal 0.751826 -0.659362 0
    outer loop
      vertex -20.5858 -9.41421 4.5
      vertex -20.4133 -9.21752 3.5
      vertex -20.4133 -9.21752 4.5
    endloop
  endfacet
  facet normal 0.751826 -0.659362 0
    outer loop
      vertex -20.4133 -9.21752 3.5
      vertex -20.5858 -9.41421 4.5
      vertex -20.5858 -9.41421 3.5
    endloop
  endfacet
  facet normal -0.896731 -0.442575 0
    outer loop
      vertex -23.732 -9 3.5
      vertex -23.8478 -8.76537 4.5
      vertex -23.8478 -8.76537 3.5
    endloop
  endfacet
  facet normal -0.896731 -0.442575 0
    outer loop
      vertex -23.8478 -8.76537 4.5
      vertex -23.732 -9 3.5
      vertex -23.732 -9 4.5
    endloop
  endfacet
  facet normal -0.5556 0.83145 0
    outer loop
      vertex -23 -6.26795 3.5
      vertex -23.2175 -6.41329 4.5
      vertex -23 -6.26795 4.5
    endloop
  endfacet
  facet normal -0.5556 0.83145 0
    outer loop
      vertex -23.2175 -6.41329 4.5
      vertex -23 -6.26795 3.5
      vertex -23.2175 -6.41329 3.5
    endloop
  endfacet
  facet normal -0.946922 -0.321463 0
    outer loop
      vertex -23.8478 -8.76537 3.5
      vertex -23.9319 -8.51764 4.5
      vertex -23.9319 -8.51764 3.5
    endloop
  endfacet
  facet normal -0.946922 -0.321463 0
    outer loop
      vertex -23.9319 -8.51764 4.5
      vertex -23.8478 -8.76537 3.5
      vertex -23.8478 -8.76537 4.5
    endloop
  endfacet
  facet normal 0.0653902 0.99786 -0
    outer loop
      vertex -21.7389 -6.01711 3.5
      vertex -22 -6 4.5
      vertex -21.7389 -6.01711 4.5
    endloop
  endfacet
  facet normal 0.0653902 0.99786 0
    outer loop
      vertex -22 -6 4.5
      vertex -21.7389 -6.01711 3.5
      vertex -22 -6 3.5
    endloop
  endfacet
  facet normal -0.442344 -0.896845 0
    outer loop
      vertex -23 -9.73205 3.5
      vertex -22.7654 -9.84776 4.5
      vertex -23 -9.73205 4.5
    endloop
  endfacet
  facet normal -0.442344 -0.896845 -0
    outer loop
      vertex -22.7654 -9.84776 4.5
      vertex -23 -9.73205 3.5
      vertex -22.7654 -9.84776 3.5
    endloop
  endfacet
  facet normal -0.751826 -0.659362 0
    outer loop
      vertex -23.4142 -9.41421 3.5
      vertex -23.5867 -9.21752 4.5
      vertex -23.5867 -9.21752 3.5
    endloop
  endfacet
  facet normal -0.751826 -0.659362 0
    outer loop
      vertex -23.5867 -9.21752 4.5
      vertex -23.4142 -9.41421 3.5
      vertex -23.4142 -9.41421 4.5
    endloop
  endfacet
  facet normal 0.831368 0.555723 0
    outer loop
      vertex -20.2679 -7 4.5
      vertex -20.4133 -6.78248 3.5
      vertex -20.4133 -6.78248 4.5
    endloop
  endfacet
  facet normal 0.831368 0.555723 0
    outer loop
      vertex -20.4133 -6.78248 3.5
      vertex -20.2679 -7 4.5
      vertex -20.2679 -7 3.5
    endloop
  endfacet
  facet normal -0.5556 -0.83145 0
    outer loop
      vertex -23.2175 -9.58671 3.5
      vertex -23 -9.73205 4.5
      vertex -23.2175 -9.58671 4.5
    endloop
  endfacet
  facet normal -0.5556 -0.83145 -0
    outer loop
      vertex -23 -9.73205 4.5
      vertex -23.2175 -9.58671 3.5
      vertex -23 -9.73205 3.5
    endloop
  endfacet
  facet normal 0.5556 -0.83145 0
    outer loop
      vertex -21 -9.73205 3.5
      vertex -20.7825 -9.58671 4.5
      vertex -21 -9.73205 4.5
    endloop
  endfacet
  facet normal 0.5556 -0.83145 0
    outer loop
      vertex -20.7825 -9.58671 4.5
      vertex -21 -9.73205 3.5
      vertex -20.7825 -9.58671 3.5
    endloop
  endfacet
  facet normal -0.896731 0.442575 0
    outer loop
      vertex -23.8478 -7.23463 3.5
      vertex -23.732 -7 4.5
      vertex -23.732 -7 3.5
    endloop
  endfacet
  facet normal -0.896731 0.442575 0
    outer loop
      vertex -23.732 -7 4.5
      vertex -23.8478 -7.23463 3.5
      vertex -23.8478 -7.23463 4.5
    endloop
  endfacet
  facet normal -0.659343 0.751842 0
    outer loop
      vertex -23.2175 -6.41329 3.5
      vertex -23.4142 -6.58579 4.5
      vertex -23.2175 -6.41329 4.5
    endloop
  endfacet
  facet normal -0.659343 0.751842 0
    outer loop
      vertex -23.4142 -6.58579 4.5
      vertex -23.2175 -6.41329 3.5
      vertex -23.4142 -6.58579 3.5
    endloop
  endfacet
  facet normal 0.321348 0.946961 -0
    outer loop
      vertex -21.2346 -6.15224 3.5
      vertex -21.4824 -6.06815 4.5
      vertex -21.2346 -6.15224 4.5
    endloop
  endfacet
  facet normal 0.321348 0.946961 0
    outer loop
      vertex -21.4824 -6.06815 4.5
      vertex -21.2346 -6.15224 3.5
      vertex -21.4824 -6.06815 3.5
    endloop
  endfacet
  facet normal -0.997861 -0.0653646 0
    outer loop
      vertex -23.9829 -8.26105 3.5
      vertex -24 -8 4.5
      vertex -24 -8 3.5
    endloop
  endfacet
  facet normal -0.997861 -0.0653646 0
    outer loop
      vertex -24 -8 4.5
      vertex -23.9829 -8.26105 3.5
      vertex -23.9829 -8.26105 4.5
    endloop
  endfacet
  facet normal -0.980814 -0.194947 0
    outer loop
      vertex -23.9319 -8.51764 3.5
      vertex -23.9829 -8.26105 4.5
      vertex -23.9829 -8.26105 3.5
    endloop
  endfacet
  facet normal -0.980814 -0.194947 0
    outer loop
      vertex -23.9829 -8.26105 4.5
      vertex -23.9319 -8.51764 3.5
      vertex -23.9319 -8.51764 4.5
    endloop
  endfacet
  facet normal -0.321348 -0.946961 0
    outer loop
      vertex -22.7654 -9.84776 3.5
      vertex -22.5176 -9.93185 4.5
      vertex -22.7654 -9.84776 4.5
    endloop
  endfacet
  facet normal -0.321348 -0.946961 -0
    outer loop
      vertex -22.5176 -9.93185 4.5
      vertex -22.7654 -9.84776 3.5
      vertex -22.5176 -9.93185 3.5
    endloop
  endfacet
  facet normal -0.442344 0.896845 0
    outer loop
      vertex -22.7654 -6.15224 3.5
      vertex -23 -6.26795 4.5
      vertex -22.7654 -6.15224 4.5
    endloop
  endfacet
  facet normal -0.442344 0.896845 0
    outer loop
      vertex -23 -6.26795 4.5
      vertex -22.7654 -6.15224 3.5
      vertex -23 -6.26795 3.5
    endloop
  endfacet
  facet normal 0.442344 0.896845 -0
    outer loop
      vertex -21 -6.26795 3.5
      vertex -21.2346 -6.15224 4.5
      vertex -21 -6.26795 4.5
    endloop
  endfacet
  facet normal 0.442344 0.896845 0
    outer loop
      vertex -21.2346 -6.15224 4.5
      vertex -21 -6.26795 3.5
      vertex -21.2346 -6.15224 3.5
    endloop
  endfacet
  facet normal 0.19516 0.980771 -0
    outer loop
      vertex -21.4824 -6.06815 3.5
      vertex -21.7389 -6.01711 4.5
      vertex -21.4824 -6.06815 4.5
    endloop
  endfacet
  facet normal 0.19516 0.980771 0
    outer loop
      vertex -21.7389 -6.01711 4.5
      vertex -21.4824 -6.06815 3.5
      vertex -21.7389 -6.01711 3.5
    endloop
  endfacet
  facet normal -0.19516 0.980771 0
    outer loop
      vertex -22.2611 -6.01711 3.5
      vertex -22.5176 -6.06815 4.5
      vertex -22.2611 -6.01711 4.5
    endloop
  endfacet
  facet normal -0.19516 0.980771 0
    outer loop
      vertex -22.5176 -6.06815 4.5
      vertex -22.2611 -6.01711 3.5
      vertex -22.5176 -6.06815 3.5
    endloop
  endfacet
  facet normal 0.896883 0.442268 0
    outer loop
      vertex -20.1522 -7.23463 4.5
      vertex -20.2679 -7 3.5
      vertex -20.2679 -7 4.5
    endloop
  endfacet
  facet normal 0.896883 0.442268 0
    outer loop
      vertex -20.2679 -7 3.5
      vertex -20.1522 -7.23463 4.5
      vertex -20.1522 -7.23463 3.5
    endloop
  endfacet
  facet normal 0 0 1
    outer loop
      vertex -20.0171 -7.73895 4.5
      vertex -20.0171 -8.26105 4.5
      vertex -20 -8 4.5
    endloop
  endfacet
  facet normal 0 0 1
    outer loop
      vertex -20.0681 -7.48236 4.5
      vertex -20.0171 -8.26105 4.5
      vertex -20.0171 -7.73895 4.5
    endloop
  endfacet
  facet normal 0 0 1
    outer loop
      vertex -20.0681 -7.48236 4.5
      vertex -20.0681 -8.51764 4.5
      vertex -20.0171 -8.26105 4.5
    endloop
  endfacet
  facet normal 0 0 1
    outer loop
      vertex -20.1522 -7.23463 4.5
      vertex -20.0681 -8.51764 4.5
      vertex -20.0681 -7.48236 4.5
    endloop
  endfacet
  facet normal 0 0 1
    outer loop
      vertex -20.1522 -7.23463 4.5
      vertex -20.1522 -8.76537 4.5
      vertex -20.0681 -8.51764 4.5
    endloop
  endfacet
  facet normal 0 0 1
    outer loop
      vertex -20.2679 -7 4.5
      vertex -20.1522 -8.76537 4.5
      vertex -20.1522 -7.23463 4.5
    endloop
  endfacet
  facet normal 0 0 1
    outer loop
      vertex -20.2679 -7 4.5
      vertex -20.2679 -9 4.5
      vertex -20.1522 -8.76537 4.5
    endloop
  endfacet
  facet normal 0 0 1
    outer loop
      vertex -20.4133 -6.78248 4.5
      vertex -20.2679 -9 4.5
      vertex -20.2679 -7 4.5
    endloop
  endfacet
  facet normal 0 0 1
    outer loop
      vertex -20.4133 -6.78248 4.5
      vertex -20.4133 -9.21752 4.5
      vertex -20.2679 -9 4.5
    endloop
  endfacet
  facet normal 0 0 1
    outer loop
      vertex -20.5858 -6.58579 4.5
      vertex -20.4133 -9.21752 4.5
      vertex -20.4133 -6.78248 4.5
    endloop
  endfacet
  facet normal 0 0 1
    outer loop
      vertex -20.5858 -6.58579 4.5
      vertex -20.5858 -9.41421 4.5
      vertex -20.4133 -9.21752 4.5
    endloop
  endfacet
  facet normal 0 0 1
    outer loop
      vertex -20.7825 -6.41329 4.5
      vertex -20.5858 -9.41421 4.5
      vertex -20.5858 -6.58579 4.5
    endloop
  endfacet
  facet normal 0 0 1
    outer loop
      vertex -20.7825 -6.41329 4.5
      vertex -20.7825 -9.58671 4.5
      vertex -20.5858 -9.41421 4.5
    endloop
  endfacet
  facet normal 0 0 1
    outer loop
      vertex -21 -6.26795 4.5
      vertex -20.7825 -9.58671 4.5
      vertex -20.7825 -6.41329 4.5
    endloop
  endfacet
  facet normal 0 0 1
    outer loop
      vertex -21 -6.26795 4.5
      vertex -21 -9.73205 4.5
      vertex -20.7825 -9.58671 4.5
    endloop
  endfacet
  facet normal 0 0 1
    outer loop
      vertex -21.2346 -6.15224 4.5
      vertex -21 -9.73205 4.5
      vertex -21 -6.26795 4.5
    endloop
  endfacet
  facet normal 0 0 1
    outer loop
      vertex -21.2346 -6.15224 4.5
      vertex -21.2346 -9.84776 4.5
      vertex -21 -9.73205 4.5
    endloop
  endfacet
  facet normal 0 0 1
    outer loop
      vertex -21.4824 -6.06815 4.5
      vertex -21.2346 -9.84776 4.5
      vertex -21.2346 -6.15224 4.5
    endloop
  endfacet
  facet normal 0 0 1
    outer loop
      vertex -21.4824 -6.06815 4.5
      vertex -21.4824 -9.93185 4.5
      vertex -21.2346 -9.84776 4.5
    endloop
  endfacet
  facet normal 0 0 1
    outer loop
      vertex -21.7389 -6.01711 4.5
      vertex -21.4824 -9.93185 4.5
      vertex -21.4824 -6.06815 4.5
    endloop
  endfacet
  facet normal 0 0 1
    outer loop
      vertex -21.7389 -6.01711 4.5
      vertex -21.7389 -9.98289 4.5
      vertex -21.4824 -9.93185 4.5
    endloop
  endfacet
  facet normal 0 0 1
    outer loop
      vertex -22 -6 4.5
      vertex -21.7389 -9.98289 4.5
      vertex -21.7389 -6.01711 4.5
    endloop
  endfacet
  facet normal 0 0 1
    outer loop
      vertex -22 -6 4.5
      vertex -22 -10 4.5
      vertex -21.7389 -9.98289 4.5
    endloop
  endfacet
  facet normal -0 0 1
    outer loop
      vertex -22.2611 -6.01711 4.5
      vertex -22 -10 4.5
      vertex -22 -6 4.5
    endloop
  endfacet
  facet normal 0 0 1
    outer loop
      vertex -22.2611 -6.01711 4.5
      vertex -22.2611 -9.98289 4.5
      vertex -22 -10 4.5
    endloop
  endfacet
  facet normal -0 0 1
    outer loop
      vertex -22.5176 -6.06815 4.5
      vertex -22.2611 -9.98289 4.5
      vertex -22.2611 -6.01711 4.5
    endloop
  endfacet
  facet normal 0 0 1
    outer loop
      vertex -22.5176 -6.06815 4.5
      vertex -22.5176 -9.93185 4.5
      vertex -22.2611 -9.98289 4.5
    endloop
  endfacet
  facet normal -0 0 1
    outer loop
      vertex -22.7654 -6.15224 4.5
      vertex -22.5176 -9.93185 4.5
      vertex -22.5176 -6.06815 4.5
    endloop
  endfacet
  facet normal 0 0 1
    outer loop
      vertex -22.7654 -6.15224 4.5
      vertex -22.7654 -9.84776 4.5
      vertex -22.5176 -9.93185 4.5
    endloop
  endfacet
  facet normal -0 0 1
    outer loop
      vertex -23 -6.26795 4.5
      vertex -22.7654 -9.84776 4.5
      vertex -22.7654 -6.15224 4.5
    endloop
  endfacet
  facet normal 0 0 1
    outer loop
      vertex -23 -6.26795 4.5
      vertex -23 -9.73205 4.5
      vertex -22.7654 -9.84776 4.5
    endloop
  endfacet
  facet normal -0 0 1
    outer loop
      vertex -23.2175 -6.41329 4.5
      vertex -23 -9.73205 4.5
      vertex -23 -6.26795 4.5
    endloop
  endfacet
  facet normal 0 0 1
    outer loop
      vertex -23.2175 -6.41329 4.5
      vertex -23.2175 -9.58671 4.5
      vertex -23 -9.73205 4.5
    endloop
  endfacet
  facet normal -0 0 1
    outer loop
      vertex -23.4142 -6.58579 4.5
      vertex -23.2175 -9.58671 4.5
      vertex -23.2175 -6.41329 4.5
    endloop
  endfacet
  facet normal 0 0 1
    outer loop
      vertex -23.4142 -6.58579 4.5
      vertex -23.4142 -9.41421 4.5
      vertex -23.2175 -9.58671 4.5
    endloop
  endfacet
  facet normal -0 0 1
    outer loop
      vertex -23.5867 -6.78248 4.5
      vertex -23.4142 -9.41421 4.5
      vertex -23.4142 -6.58579 4.5
    endloop
  endfacet
  facet normal 0 0 1
    outer loop
      vertex -23.5867 -6.78248 4.5
      vertex -23.5867 -9.21752 4.5
      vertex -23.4142 -9.41421 4.5
    endloop
  endfacet
  facet normal -0 0 1
    outer loop
      vertex -23.732 -7 4.5
      vertex -23.5867 -9.21752 4.5
      vertex -23.5867 -6.78248 4.5
    endloop
  endfacet
  facet normal 0 0 1
    outer loop
      vertex -23.732 -7 4.5
      vertex -23.732 -9 4.5
      vertex -23.5867 -9.21752 4.5
    endloop
  endfacet
  facet normal -0 0 1
    outer loop
      vertex -23.8478 -7.23463 4.5
      vertex -23.732 -9 4.5
      vertex -23.732 -7 4.5
    endloop
  endfacet
  facet normal 0 0 1
    outer loop
      vertex -23.8478 -7.23463 4.5
      vertex -23.8478 -8.76537 4.5
      vertex -23.732 -9 4.5
    endloop
  endfacet
  facet normal -0 0 1
    outer loop
      vertex -23.9319 -7.48236 4.5
      vertex -23.8478 -8.76537 4.5
      vertex -23.8478 -7.23463 4.5
    endloop
  endfacet
  facet normal 0 0 1
    outer loop
      vertex -23.9319 -7.48236 4.5
      vertex -23.9319 -8.51764 4.5
      vertex -23.8478 -8.76537 4.5
    endloop
  endfacet
  facet normal -0 0 1
    outer loop
      vertex -23.9829 -7.73895 4.5
      vertex -23.9319 -8.51764 4.5
      vertex -23.9319 -7.48236 4.5
    endloop
  endfacet
  facet normal 0 0 1
    outer loop
      vertex -23.9829 -7.73895 4.5
      vertex -23.9829 -8.26105 4.5
      vertex -23.9319 -8.51764 4.5
    endloop
  endfacet
  facet normal 0 -0 1
    outer loop
      vertex -23.9829 -8.26105 4.5
      vertex -23.9829 -7.73895 4.5
      vertex -24 -8 4.5
    endloop
  endfacet
  facet normal 0.980814 -0.194947 0
    outer loop
      vertex -20.0681 -8.51764 4.5
      vertex -20.0171 -8.26105 3.5
      vertex -20.0171 -8.26105 4.5
    endloop
  endfacet
  facet normal 0.980814 -0.194947 0
    outer loop
      vertex -20.0171 -8.26105 3.5
      vertex -20.0681 -8.51764 4.5
      vertex -20.0681 -8.51764 3.5
    endloop
  endfacet
  facet normal 0.5556 0.83145 -0
    outer loop
      vertex -20.7825 -6.41329 3.5
      vertex -21 -6.26795 4.5
      vertex -20.7825 -6.41329 4.5
    endloop
  endfacet
  facet normal 0.5556 0.83145 0
    outer loop
      vertex -21 -6.26795 4.5
      vertex -20.7825 -6.41329 3.5
      vertex -21 -6.26795 3.5
    endloop
  endfacet
  facet normal 0.0653902 -0.99786 0
    outer loop
      vertex -22 -10 3.5
      vertex -21.7389 -9.98289 4.5
      vertex -22 -10 4.5
    endloop
  endfacet
  facet normal 0.0653902 -0.99786 0
    outer loop
      vertex -21.7389 -9.98289 4.5
      vertex -22 -10 3.5
      vertex -21.7389 -9.98289 3.5
    endloop
  endfacet
  facet normal 0.19516 -0.980771 0
    outer loop
      vertex -21.7389 -9.98289 3.5
      vertex -21.4824 -9.93185 4.5
      vertex -21.7389 -9.98289 4.5
    endloop
  endfacet
  facet normal 0.19516 -0.980771 0
    outer loop
      vertex -21.4824 -9.93185 4.5
      vertex -21.7389 -9.98289 3.5
      vertex -21.4824 -9.93185 3.5
    endloop
  endfacet
  facet normal -0.321348 0.946961 0
    outer loop
      vertex -22.5176 -6.06815 3.5
      vertex -22.7654 -6.15224 4.5
      vertex -22.5176 -6.06815 4.5
    endloop
  endfacet
  facet normal -0.321348 0.946961 0
    outer loop
      vertex -22.7654 -6.15224 4.5
      vertex -22.5176 -6.06815 3.5
      vertex -22.7654 -6.15224 3.5
    endloop
  endfacet
  facet normal 0.659343 0.751842 -0
    outer loop
      vertex -20.5858 -6.58579 3.5
      vertex -20.7825 -6.41329 4.5
      vertex -20.5858 -6.58579 4.5
    endloop
  endfacet
  facet normal 0.659343 0.751842 0
    outer loop
      vertex -20.7825 -6.41329 4.5
      vertex -20.5858 -6.58579 3.5
      vertex -20.7825 -6.41329 3.5
    endloop
  endfacet
  facet normal -0.19516 -0.980771 0
    outer loop
      vertex -22.5176 -9.93185 3.5
      vertex -22.2611 -9.98289 4.5
      vertex -22.5176 -9.93185 4.5
    endloop
  endfacet
  facet normal -0.19516 -0.980771 -0
    outer loop
      vertex -22.2611 -9.98289 4.5
      vertex -22.5176 -9.93185 3.5
      vertex -22.2611 -9.98289 3.5
    endloop
  endfacet
  facet normal 0.946922 0.321463 0
    outer loop
      vertex -20.0681 -7.48236 4.5
      vertex -20.1522 -7.23463 3.5
      vertex -20.1522 -7.23463 4.5
    endloop
  endfacet
  facet normal 0.946922 0.321463 0
    outer loop
      vertex -20.1522 -7.23463 3.5
      vertex -20.0681 -7.48236 4.5
      vertex -20.0681 -7.48236 3.5
    endloop
  endfacet
  facet normal 0.751826 0.659362 0
    outer loop
      vertex -20.4133 -6.78248 4.5
      vertex -20.5858 -6.58579 3.5
      vertex -20.5858 -6.58579 4.5
    endloop
  endfacet
  facet normal 0.751826 0.659362 0
    outer loop
      vertex -20.5858 -6.58579 3.5
      vertex -20.4133 -6.78248 4.5
      vertex -20.4133 -6.78248 3.5
    endloop
  endfacet
  facet normal 0.896883 -0.442268 0
    outer loop
      vertex -20.2679 -9 4.5
      vertex -20.1522 -8.76537 3.5
      vertex -20.1522 -8.76537 4.5
    endloop
  endfacet
  facet normal 0.896883 -0.442268 0
    outer loop
      vertex -20.1522 -8.76537 3.5
      vertex -20.2679 -9 4.5
      vertex -20.2679 -9 3.5
    endloop
  endfacet
  facet normal -0.751826 0.659362 0
    outer loop
      vertex -23.5867 -6.78248 3.5
      vertex -23.4142 -6.58579 4.5
      vertex -23.4142 -6.58579 3.5
    endloop
  endfacet
  facet normal -0.751826 0.659362 0
    outer loop
      vertex -23.4142 -6.58579 4.5
      vertex -23.5867 -6.78248 3.5
      vertex -23.5867 -6.78248 4.5
    endloop
  endfacet
  facet normal -0.997861 0.0653646 0
    outer loop
      vertex -24 -8 3.5
      vertex -23.9829 -7.73895 4.5
      vertex -23.9829 -7.73895 3.5
    endloop
  endfacet
  facet normal -0.997861 0.0653646 0
    outer loop
      vertex -23.9829 -7.73895 4.5
      vertex -24 -8 3.5
      vertex -24 -8 4.5
    endloop
  endfacet
  facet normal 0.946922 -0.321463 0
    outer loop
      vertex -20.1522 -8.76537 4.5
      vertex -20.0681 -8.51764 3.5
      vertex -20.0681 -8.51764 4.5
    endloop
  endfacet
  facet normal 0.946922 -0.321463 0
    outer loop
      vertex -20.0681 -8.51764 3.5
      vertex -20.1522 -8.76537 4.5
      vertex -20.1522 -8.76537 3.5
    endloop
  endfacet
  facet normal -0.0653902 0.99786 0
    outer loop
      vertex -22 -6 3.5
      vertex -22.2611 -6.01711 4.5
      vertex -22 -6 4.5
    endloop
  endfacet
  facet normal -0.0653902 0.99786 0
    outer loop
      vertex -22.2611 -6.01711 4.5
      vertex -22 -6 3.5
      vertex -22.2611 -6.01711 3.5
    endloop
  endfacet
  facet normal 0.442344 -0.896845 0
    outer loop
      vertex -21.2346 -9.84776 3.5
      vertex -21 -9.73205 4.5
      vertex -21.2346 -9.84776 4.5
    endloop
  endfacet
  facet normal 0.442344 -0.896845 0
    outer loop
      vertex -21 -9.73205 4.5
      vertex -21.2346 -9.84776 3.5
      vertex -21 -9.73205 3.5
    endloop
  endfacet
  facet normal -0.946922 0.321463 0
    outer loop
      vertex -23.9319 -7.48236 3.5
      vertex -23.8478 -7.23463 4.5
      vertex -23.8478 -7.23463 3.5
    endloop
  endfacet
  facet normal -0.946922 0.321463 0
    outer loop
      vertex -23.8478 -7.23463 4.5
      vertex -23.9319 -7.48236 3.5
      vertex -23.9319 -7.48236 4.5
    endloop
  endfacet
  facet normal 0.659343 -0.751842 0
    outer loop
      vertex -20.7825 -9.58671 3.5
      vertex -20.5858 -9.41421 4.5
      vertex -20.7825 -9.58671 4.5
    endloop
  endfacet
  facet normal 0.659343 -0.751842 0
    outer loop
      vertex -20.5858 -9.41421 4.5
      vertex -20.7825 -9.58671 3.5
      vertex -20.5858 -9.41421 3.5
    endloop
  endfacet
  facet normal -0.831544 -0.555459 0
    outer loop
      vertex -23.5867 -9.21752 3.5
      vertex -23.732 -9 4.5
      vertex -23.732 -9 3.5
    endloop
  endfacet
  facet normal -0.831544 -0.555459 0
    outer loop
      vertex -23.732 -9 4.5
      vertex -23.5867 -9.21752 3.5
      vertex -23.5867 -9.21752 4.5
    endloop
  endfacet
  facet normal -0.831544 0.555459 0
    outer loop
      vertex -23.732 -7 3.5
      vertex -23.5867 -6.78248 4.5
      vertex -23.5867 -6.78248 3.5
    endloop
  endfacet
  facet normal -0.831544 0.555459 0
    outer loop
      vertex -23.5867 -6.78248 4.5
      vertex -23.732 -7 3.5
      vertex -23.732 -7 4.5
    endloop
  endfacet
  facet normal 0.896883 -0.442268 0
    outer loop
      vertex -20.2679 7 4.5
      vertex -20.1522 7.23463 3.5
      vertex -20.1522 7.23463 4.5
    endloop
  endfacet
  facet normal 0.896883 -0.442268 0
    outer loop
      vertex -20.1522 7.23463 3.5
      vertex -20.2679 7 4.5
      vertex -20.2679 7 3.5
    endloop
  endfacet
  facet normal 0.0653902 -0.99786 0
    outer loop
      vertex -22 6 3.5
      vertex -21.7389 6.01711 4.5
      vertex -22 6 4.5
    endloop
  endfacet
  facet normal 0.0653902 -0.99786 0
    outer loop
      vertex -21.7389 6.01711 4.5
      vertex -22 6 3.5
      vertex -21.7389 6.01711 3.5
    endloop
  endfacet
  facet normal 0.946922 0.321463 0
    outer loop
      vertex -20.0681 8.51764 4.5
      vertex -20.1522 8.76537 3.5
      vertex -20.1522 8.76537 4.5
    endloop
  endfacet
  facet normal 0.946922 0.321463 0
    outer loop
      vertex -20.1522 8.76537 3.5
      vertex -20.0681 8.51764 4.5
      vertex -20.0681 8.51764 3.5
    endloop
  endfacet
  facet normal 0.659343 0.751842 -0
    outer loop
      vertex -20.5858 9.41421 3.5
      vertex -20.7825 9.58671 4.5
      vertex -20.5858 9.41421 4.5
    endloop
  endfacet
  facet normal 0.659343 0.751842 0
    outer loop
      vertex -20.7825 9.58671 4.5
      vertex -20.5858 9.41421 3.5
      vertex -20.7825 9.58671 3.5
    endloop
  endfacet
  facet normal -0.442344 -0.896845 0
    outer loop
      vertex -23 6.26795 3.5
      vertex -22.7654 6.15224 4.5
      vertex -23 6.26795 4.5
    endloop
  endfacet
  facet normal -0.442344 -0.896845 -0
    outer loop
      vertex -22.7654 6.15224 4.5
      vertex -23 6.26795 3.5
      vertex -22.7654 6.15224 3.5
    endloop
  endfacet
  facet normal -0.0653902 0.99786 0
    outer loop
      vertex -22 10 3.5
      vertex -22.2611 9.98289 4.5
      vertex -22 10 4.5
    endloop
  endfacet
  facet normal -0.0653902 0.99786 0
    outer loop
      vertex -22.2611 9.98289 4.5
      vertex -22 10 3.5
      vertex -22.2611 9.98289 3.5
    endloop
  endfacet
  facet normal 0.19516 -0.980771 0
    outer loop
      vertex -21.7389 6.01711 3.5
      vertex -21.4824 6.06815 4.5
      vertex -21.7389 6.01711 4.5
    endloop
  endfacet
  facet normal 0.19516 -0.980771 0
    outer loop
      vertex -21.4824 6.06815 4.5
      vertex -21.7389 6.01711 3.5
      vertex -21.4824 6.06815 3.5
    endloop
  endfacet
  facet normal -0.5556 0.83145 0
    outer loop
      vertex -23 9.73205 3.5
      vertex -23.2175 9.58671 4.5
      vertex -23 9.73205 4.5
    endloop
  endfacet
  facet normal -0.5556 0.83145 0
    outer loop
      vertex -23.2175 9.58671 4.5
      vertex -23 9.73205 3.5
      vertex -23.2175 9.58671 3.5
    endloop
  endfacet
  facet normal -0.659343 -0.751842 0
    outer loop
      vertex -23.4142 6.58579 3.5
      vertex -23.2175 6.41329 4.5
      vertex -23.4142 6.58579 4.5
    endloop
  endfacet
  facet normal -0.659343 -0.751842 -0
    outer loop
      vertex -23.2175 6.41329 4.5
      vertex -23.4142 6.58579 3.5
      vertex -23.2175 6.41329 3.5
    endloop
  endfacet
  facet normal 0.980814 0.194947 0
    outer loop
      vertex -20.0171 8.26105 4.5
      vertex -20.0681 8.51764 3.5
      vertex -20.0681 8.51764 4.5
    endloop
  endfacet
  facet normal 0.980814 0.194947 0
    outer loop
      vertex -20.0681 8.51764 3.5
      vertex -20.0171 8.26105 4.5
      vertex -20.0171 8.26105 3.5
    endloop
  endfacet
  facet normal -0.19516 0.980771 0
    outer loop
      vertex -22.2611 9.98289 3.5
      vertex -22.5176 9.93185 4.5
      vertex -22.2611 9.98289 4.5
    endloop
  endfacet
  facet normal -0.19516 0.980771 0
    outer loop
      vertex -22.5176 9.93185 4.5
      vertex -22.2611 9.98289 3.5
      vertex -22.5176 9.93185 3.5
    endloop
  endfacet
  facet normal 0.997861 0.0653646 0
    outer loop
      vertex -20 8 4.5
      vertex -20.0171 8.26105 3.5
      vertex -20.0171 8.26105 4.5
    endloop
  endfacet
  facet normal 0.997861 0.0653646 0
    outer loop
      vertex -20.0171 8.26105 3.5
      vertex -20 8 4.5
      vertex -20 8 3.5
    endloop
  endfacet
  facet normal -0.659343 0.751842 0
    outer loop
      vertex -23.2175 9.58671 3.5
      vertex -23.4142 9.41421 4.5
      vertex -23.2175 9.58671 4.5
    endloop
  endfacet
  facet normal -0.659343 0.751842 0
    outer loop
      vertex -23.4142 9.41421 4.5
      vertex -23.2175 9.58671 3.5
      vertex -23.4142 9.41421 3.5
    endloop
  endfacet
  facet normal 0.442344 -0.896845 0
    outer loop
      vertex -21.2346 6.15224 3.5
      vertex -21 6.26795 4.5
      vertex -21.2346 6.15224 4.5
    endloop
  endfacet
  facet normal 0.442344 -0.896845 0
    outer loop
      vertex -21 6.26795 4.5
      vertex -21.2346 6.15224 3.5
      vertex -21 6.26795 3.5
    endloop
  endfacet
  facet normal -0.321348 -0.946961 0
    outer loop
      vertex -22.7654 6.15224 3.5
      vertex -22.5176 6.06815 4.5
      vertex -22.7654 6.15224 4.5
    endloop
  endfacet
  facet normal -0.321348 -0.946961 -0
    outer loop
      vertex -22.5176 6.06815 4.5
      vertex -22.7654 6.15224 3.5
      vertex -22.5176 6.06815 3.5
    endloop
  endfacet
  facet normal 0.5556 0.83145 -0
    outer loop
      vertex -20.7825 9.58671 3.5
      vertex -21 9.73205 4.5
      vertex -20.7825 9.58671 4.5
    endloop
  endfacet
  facet normal 0.5556 0.83145 0
    outer loop
      vertex -21 9.73205 4.5
      vertex -20.7825 9.58671 3.5
      vertex -21 9.73205 3.5
    endloop
  endfacet
  facet normal 0.997861 -0.0653646 0
    outer loop
      vertex -20.0171 7.73895 4.5
      vertex -20 8 3.5
      vertex -20 8 4.5
    endloop
  endfacet
  facet normal 0.997861 -0.0653646 0
    outer loop
      vertex -20 8 3.5
      vertex -20.0171 7.73895 4.5
      vertex -20.0171 7.73895 3.5
    endloop
  endfacet
  facet normal 0.980814 -0.194947 0
    outer loop
      vertex -20.0681 7.48236 4.5
      vertex -20.0171 7.73895 3.5
      vertex -20.0171 7.73895 4.5
    endloop
  endfacet
  facet normal 0.980814 -0.194947 0
    outer loop
      vertex -20.0171 7.73895 3.5
      vertex -20.0681 7.48236 4.5
      vertex -20.0681 7.48236 3.5
    endloop
  endfacet
  facet normal -0.997861 -0.0653646 0
    outer loop
      vertex -23.9829 7.73895 3.5
      vertex -24 8 4.5
      vertex -24 8 3.5
    endloop
  endfacet
  facet normal -0.997861 -0.0653646 0
    outer loop
      vertex -24 8 4.5
      vertex -23.9829 7.73895 3.5
      vertex -23.9829 7.73895 4.5
    endloop
  endfacet
  facet normal -0.831544 0.555459 0
    outer loop
      vertex -23.732 9 3.5
      vertex -23.5867 9.21752 4.5
      vertex -23.5867 9.21752 3.5
    endloop
  endfacet
  facet normal -0.831544 0.555459 0
    outer loop
      vertex -23.5867 9.21752 4.5
      vertex -23.732 9 3.5
      vertex -23.732 9 4.5
    endloop
  endfacet
  facet normal 0.831368 0.555723 0
    outer loop
      vertex -20.2679 9 4.5
      vertex -20.4133 9.21752 3.5
      vertex -20.4133 9.21752 4.5
    endloop
  endfacet
  facet normal 0.831368 0.555723 0
    outer loop
      vertex -20.4133 9.21752 3.5
      vertex -20.2679 9 4.5
      vertex -20.2679 9 3.5
    endloop
  endfacet
  facet normal 0.659343 -0.751842 0
    outer loop
      vertex -20.7825 6.41329 3.5
      vertex -20.5858 6.58579 4.5
      vertex -20.7825 6.41329 4.5
    endloop
  endfacet
  facet normal 0.659343 -0.751842 0
    outer loop
      vertex -20.5858 6.58579 4.5
      vertex -20.7825 6.41329 3.5
      vertex -20.5858 6.58579 3.5
    endloop
  endfacet
  facet normal 0.321348 0.946961 -0
    outer loop
      vertex -21.2346 9.84776 3.5
      vertex -21.4824 9.93185 4.5
      vertex -21.2346 9.84776 4.5
    endloop
  endfacet
  facet normal 0.321348 0.946961 0
    outer loop
      vertex -21.4824 9.93185 4.5
      vertex -21.2346 9.84776 3.5
      vertex -21.4824 9.93185 3.5
    endloop
  endfacet
  facet normal 0.19516 0.980771 -0
    outer loop
      vertex -21.4824 9.93185 3.5
      vertex -21.7389 9.98289 4.5
      vertex -21.4824 9.93185 4.5
    endloop
  endfacet
  facet normal 0.19516 0.980771 0
    outer loop
      vertex -21.7389 9.98289 4.5
      vertex -21.4824 9.93185 3.5
      vertex -21.7389 9.98289 3.5
    endloop
  endfacet
  facet normal 0.5556 -0.83145 0
    outer loop
      vertex -21 6.26795 3.5
      vertex -20.7825 6.41329 4.5
      vertex -21 6.26795 4.5
    endloop
  endfacet
  facet normal 0.5556 -0.83145 0
    outer loop
      vertex -20.7825 6.41329 4.5
      vertex -21 6.26795 3.5
      vertex -20.7825 6.41329 3.5
    endloop
  endfacet
  facet normal -0.980814 -0.194947 0
    outer loop
      vertex -23.9319 7.48236 3.5
      vertex -23.9829 7.73895 4.5
      vertex -23.9829 7.73895 3.5
    endloop
  endfacet
  facet normal -0.980814 -0.194947 0
    outer loop
      vertex -23.9829 7.73895 4.5
      vertex -23.9319 7.48236 3.5
      vertex -23.9319 7.48236 4.5
    endloop
  endfacet
  facet normal 0.831368 -0.555723 0
    outer loop
      vertex -20.4133 6.78248 4.5
      vertex -20.2679 7 3.5
      vertex -20.2679 7 4.5
    endloop
  endfacet
  facet normal 0.831368 -0.555723 0
    outer loop
      vertex -20.2679 7 3.5
      vertex -20.4133 6.78248 4.5
      vertex -20.4133 6.78248 3.5
    endloop
  endfacet
  facet normal -0.946922 0.321463 0
    outer loop
      vertex -23.9319 8.51764 3.5
      vertex -23.8478 8.76537 4.5
      vertex -23.8478 8.76537 3.5
    endloop
  endfacet
  facet normal -0.946922 0.321463 0
    outer loop
      vertex -23.8478 8.76537 4.5
      vertex -23.9319 8.51764 3.5
      vertex -23.9319 8.51764 4.5
    endloop
  endfacet
  facet normal 0.751826 -0.659362 0
    outer loop
      vertex -20.5858 6.58579 4.5
      vertex -20.4133 6.78248 3.5
      vertex -20.4133 6.78248 4.5
    endloop
  endfacet
  facet normal 0.751826 -0.659362 0
    outer loop
      vertex -20.4133 6.78248 3.5
      vertex -20.5858 6.58579 4.5
      vertex -20.5858 6.58579 3.5
    endloop
  endfacet
  facet normal -0.0653902 -0.99786 0
    outer loop
      vertex -22.2611 6.01711 3.5
      vertex -22 6 4.5
      vertex -22.2611 6.01711 4.5
    endloop
  endfacet
  facet normal -0.0653902 -0.99786 -0
    outer loop
      vertex -22 6 4.5
      vertex -22.2611 6.01711 3.5
      vertex -22 6 3.5
    endloop
  endfacet
  facet normal 0.321348 -0.946961 0
    outer loop
      vertex -21.4824 6.06815 3.5
      vertex -21.2346 6.15224 4.5
      vertex -21.4824 6.06815 4.5
    endloop
  endfacet
  facet normal 0.321348 -0.946961 0
    outer loop
      vertex -21.2346 6.15224 4.5
      vertex -21.4824 6.06815 3.5
      vertex -21.2346 6.15224 3.5
    endloop
  endfacet
  facet normal -0.321348 0.946961 0
    outer loop
      vertex -22.5176 9.93185 3.5
      vertex -22.7654 9.84776 4.5
      vertex -22.5176 9.93185 4.5
    endloop
  endfacet
  facet normal -0.321348 0.946961 0
    outer loop
      vertex -22.7654 9.84776 4.5
      vertex -22.5176 9.93185 3.5
      vertex -22.7654 9.84776 3.5
    endloop
  endfacet
  facet normal 0.946922 -0.321463 0
    outer loop
      vertex -20.1522 7.23463 4.5
      vertex -20.0681 7.48236 3.5
      vertex -20.0681 7.48236 4.5
    endloop
  endfacet
  facet normal 0.946922 -0.321463 0
    outer loop
      vertex -20.0681 7.48236 3.5
      vertex -20.1522 7.23463 4.5
      vertex -20.1522 7.23463 3.5
    endloop
  endfacet
  facet normal -0.997861 0.0653646 0
    outer loop
      vertex -24 8 3.5
      vertex -23.9829 8.26105 4.5
      vertex -23.9829 8.26105 3.5
    endloop
  endfacet
  facet normal -0.997861 0.0653646 0
    outer loop
      vertex -23.9829 8.26105 4.5
      vertex -24 8 3.5
      vertex -24 8 4.5
    endloop
  endfacet
  facet normal -0.19516 -0.980771 0
    outer loop
      vertex -22.5176 6.06815 3.5
      vertex -22.2611 6.01711 4.5
      vertex -22.5176 6.06815 4.5
    endloop
  endfacet
  facet normal -0.19516 -0.980771 -0
    outer loop
      vertex -22.2611 6.01711 4.5
      vertex -22.5176 6.06815 3.5
      vertex -22.2611 6.01711 3.5
    endloop
  endfacet
  facet normal -0.946922 -0.321463 0
    outer loop
      vertex -23.8478 7.23463 3.5
      vertex -23.9319 7.48236 4.5
      vertex -23.9319 7.48236 3.5
    endloop
  endfacet
  facet normal -0.946922 -0.321463 0
    outer loop
      vertex -23.9319 7.48236 4.5
      vertex -23.8478 7.23463 3.5
      vertex -23.8478 7.23463 4.5
    endloop
  endfacet
  facet normal -0.751826 -0.659362 0
    outer loop
      vertex -23.4142 6.58579 3.5
      vertex -23.5867 6.78248 4.5
      vertex -23.5867 6.78248 3.5
    endloop
  endfacet
  facet normal -0.751826 -0.659362 0
    outer loop
      vertex -23.5867 6.78248 4.5
      vertex -23.4142 6.58579 3.5
      vertex -23.4142 6.58579 4.5
    endloop
  endfacet
  facet normal 0.442344 0.896845 -0
    outer loop
      vertex -21 9.73205 3.5
      vertex -21.2346 9.84776 4.5
      vertex -21 9.73205 4.5
    endloop
  endfacet
  facet normal 0.442344 0.896845 0
    outer loop
      vertex -21.2346 9.84776 4.5
      vertex -21 9.73205 3.5
      vertex -21.2346 9.84776 3.5
    endloop
  endfacet
  facet normal 0.896883 0.442268 0
    outer loop
      vertex -20.1522 8.76537 4.5
      vertex -20.2679 9 3.5
      vertex -20.2679 9 4.5
    endloop
  endfacet
  facet normal 0.896883 0.442268 0
    outer loop
      vertex -20.2679 9 3.5
      vertex -20.1522 8.76537 4.5
      vertex -20.1522 8.76537 3.5
    endloop
  endfacet
  facet normal 0.0653902 0.99786 -0
    outer loop
      vertex -21.7389 9.98289 3.5
      vertex -22 10 4.5
      vertex -21.7389 9.98289 4.5
    endloop
  endfacet
  facet normal 0.0653902 0.99786 0
    outer loop
      vertex -22 10 4.5
      vertex -21.7389 9.98289 3.5
      vertex -22 10 3.5
    endloop
  endfacet
  facet normal -0.980814 0.194947 0
    outer loop
      vertex -23.9829 8.26105 3.5
      vertex -23.9319 8.51764 4.5
      vertex -23.9319 8.51764 3.5
    endloop
  endfacet
  facet normal -0.980814 0.194947 0
    outer loop
      vertex -23.9319 8.51764 4.5
      vertex -23.9829 8.26105 3.5
      vertex -23.9829 8.26105 4.5
    endloop
  endfacet
  facet normal 0.751826 0.659362 0
    outer loop
      vertex -20.4133 9.21752 4.5
      vertex -20.5858 9.41421 3.5
      vertex -20.5858 9.41421 4.5
    endloop
  endfacet
  facet normal 0.751826 0.659362 0
    outer loop
      vertex -20.5858 9.41421 3.5
      vertex -20.4133 9.21752 4.5
      vertex -20.4133 9.21752 3.5
    endloop
  endfacet
  facet normal -0.5556 -0.83145 0
    outer loop
      vertex -23.2175 6.41329 3.5
      vertex -23 6.26795 4.5
      vertex -23.2175 6.41329 4.5
    endloop
  endfacet
  facet normal -0.5556 -0.83145 -0
    outer loop
      vertex -23 6.26795 4.5
      vertex -23.2175 6.41329 3.5
      vertex -23 6.26795 3.5
    endloop
  endfacet
  facet normal -0.896731 0.442575 0
    outer loop
      vertex -23.8478 8.76537 3.5
      vertex -23.732 9 4.5
      vertex -23.732 9 3.5
    endloop
  endfacet
  facet normal -0.896731 0.442575 0
    outer loop
      vertex -23.732 9 4.5
      vertex -23.8478 8.76537 3.5
      vertex -23.8478 8.76537 4.5
    endloop
  endfacet
  facet normal -0.751826 0.659362 0
    outer loop
      vertex -23.5867 9.21752 3.5
      vertex -23.4142 9.41421 4.5
      vertex -23.4142 9.41421 3.5
    endloop
  endfacet
  facet normal -0.751826 0.659362 0
    outer loop
      vertex -23.4142 9.41421 4.5
      vertex -23.5867 9.21752 3.5
      vertex -23.5867 9.21752 4.5
    endloop
  endfacet
  facet normal -0.442344 0.896845 0
    outer loop
      vertex -22.7654 9.84776 3.5
      vertex -23 9.73205 4.5
      vertex -22.7654 9.84776 4.5
    endloop
  endfacet
  facet normal -0.442344 0.896845 0
    outer loop
      vertex -23 9.73205 4.5
      vertex -22.7654 9.84776 3.5
      vertex -23 9.73205 3.5
    endloop
  endfacet
  facet normal -0.896731 -0.442575 0
    outer loop
      vertex -23.732 7 3.5
      vertex -23.8478 7.23463 4.5
      vertex -23.8478 7.23463 3.5
    endloop
  endfacet
  facet normal -0.896731 -0.442575 0
    outer loop
      vertex -23.8478 7.23463 4.5
      vertex -23.732 7 3.5
      vertex -23.732 7 4.5
    endloop
  endfacet
  facet normal -0.831544 -0.555459 0
    outer loop
      vertex -23.5867 6.78248 3.5
      vertex -23.732 7 4.5
      vertex -23.732 7 3.5
    endloop
  endfacet
  facet normal -0.831544 -0.555459 0
    outer loop
      vertex -23.732 7 4.5
      vertex -23.5867 6.78248 3.5
      vertex -23.5867 6.78248 4.5
    endloop
  endfacet
  facet normal 0 0 1
    outer loop
      vertex -20.0171 8.26105 4.5
      vertex -20.0171 7.73895 4.5
      vertex -20 8 4.5
    endloop
  endfacet
  facet normal 0 0 1
    outer loop
      vertex -20.0681 8.51764 4.5
      vertex -20.0171 7.73895 4.5
      vertex -20.0171 8.26105 4.5
    endloop
  endfacet
  facet normal 0 0 1
    outer loop
      vertex -20.0681 8.51764 4.5
      vertex -20.0681 7.48236 4.5
      vertex -20.0171 7.73895 4.5
    endloop
  endfacet
  facet normal 0 0 1
    outer loop
      vertex -20.1522 8.76537 4.5
      vertex -20.0681 7.48236 4.5
      vertex -20.0681 8.51764 4.5
    endloop
  endfacet
  facet normal 0 0 1
    outer loop
      vertex -20.1522 8.76537 4.5
      vertex -20.1522 7.23463 4.5
      vertex -20.0681 7.48236 4.5
    endloop
  endfacet
  facet normal 0 0 1
    outer loop
      vertex -20.2679 9 4.5
      vertex -20.1522 7.23463 4.5
      vertex -20.1522 8.76537 4.5
    endloop
  endfacet
  facet normal 0 0 1
    outer loop
      vertex -20.2679 9 4.5
      vertex -20.2679 7 4.5
      vertex -20.1522 7.23463 4.5
    endloop
  endfacet
  facet normal 0 0 1
    outer loop
      vertex -20.4133 9.21752 4.5
      vertex -20.2679 7 4.5
      vertex -20.2679 9 4.5
    endloop
  endfacet
  facet normal 0 0 1
    outer loop
      vertex -20.4133 9.21752 4.5
      vertex -20.4133 6.78248 4.5
      vertex -20.2679 7 4.5
    endloop
  endfacet
  facet normal 0 0 1
    outer loop
      vertex -20.5858 9.41421 4.5
      vertex -20.4133 6.78248 4.5
      vertex -20.4133 9.21752 4.5
    endloop
  endfacet
  facet normal 0 0 1
    outer loop
      vertex -20.5858 9.41421 4.5
      vertex -20.5858 6.58579 4.5
      vertex -20.4133 6.78248 4.5
    endloop
  endfacet
  facet normal 0 0 1
    outer loop
      vertex -20.7825 9.58671 4.5
      vertex -20.5858 6.58579 4.5
      vertex -20.5858 9.41421 4.5
    endloop
  endfacet
  facet normal 0 0 1
    outer loop
      vertex -20.7825 9.58671 4.5
      vertex -20.7825 6.41329 4.5
      vertex -20.5858 6.58579 4.5
    endloop
  endfacet
  facet normal 0 0 1
    outer loop
      vertex -21 9.73205 4.5
      vertex -20.7825 6.41329 4.5
      vertex -20.7825 9.58671 4.5
    endloop
  endfacet
  facet normal 0 0 1
    outer loop
      vertex -21 9.73205 4.5
      vertex -21 6.26795 4.5
      vertex -20.7825 6.41329 4.5
    endloop
  endfacet
  facet normal 0 0 1
    outer loop
      vertex -21.2346 9.84776 4.5
      vertex -21 6.26795 4.5
      vertex -21 9.73205 4.5
    endloop
  endfacet
  facet normal 0 0 1
    outer loop
      vertex -21.2346 9.84776 4.5
      vertex -21.2346 6.15224 4.5
      vertex -21 6.26795 4.5
    endloop
  endfacet
  facet normal 0 0 1
    outer loop
      vertex -21.4824 9.93185 4.5
      vertex -21.2346 6.15224 4.5
      vertex -21.2346 9.84776 4.5
    endloop
  endfacet
  facet normal 0 0 1
    outer loop
      vertex -21.4824 9.93185 4.5
      vertex -21.4824 6.06815 4.5
      vertex -21.2346 6.15224 4.5
    endloop
  endfacet
  facet normal 0 0 1
    outer loop
      vertex -21.7389 9.98289 4.5
      vertex -21.4824 6.06815 4.5
      vertex -21.4824 9.93185 4.5
    endloop
  endfacet
  facet normal 0 0 1
    outer loop
      vertex -21.7389 9.98289 4.5
      vertex -21.7389 6.01711 4.5
      vertex -21.4824 6.06815 4.5
    endloop
  endfacet
  facet normal 0 0 1
    outer loop
      vertex -22 10 4.5
      vertex -21.7389 6.01711 4.5
      vertex -21.7389 9.98289 4.5
    endloop
  endfacet
  facet normal 0 0 1
    outer loop
      vertex -22 10 4.5
      vertex -22 6 4.5
      vertex -21.7389 6.01711 4.5
    endloop
  endfacet
  facet normal -0 0 1
    outer loop
      vertex -22.2611 9.98289 4.5
      vertex -22 6 4.5
      vertex -22 10 4.5
    endloop
  endfacet
  facet normal 0 0 1
    outer loop
      vertex -22.2611 9.98289 4.5
      vertex -22.2611 6.01711 4.5
      vertex -22 6 4.5
    endloop
  endfacet
  facet normal -0 0 1
    outer loop
      vertex -22.5176 9.93185 4.5
      vertex -22.2611 6.01711 4.5
      vertex -22.2611 9.98289 4.5
    endloop
  endfacet
  facet normal 0 0 1
    outer loop
      vertex -22.5176 9.93185 4.5
      vertex -22.5176 6.06815 4.5
      vertex -22.2611 6.01711 4.5
    endloop
  endfacet
  facet normal -0 0 1
    outer loop
      vertex -22.7654 9.84776 4.5
      vertex -22.5176 6.06815 4.5
      vertex -22.5176 9.93185 4.5
    endloop
  endfacet
  facet normal 0 0 1
    outer loop
      vertex -22.7654 9.84776 4.5
      vertex -22.7654 6.15224 4.5
      vertex -22.5176 6.06815 4.5
    endloop
  endfacet
  facet normal -0 0 1
    outer loop
      vertex -23 9.73205 4.5
      vertex -22.7654 6.15224 4.5
      vertex -22.7654 9.84776 4.5
    endloop
  endfacet
  facet normal 0 0 1
    outer loop
      vertex -23 9.73205 4.5
      vertex -23 6.26795 4.5
      vertex -22.7654 6.15224 4.5
    endloop
  endfacet
  facet normal -0 0 1
    outer loop
      vertex -23.2175 9.58671 4.5
      vertex -23 6.26795 4.5
      vertex -23 9.73205 4.5
    endloop
  endfacet
  facet normal 0 0 1
    outer loop
      vertex -23.2175 9.58671 4.5
      vertex -23.2175 6.41329 4.5
      vertex -23 6.26795 4.5
    endloop
  endfacet
  facet normal -0 0 1
    outer loop
      vertex -23.4142 9.41421 4.5
      vertex -23.2175 6.41329 4.5
      vertex -23.2175 9.58671 4.5
    endloop
  endfacet
  facet normal 0 0 1
    outer loop
      vertex -23.4142 9.41421 4.5
      vertex -23.4142 6.58579 4.5
      vertex -23.2175 6.41329 4.5
    endloop
  endfacet
  facet normal -0 0 1
    outer loop
      vertex -23.5867 9.21752 4.5
      vertex -23.4142 6.58579 4.5
      vertex -23.4142 9.41421 4.5
    endloop
  endfacet
  facet normal 0 0 1
    outer loop
      vertex -23.5867 9.21752 4.5
      vertex -23.5867 6.78248 4.5
      vertex -23.4142 6.58579 4.5
    endloop
  endfacet
  facet normal -0 0 1
    outer loop
      vertex -23.732 9 4.5
      vertex -23.5867 6.78248 4.5
      vertex -23.5867 9.21752 4.5
    endloop
  endfacet
  facet normal 0 0 1
    outer loop
      vertex -23.732 9 4.5
      vertex -23.732 7 4.5
      vertex -23.5867 6.78248 4.5
    endloop
  endfacet
  facet normal -0 0 1
    outer loop
      vertex -23.8478 8.76537 4.5
      vertex -23.732 7 4.5
      vertex -23.732 9 4.5
    endloop
  endfacet
  facet normal 0 0 1
    outer loop
      vertex -23.8478 8.76537 4.5
      vertex -23.8478 7.23463 4.5
      vertex -23.732 7 4.5
    endloop
  endfacet
  facet normal -0 0 1
    outer loop
      vertex -23.9319 8.51764 4.5
      vertex -23.8478 7.23463 4.5
      vertex -23.8478 8.76537 4.5
    endloop
  endfacet
  facet normal 0 0 1
    outer loop
      vertex -23.9319 8.51764 4.5
      vertex -23.9319 7.48236 4.5
      vertex -23.8478 7.23463 4.5
    endloop
  endfacet
  facet normal -0 0 1
    outer loop
      vertex -23.9829 8.26105 4.5
      vertex -23.9319 7.48236 4.5
      vertex -23.9319 8.51764 4.5
    endloop
  endfacet
  facet normal 0 0 1
    outer loop
      vertex -23.9829 8.26105 4.5
      vertex -23.9829 7.73895 4.5
      vertex -23.9319 7.48236 4.5
    endloop
  endfacet
  facet normal 0 -0 1
    outer loop
      vertex -23.9829 7.73895 4.5
      vertex -23.9829 8.26105 4.5
      vertex -24 8 4.5
    endloop
  endfacet
  facet normal 0.0653902 -0.99786 0
    outer loop
      vertex 22 -10 3.5
      vertex 22.2611 -9.98289 4.5
      vertex 22 -10 4.5
    endloop
  endfacet
  facet normal 0.0653902 -0.99786 0
    outer loop
      vertex 22.2611 -9.98289 4.5
      vertex 22 -10 3.5
      vertex 22.2611 -9.98289 3.5
    endloop
  endfacet
  facet normal 0.980814 0.194947 0
    outer loop
      vertex 23.9829 -7.73895 4.5
      vertex 23.9319 -7.48236 3.5
      vertex 23.9319 -7.48236 4.5
    endloop
  endfacet
  facet normal 0.980814 0.194947 0
    outer loop
      vertex 23.9319 -7.48236 3.5
      vertex 23.9829 -7.73895 4.5
      vertex 23.9829 -7.73895 3.5
    endloop
  endfacet
  facet normal 0.997861 0.0653646 0
    outer loop
      vertex 24 -8 4.5
      vertex 23.9829 -7.73895 3.5
      vertex 23.9829 -7.73895 4.5
    endloop
  endfacet
  facet normal 0.997861 0.0653646 0
    outer loop
      vertex 23.9829 -7.73895 3.5
      vertex 24 -8 4.5
      vertex 24 -8 3.5
    endloop
  endfacet
  facet normal 0.980814 -0.194947 0
    outer loop
      vertex 23.9319 -8.51764 4.5
      vertex 23.9829 -8.26105 3.5
      vertex 23.9829 -8.26105 4.5
    endloop
  endfacet
  facet normal 0.980814 -0.194947 0
    outer loop
      vertex 23.9829 -8.26105 3.5
      vertex 23.9319 -8.51764 4.5
      vertex 23.9319 -8.51764 3.5
    endloop
  endfacet
  facet normal -0.896883 -0.442268 0
    outer loop
      vertex 20.2679 -9 3.5
      vertex 20.1522 -8.76537 4.5
      vertex 20.1522 -8.76537 3.5
    endloop
  endfacet
  facet normal -0.896883 -0.442268 0
    outer loop
      vertex 20.1522 -8.76537 4.5
      vertex 20.2679 -9 3.5
      vertex 20.2679 -9 4.5
    endloop
  endfacet
  facet normal -0.442344 0.896845 0
    outer loop
      vertex 21.2346 -6.15224 3.5
      vertex 21 -6.26795 4.5
      vertex 21.2346 -6.15224 4.5
    endloop
  endfacet
  facet normal -0.442344 0.896845 0
    outer loop
      vertex 21 -6.26795 4.5
      vertex 21.2346 -6.15224 3.5
      vertex 21 -6.26795 3.5
    endloop
  endfacet
  facet normal 0.946922 -0.321463 0
    outer loop
      vertex 23.8478 -8.76537 4.5
      vertex 23.9319 -8.51764 3.5
      vertex 23.9319 -8.51764 4.5
    endloop
  endfacet
  facet normal 0.946922 -0.321463 0
    outer loop
      vertex 23.9319 -8.51764 3.5
      vertex 23.8478 -8.76537 4.5
      vertex 23.8478 -8.76537 3.5
    endloop
  endfacet
  facet normal -0.321348 -0.946961 0
    outer loop
      vertex 21.2346 -9.84776 3.5
      vertex 21.4824 -9.93185 4.5
      vertex 21.2346 -9.84776 4.5
    endloop
  endfacet
  facet normal -0.321348 -0.946961 -0
    outer loop
      vertex 21.4824 -9.93185 4.5
      vertex 21.2346 -9.84776 3.5
      vertex 21.4824 -9.93185 3.5
    endloop
  endfacet
  facet normal -0.442344 -0.896845 0
    outer loop
      vertex 21 -9.73205 3.5
      vertex 21.2346 -9.84776 4.5
      vertex 21 -9.73205 4.5
    endloop
  endfacet
  facet normal -0.442344 -0.896845 -0
    outer loop
      vertex 21.2346 -9.84776 4.5
      vertex 21 -9.73205 3.5
      vertex 21.2346 -9.84776 3.5
    endloop
  endfacet
  facet normal -0.19516 -0.980771 0
    outer loop
      vertex 21.4824 -9.93185 3.5
      vertex 21.7389 -9.98289 4.5
      vertex 21.4824 -9.93185 4.5
    endloop
  endfacet
  facet normal -0.19516 -0.980771 -0
    outer loop
      vertex 21.7389 -9.98289 4.5
      vertex 21.4824 -9.93185 3.5
      vertex 21.7389 -9.98289 3.5
    endloop
  endfacet
  facet normal -0.659343 -0.751842 0
    outer loop
      vertex 20.5858 -9.41421 3.5
      vertex 20.7825 -9.58671 4.5
      vertex 20.5858 -9.41421 4.5
    endloop
  endfacet
  facet normal -0.659343 -0.751842 -0
    outer loop
      vertex 20.7825 -9.58671 4.5
      vertex 20.5858 -9.41421 3.5
      vertex 20.7825 -9.58671 3.5
    endloop
  endfacet
  facet normal 0.442344 0.896845 -0
    outer loop
      vertex 23 -6.26795 3.5
      vertex 22.7654 -6.15224 4.5
      vertex 23 -6.26795 4.5
    endloop
  endfacet
  facet normal 0.442344 0.896845 0
    outer loop
      vertex 22.7654 -6.15224 4.5
      vertex 23 -6.26795 3.5
      vertex 22.7654 -6.15224 3.5
    endloop
  endfacet
  facet normal -0.5556 0.83145 0
    outer loop
      vertex 21 -6.26795 3.5
      vertex 20.7825 -6.41329 4.5
      vertex 21 -6.26795 4.5
    endloop
  endfacet
  facet normal -0.5556 0.83145 0
    outer loop
      vertex 20.7825 -6.41329 4.5
      vertex 21 -6.26795 3.5
      vertex 20.7825 -6.41329 3.5
    endloop
  endfacet
  facet normal 0.896731 0.442575 0
    outer loop
      vertex 23.8478 -7.23463 4.5
      vertex 23.732 -7 3.5
      vertex 23.732 -7 4.5
    endloop
  endfacet
  facet normal 0.896731 0.442575 0
    outer loop
      vertex 23.732 -7 3.5
      vertex 23.8478 -7.23463 4.5
      vertex 23.8478 -7.23463 3.5
    endloop
  endfacet
  facet normal 0.831544 -0.555459 0
    outer loop
      vertex 23.5867 -9.21752 4.5
      vertex 23.732 -9 3.5
      vertex 23.732 -9 4.5
    endloop
  endfacet
  facet normal 0.831544 -0.555459 0
    outer loop
      vertex 23.732 -9 3.5
      vertex 23.5867 -9.21752 4.5
      vertex 23.5867 -9.21752 3.5
    endloop
  endfacet
  facet normal 0.19516 -0.980771 0
    outer loop
      vertex 22.2611 -9.98289 3.5
      vertex 22.5176 -9.93185 4.5
      vertex 22.2611 -9.98289 4.5
    endloop
  endfacet
  facet normal 0.19516 -0.980771 0
    outer loop
      vertex 22.5176 -9.93185 4.5
      vertex 22.2611 -9.98289 3.5
      vertex 22.5176 -9.93185 3.5
    endloop
  endfacet
  facet normal 0.442344 -0.896845 0
    outer loop
      vertex 22.7654 -9.84776 3.5
      vertex 23 -9.73205 4.5
      vertex 22.7654 -9.84776 4.5
    endloop
  endfacet
  facet normal 0.442344 -0.896845 0
    outer loop
      vertex 23 -9.73205 4.5
      vertex 22.7654 -9.84776 3.5
      vertex 23 -9.73205 3.5
    endloop
  endfacet
  facet normal 0.321348 -0.946961 0
    outer loop
      vertex 22.5176 -9.93185 3.5
      vertex 22.7654 -9.84776 4.5
      vertex 22.5176 -9.93185 4.5
    endloop
  endfacet
  facet normal 0.321348 -0.946961 0
    outer loop
      vertex 22.7654 -9.84776 4.5
      vertex 22.5176 -9.93185 3.5
      vertex 22.7654 -9.84776 3.5
    endloop
  endfacet
  facet normal 0.5556 -0.83145 0
    outer loop
      vertex 23 -9.73205 3.5
      vertex 23.2175 -9.58671 4.5
      vertex 23 -9.73205 4.5
    endloop
  endfacet
  facet normal 0.5556 -0.83145 0
    outer loop
      vertex 23.2175 -9.58671 4.5
      vertex 23 -9.73205 3.5
      vertex 23.2175 -9.58671 3.5
    endloop
  endfacet
  facet normal -0.946922 0.321463 0
    outer loop
      vertex 20.0681 -7.48236 3.5
      vertex 20.1522 -7.23463 4.5
      vertex 20.1522 -7.23463 3.5
    endloop
  endfacet
  facet normal -0.946922 0.321463 0
    outer loop
      vertex 20.1522 -7.23463 4.5
      vertex 20.0681 -7.48236 3.5
      vertex 20.0681 -7.48236 4.5
    endloop
  endfacet
  facet normal 0.751826 -0.659362 0
    outer loop
      vertex 23.4142 -9.41421 4.5
      vertex 23.5867 -9.21752 3.5
      vertex 23.5867 -9.21752 4.5
    endloop
  endfacet
  facet normal 0.751826 -0.659362 0
    outer loop
      vertex 23.5867 -9.21752 3.5
      vertex 23.4142 -9.41421 4.5
      vertex 23.4142 -9.41421 3.5
    endloop
  endfacet
  facet normal 0.831544 0.555459 0
    outer loop
      vertex 23.732 -7 4.5
      vertex 23.5867 -6.78248 3.5
      vertex 23.5867 -6.78248 4.5
    endloop
  endfacet
  facet normal 0.831544 0.555459 0
    outer loop
      vertex 23.5867 -6.78248 3.5
      vertex 23.732 -7 4.5
      vertex 23.732 -7 3.5
    endloop
  endfacet
  facet normal 0 0 1
    outer loop
      vertex 23.9829 -7.73895 4.5
      vertex 23.9829 -8.26105 4.5
      vertex 24 -8 4.5
    endloop
  endfacet
  facet normal 0 0 1
    outer loop
      vertex 23.9319 -7.48236 4.5
      vertex 23.9829 -8.26105 4.5
      vertex 23.9829 -7.73895 4.5
    endloop
  endfacet
  facet normal 0 0 1
    outer loop
      vertex 23.9319 -7.48236 4.5
      vertex 23.9319 -8.51764 4.5
      vertex 23.9829 -8.26105 4.5
    endloop
  endfacet
  facet normal 0 0 1
    outer loop
      vertex 23.8478 -7.23463 4.5
      vertex 23.9319 -8.51764 4.5
      vertex 23.9319 -7.48236 4.5
    endloop
  endfacet
  facet normal 0 0 1
    outer loop
      vertex 23.8478 -7.23463 4.5
      vertex 23.8478 -8.76537 4.5
      vertex 23.9319 -8.51764 4.5
    endloop
  endfacet
  facet normal 0 0 1
    outer loop
      vertex 23.732 -7 4.5
      vertex 23.8478 -8.76537 4.5
      vertex 23.8478 -7.23463 4.5
    endloop
  endfacet
  facet normal 0 0 1
    outer loop
      vertex 23.732 -7 4.5
      vertex 23.732 -9 4.5
      vertex 23.8478 -8.76537 4.5
    endloop
  endfacet
  facet normal 0 0 1
    outer loop
      vertex 23.5867 -6.78248 4.5
      vertex 23.732 -9 4.5
      vertex 23.732 -7 4.5
    endloop
  endfacet
  facet normal 0 0 1
    outer loop
      vertex 23.5867 -6.78248 4.5
      vertex 23.5867 -9.21752 4.5
      vertex 23.732 -9 4.5
    endloop
  endfacet
  facet normal 0 0 1
    outer loop
      vertex 23.4142 -6.58579 4.5
      vertex 23.5867 -9.21752 4.5
      vertex 23.5867 -6.78248 4.5
    endloop
  endfacet
  facet normal 0 0 1
    outer loop
      vertex 23.4142 -6.58579 4.5
      vertex 23.4142 -9.41421 4.5
      vertex 23.5867 -9.21752 4.5
    endloop
  endfacet
  facet normal 0 0 1
    outer loop
      vertex 23.2175 -6.41329 4.5
      vertex 23.4142 -9.41421 4.5
      vertex 23.4142 -6.58579 4.5
    endloop
  endfacet
  facet normal 0 0 1
    outer loop
      vertex 23.2175 -6.41329 4.5
      vertex 23.2175 -9.58671 4.5
      vertex 23.4142 -9.41421 4.5
    endloop
  endfacet
  facet normal 0 0 1
    outer loop
      vertex 23 -6.26795 4.5
      vertex 23.2175 -9.58671 4.5
      vertex 23.2175 -6.41329 4.5
    endloop
  endfacet
  facet normal 0 0 1
    outer loop
      vertex 23 -6.26795 4.5
      vertex 23 -9.73205 4.5
      vertex 23.2175 -9.58671 4.5
    endloop
  endfacet
  facet normal 0 0 1
    outer loop
      vertex 22.7654 -6.15224 4.5
      vertex 23 -9.73205 4.5
      vertex 23 -6.26795 4.5
    endloop
  endfacet
  facet normal 0 0 1
    outer loop
      vertex 22.7654 -6.15224 4.5
      vertex 22.7654 -9.84776 4.5
      vertex 23 -9.73205 4.5
    endloop
  endfacet
  facet normal 0 0 1
    outer loop
      vertex 22.5176 -6.06815 4.5
      vertex 22.7654 -9.84776 4.5
      vertex 22.7654 -6.15224 4.5
    endloop
  endfacet
  facet normal 0 0 1
    outer loop
      vertex 22.5176 -6.06815 4.5
      vertex 22.5176 -9.93185 4.5
      vertex 22.7654 -9.84776 4.5
    endloop
  endfacet
  facet normal 0 0 1
    outer loop
      vertex 22.2611 -6.01711 4.5
      vertex 22.5176 -9.93185 4.5
      vertex 22.5176 -6.06815 4.5
    endloop
  endfacet
  facet normal 0 0 1
    outer loop
      vertex 22.2611 -6.01711 4.5
      vertex 22.2611 -9.98289 4.5
      vertex 22.5176 -9.93185 4.5
    endloop
  endfacet
  facet normal 0 0 1
    outer loop
      vertex 22 -6 4.5
      vertex 22.2611 -9.98289 4.5
      vertex 22.2611 -6.01711 4.5
    endloop
  endfacet
  facet normal 0 0 1
    outer loop
      vertex 22 -6 4.5
      vertex 22 -10 4.5
      vertex 22.2611 -9.98289 4.5
    endloop
  endfacet
  facet normal -0 0 1
    outer loop
      vertex 21.7389 -6.01711 4.5
      vertex 22 -10 4.5
      vertex 22 -6 4.5
    endloop
  endfacet
  facet normal 0 0 1
    outer loop
      vertex 21.7389 -6.01711 4.5
      vertex 21.7389 -9.98289 4.5
      vertex 22 -10 4.5
    endloop
  endfacet
  facet normal -0 0 1
    outer loop
      vertex 21.4824 -6.06815 4.5
      vertex 21.7389 -9.98289 4.5
      vertex 21.7389 -6.01711 4.5
    endloop
  endfacet
  facet normal 0 0 1
    outer loop
      vertex 21.4824 -6.06815 4.5
      vertex 21.4824 -9.93185 4.5
      vertex 21.7389 -9.98289 4.5
    endloop
  endfacet
  facet normal -0 0 1
    outer loop
      vertex 21.2346 -6.15224 4.5
      vertex 21.4824 -9.93185 4.5
      vertex 21.4824 -6.06815 4.5
    endloop
  endfacet
  facet normal 0 0 1
    outer loop
      vertex 21.2346 -6.15224 4.5
      vertex 21.2346 -9.84776 4.5
      vertex 21.4824 -9.93185 4.5
    endloop
  endfacet
  facet normal -0 0 1
    outer loop
      vertex 21 -6.26795 4.5
      vertex 21.2346 -9.84776 4.5
      vertex 21.2346 -6.15224 4.5
    endloop
  endfacet
  facet normal 0 0 1
    outer loop
      vertex 21 -6.26795 4.5
      vertex 21 -9.73205 4.5
      vertex 21.2346 -9.84776 4.5
    endloop
  endfacet
  facet normal -0 0 1
    outer loop
      vertex 20.7825 -6.41329 4.5
      vertex 21 -9.73205 4.5
      vertex 21 -6.26795 4.5
    endloop
  endfacet
  facet normal 0 0 1
    outer loop
      vertex 20.7825 -6.41329 4.5
      vertex 20.7825 -9.58671 4.5
      vertex 21 -9.73205 4.5
    endloop
  endfacet
  facet normal -0 0 1
    outer loop
      vertex 20.5858 -6.58579 4.5
      vertex 20.7825 -9.58671 4.5
      vertex 20.7825 -6.41329 4.5
    endloop
  endfacet
  facet normal 0 0 1
    outer loop
      vertex 20.5858 -6.58579 4.5
      vertex 20.5858 -9.41421 4.5
      vertex 20.7825 -9.58671 4.5
    endloop
  endfacet
  facet normal -0 0 1
    outer loop
      vertex 20.4133 -6.78248 4.5
      vertex 20.5858 -9.41421 4.5
      vertex 20.5858 -6.58579 4.5
    endloop
  endfacet
  facet normal 0 0 1
    outer loop
      vertex 20.4133 -6.78248 4.5
      vertex 20.4133 -9.21752 4.5
      vertex 20.5858 -9.41421 4.5
    endloop
  endfacet
  facet normal -0 0 1
    outer loop
      vertex 20.2679 -7 4.5
      vertex 20.4133 -9.21752 4.5
      vertex 20.4133 -6.78248 4.5
    endloop
  endfacet
  facet normal 0 0 1
    outer loop
      vertex 20.2679 -7 4.5
      vertex 20.2679 -9 4.5
      vertex 20.4133 -9.21752 4.5
    endloop
  endfacet
  facet normal -0 0 1
    outer loop
      vertex 20.1522 -7.23463 4.5
      vertex 20.2679 -9 4.5
      vertex 20.2679 -7 4.5
    endloop
  endfacet
  facet normal 0 0 1
    outer loop
      vertex 20.1522 -7.23463 4.5
      vertex 20.1522 -8.76537 4.5
      vertex 20.2679 -9 4.5
    endloop
  endfacet
  facet normal -0 0 1
    outer loop
      vertex 20.0681 -7.48236 4.5
      vertex 20.1522 -8.76537 4.5
      vertex 20.1522 -7.23463 4.5
    endloop
  endfacet
  facet normal 0 0 1
    outer loop
      vertex 20.0681 -7.48236 4.5
      vertex 20.0681 -8.51764 4.5
      vertex 20.1522 -8.76537 4.5
    endloop
  endfacet
  facet normal -0 0 1
    outer loop
      vertex 20.0171 -7.73895 4.5
      vertex 20.0681 -8.51764 4.5
      vertex 20.0681 -7.48236 4.5
    endloop
  endfacet
  facet normal 0 0 1
    outer loop
      vertex 20.0171 -7.73895 4.5
      vertex 20.0171 -8.26105 4.5
      vertex 20.0681 -8.51764 4.5
    endloop
  endfacet
  facet normal 0 -0 1
    outer loop
      vertex 20.0171 -8.26105 4.5
      vertex 20.0171 -7.73895 4.5
      vertex 20 -8 4.5
    endloop
  endfacet
  facet normal -0.5556 -0.83145 0
    outer loop
      vertex 20.7825 -9.58671 3.5
      vertex 21 -9.73205 4.5
      vertex 20.7825 -9.58671 4.5
    endloop
  endfacet
  facet normal -0.5556 -0.83145 -0
    outer loop
      vertex 21 -9.73205 4.5
      vertex 20.7825 -9.58671 3.5
      vertex 21 -9.73205 3.5
    endloop
  endfacet
  facet normal -0.980814 0.194947 0
    outer loop
      vertex 20.0171 -7.73895 3.5
      vertex 20.0681 -7.48236 4.5
      vertex 20.0681 -7.48236 3.5
    endloop
  endfacet
  facet normal -0.980814 0.194947 0
    outer loop
      vertex 20.0681 -7.48236 4.5
      vertex 20.0171 -7.73895 3.5
      vertex 20.0171 -7.73895 4.5
    endloop
  endfacet
  facet normal 0.321348 0.946961 -0
    outer loop
      vertex 22.7654 -6.15224 3.5
      vertex 22.5176 -6.06815 4.5
      vertex 22.7654 -6.15224 4.5
    endloop
  endfacet
  facet normal 0.321348 0.946961 0
    outer loop
      vertex 22.5176 -6.06815 4.5
      vertex 22.7654 -6.15224 3.5
      vertex 22.5176 -6.06815 3.5
    endloop
  endfacet
  facet normal 0.997861 -0.0653646 0
    outer loop
      vertex 23.9829 -8.26105 4.5
      vertex 24 -8 3.5
      vertex 24 -8 4.5
    endloop
  endfacet
  facet normal 0.997861 -0.0653646 0
    outer loop
      vertex 24 -8 3.5
      vertex 23.9829 -8.26105 4.5
      vertex 23.9829 -8.26105 3.5
    endloop
  endfacet
  facet normal -0.321348 0.946961 0
    outer loop
      vertex 21.4824 -6.06815 3.5
      vertex 21.2346 -6.15224 4.5
      vertex 21.4824 -6.06815 4.5
    endloop
  endfacet
  facet normal -0.321348 0.946961 0
    outer loop
      vertex 21.2346 -6.15224 4.5
      vertex 21.4824 -6.06815 3.5
      vertex 21.2346 -6.15224 3.5
    endloop
  endfacet
  facet normal 0.751826 0.659362 0
    outer loop
      vertex 23.5867 -6.78248 4.5
      vertex 23.4142 -6.58579 3.5
      vertex 23.4142 -6.58579 4.5
    endloop
  endfacet
  facet normal 0.751826 0.659362 0
    outer loop
      vertex 23.4142 -6.58579 3.5
      vertex 23.5867 -6.78248 4.5
      vertex 23.5867 -6.78248 3.5
    endloop
  endfacet
  facet normal 0.5556 0.83145 -0
    outer loop
      vertex 23.2175 -6.41329 3.5
      vertex 23 -6.26795 4.5
      vertex 23.2175 -6.41329 4.5
    endloop
  endfacet
  facet normal 0.5556 0.83145 0
    outer loop
      vertex 23 -6.26795 4.5
      vertex 23.2175 -6.41329 3.5
      vertex 23 -6.26795 3.5
    endloop
  endfacet
  facet normal 0.896731 -0.442575 0
    outer loop
      vertex 23.732 -9 4.5
      vertex 23.8478 -8.76537 3.5
      vertex 23.8478 -8.76537 4.5
    endloop
  endfacet
  facet normal 0.896731 -0.442575 0
    outer loop
      vertex 23.8478 -8.76537 3.5
      vertex 23.732 -9 4.5
      vertex 23.732 -9 3.5
    endloop
  endfacet
  facet normal -0.751826 0.659362 0
    outer loop
      vertex 20.4133 -6.78248 3.5
      vertex 20.5858 -6.58579 4.5
      vertex 20.5858 -6.58579 3.5
    endloop
  endfacet
  facet normal -0.751826 0.659362 0
    outer loop
      vertex 20.5858 -6.58579 4.5
      vertex 20.4133 -6.78248 3.5
      vertex 20.4133 -6.78248 4.5
    endloop
  endfacet
  facet normal -0.19516 0.980771 0
    outer loop
      vertex 21.7389 -6.01711 3.5
      vertex 21.4824 -6.06815 4.5
      vertex 21.7389 -6.01711 4.5
    endloop
  endfacet
  facet normal -0.19516 0.980771 0
    outer loop
      vertex 21.4824 -6.06815 4.5
      vertex 21.7389 -6.01711 3.5
      vertex 21.4824 -6.06815 3.5
    endloop
  endfacet
  facet normal -0.0653902 0.99786 0
    outer loop
      vertex 22 -6 3.5
      vertex 21.7389 -6.01711 4.5
      vertex 22 -6 4.5
    endloop
  endfacet
  facet normal -0.0653902 0.99786 0
    outer loop
      vertex 21.7389 -6.01711 4.5
      vertex 22 -6 3.5
      vertex 21.7389 -6.01711 3.5
    endloop
  endfacet
  facet normal 0.659343 0.751842 -0
    outer loop
      vertex 23.4142 -6.58579 3.5
      vertex 23.2175 -6.41329 4.5
      vertex 23.4142 -6.58579 4.5
    endloop
  endfacet
  facet normal 0.659343 0.751842 0
    outer loop
      vertex 23.2175 -6.41329 4.5
      vertex 23.4142 -6.58579 3.5
      vertex 23.2175 -6.41329 3.5
    endloop
  endfacet
  facet normal -0.946922 -0.321463 0
    outer loop
      vertex 20.1522 -8.76537 3.5
      vertex 20.0681 -8.51764 4.5
      vertex 20.0681 -8.51764 3.5
    endloop
  endfacet
  facet normal -0.946922 -0.321463 0
    outer loop
      vertex 20.0681 -8.51764 4.5
      vertex 20.1522 -8.76537 3.5
      vertex 20.1522 -8.76537 4.5
    endloop
  endfacet
  facet normal -0.831368 -0.555723 0
    outer loop
      vertex 20.4133 -9.21752 3.5
      vertex 20.2679 -9 4.5
      vertex 20.2679 -9 3.5
    endloop
  endfacet
  facet normal -0.831368 -0.555723 0
    outer loop
      vertex 20.2679 -9 4.5
      vertex 20.4133 -9.21752 3.5
      vertex 20.4133 -9.21752 4.5
    endloop
  endfacet
  facet normal 0.19516 0.980771 -0
    outer loop
      vertex 22.5176 -6.06815 3.5
      vertex 22.2611 -6.01711 4.5
      vertex 22.5176 -6.06815 4.5
    endloop
  endfacet
  facet normal 0.19516 0.980771 0
    outer loop
      vertex 22.2611 -6.01711 4.5
      vertex 22.5176 -6.06815 3.5
      vertex 22.2611 -6.01711 3.5
    endloop
  endfacet
  facet normal -0.980814 -0.194947 0
    outer loop
      vertex 20.0681 -8.51764 3.5
      vertex 20.0171 -8.26105 4.5
      vertex 20.0171 -8.26105 3.5
    endloop
  endfacet
  facet normal -0.980814 -0.194947 0
    outer loop
      vertex 20.0171 -8.26105 4.5
      vertex 20.0681 -8.51764 3.5
      vertex 20.0681 -8.51764 4.5
    endloop
  endfacet
  facet normal -0.659343 0.751842 0
    outer loop
      vertex 20.7825 -6.41329 3.5
      vertex 20.5858 -6.58579 4.5
      vertex 20.7825 -6.41329 4.5
    endloop
  endfacet
  facet normal -0.659343 0.751842 0
    outer loop
      vertex 20.5858 -6.58579 4.5
      vertex 20.7825 -6.41329 3.5
      vertex 20.5858 -6.58579 3.5
    endloop
  endfacet
  facet normal 0.946922 0.321463 0
    outer loop
      vertex 23.9319 -7.48236 4.5
      vertex 23.8478 -7.23463 3.5
      vertex 23.8478 -7.23463 4.5
    endloop
  endfacet
  facet normal 0.946922 0.321463 0
    outer loop
      vertex 23.8478 -7.23463 3.5
      vertex 23.9319 -7.48236 4.5
      vertex 23.9319 -7.48236 3.5
    endloop
  endfacet
  facet normal 0.0653902 0.99786 -0
    outer loop
      vertex 22.2611 -6.01711 3.5
      vertex 22 -6 4.5
      vertex 22.2611 -6.01711 4.5
    endloop
  endfacet
  facet normal 0.0653902 0.99786 0
    outer loop
      vertex 22 -6 4.5
      vertex 22.2611 -6.01711 3.5
      vertex 22 -6 3.5
    endloop
  endfacet
  facet normal -0.997861 0.0653646 0
    outer loop
      vertex 20 -8 3.5
      vertex 20.0171 -7.73895 4.5
      vertex 20.0171 -7.73895 3.5
    endloop
  endfacet
  facet normal -0.997861 0.0653646 0
    outer loop
      vertex 20.0171 -7.73895 4.5
      vertex 20 -8 3.5
      vertex 20 -8 4.5
    endloop
  endfacet
  facet normal -0.751826 -0.659362 0
    outer loop
      vertex 20.5858 -9.41421 3.5
      vertex 20.4133 -9.21752 4.5
      vertex 20.4133 -9.21752 3.5
    endloop
  endfacet
  facet normal -0.751826 -0.659362 0
    outer loop
      vertex 20.4133 -9.21752 4.5
      vertex 20.5858 -9.41421 3.5
      vertex 20.5858 -9.41421 4.5
    endloop
  endfacet
  facet normal -0.831368 0.555723 0
    outer loop
      vertex 20.2679 -7 3.5
      vertex 20.4133 -6.78248 4.5
      vertex 20.4133 -6.78248 3.5
    endloop
  endfacet
  facet normal -0.831368 0.555723 0
    outer loop
      vertex 20.4133 -6.78248 4.5
      vertex 20.2679 -7 3.5
      vertex 20.2679 -7 4.5
    endloop
  endfacet
  facet normal -0.997861 -0.0653646 0
    outer loop
      vertex 20.0171 -8.26105 3.5
      vertex 20 -8 4.5
      vertex 20 -8 3.5
    endloop
  endfacet
  facet normal -0.997861 -0.0653646 0
    outer loop
      vertex 20 -8 4.5
      vertex 20.0171 -8.26105 3.5
      vertex 20.0171 -8.26105 4.5
    endloop
  endfacet
  facet normal -0.0653902 -0.99786 0
    outer loop
      vertex 21.7389 -9.98289 3.5
      vertex 22 -10 4.5
      vertex 21.7389 -9.98289 4.5
    endloop
  endfacet
  facet normal -0.0653902 -0.99786 -0
    outer loop
      vertex 22 -10 4.5
      vertex 21.7389 -9.98289 3.5
      vertex 22 -10 3.5
    endloop
  endfacet
  facet normal 0.659343 -0.751842 0
    outer loop
      vertex 23.2175 -9.58671 3.5
      vertex 23.4142 -9.41421 4.5
      vertex 23.2175 -9.58671 4.5
    endloop
  endfacet
  facet normal 0.659343 -0.751842 0
    outer loop
      vertex 23.4142 -9.41421 4.5
      vertex 23.2175 -9.58671 3.5
      vertex 23.4142 -9.41421 3.5
    endloop
  endfacet
  facet normal -0.896883 0.442268 0
    outer loop
      vertex 20.1522 -7.23463 3.5
      vertex 20.2679 -7 4.5
      vertex 20.2679 -7 3.5
    endloop
  endfacet
  facet normal -0.896883 0.442268 0
    outer loop
      vertex 20.2679 -7 4.5
      vertex 20.1522 -7.23463 3.5
      vertex 20.1522 -7.23463 4.5
    endloop
  endfacet
  facet normal 0.980814 -0.194947 0
    outer loop
      vertex 23.9319 7.48236 4.5
      vertex 23.9829 7.73895 3.5
      vertex 23.9829 7.73895 4.5
    endloop
  endfacet
  facet normal 0.980814 -0.194947 0
    outer loop
      vertex 23.9829 7.73895 3.5
      vertex 23.9319 7.48236 4.5
      vertex 23.9319 7.48236 3.5
    endloop
  endfacet
  facet normal 0.19516 -0.980771 0
    outer loop
      vertex 22.2611 6.01711 3.5
      vertex 22.5176 6.06815 4.5
      vertex 22.2611 6.01711 4.5
    endloop
  endfacet
  facet normal 0.19516 -0.980771 0
    outer loop
      vertex 22.5176 6.06815 4.5
      vertex 22.2611 6.01711 3.5
      vertex 22.5176 6.06815 3.5
    endloop
  endfacet
  facet normal 0.980814 0.194947 0
    outer loop
      vertex 23.9829 8.26105 4.5
      vertex 23.9319 8.51764 3.5
      vertex 23.9319 8.51764 4.5
    endloop
  endfacet
  facet normal 0.980814 0.194947 0
    outer loop
      vertex 23.9319 8.51764 3.5
      vertex 23.9829 8.26105 4.5
      vertex 23.9829 8.26105 3.5
    endloop
  endfacet
  facet normal 0.997861 0.0653646 0
    outer loop
      vertex 24 8 4.5
      vertex 23.9829 8.26105 3.5
      vertex 23.9829 8.26105 4.5
    endloop
  endfacet
  facet normal 0.997861 0.0653646 0
    outer loop
      vertex 23.9829 8.26105 3.5
      vertex 24 8 4.5
      vertex 24 8 3.5
    endloop
  endfacet
  facet normal -0.751826 -0.659362 0
    outer loop
      vertex 20.5858 6.58579 3.5
      vertex 20.4133 6.78248 4.5
      vertex 20.4133 6.78248 3.5
    endloop
  endfacet
  facet normal -0.751826 -0.659362 0
    outer loop
      vertex 20.4133 6.78248 4.5
      vertex 20.5858 6.58579 3.5
      vertex 20.5858 6.58579 4.5
    endloop
  endfacet
  facet normal -0.321348 -0.946961 0
    outer loop
      vertex 21.2346 6.15224 3.5
      vertex 21.4824 6.06815 4.5
      vertex 21.2346 6.15224 4.5
    endloop
  endfacet
  facet normal -0.321348 -0.946961 -0
    outer loop
      vertex 21.4824 6.06815 4.5
      vertex 21.2346 6.15224 3.5
      vertex 21.4824 6.06815 3.5
    endloop
  endfacet
  facet normal -0.751826 0.659362 0
    outer loop
      vertex 20.4133 9.21752 3.5
      vertex 20.5858 9.41421 4.5
      vertex 20.5858 9.41421 3.5
    endloop
  endfacet
  facet normal -0.751826 0.659362 0
    outer loop
      vertex 20.5858 9.41421 4.5
      vertex 20.4133 9.21752 3.5
      vertex 20.4133 9.21752 4.5
    endloop
  endfacet
  facet normal -0.5556 0.83145 0
    outer loop
      vertex 21 9.73205 3.5
      vertex 20.7825 9.58671 4.5
      vertex 21 9.73205 4.5
    endloop
  endfacet
  facet normal -0.5556 0.83145 0
    outer loop
      vertex 20.7825 9.58671 4.5
      vertex 21 9.73205 3.5
      vertex 20.7825 9.58671 3.5
    endloop
  endfacet
  facet normal 0.659343 -0.751842 0
    outer loop
      vertex 23.2175 6.41329 3.5
      vertex 23.4142 6.58579 4.5
      vertex 23.2175 6.41329 4.5
    endloop
  endfacet
  facet normal 0.659343 -0.751842 0
    outer loop
      vertex 23.4142 6.58579 4.5
      vertex 23.2175 6.41329 3.5
      vertex 23.4142 6.58579 3.5
    endloop
  endfacet
  facet normal -0.896883 -0.442268 0
    outer loop
      vertex 20.2679 7 3.5
      vertex 20.1522 7.23463 4.5
      vertex 20.1522 7.23463 3.5
    endloop
  endfacet
  facet normal -0.896883 -0.442268 0
    outer loop
      vertex 20.1522 7.23463 4.5
      vertex 20.2679 7 3.5
      vertex 20.2679 7 4.5
    endloop
  endfacet
  facet normal -0.659343 0.751842 0
    outer loop
      vertex 20.7825 9.58671 3.5
      vertex 20.5858 9.41421 4.5
      vertex 20.7825 9.58671 4.5
    endloop
  endfacet
  facet normal -0.659343 0.751842 0
    outer loop
      vertex 20.5858 9.41421 4.5
      vertex 20.7825 9.58671 3.5
      vertex 20.5858 9.41421 3.5
    endloop
  endfacet
  facet normal 0.442344 0.896845 -0
    outer loop
      vertex 23 9.73205 3.5
      vertex 22.7654 9.84776 4.5
      vertex 23 9.73205 4.5
    endloop
  endfacet
  facet normal 0.442344 0.896845 0
    outer loop
      vertex 22.7654 9.84776 4.5
      vertex 23 9.73205 3.5
      vertex 22.7654 9.84776 3.5
    endloop
  endfacet
  facet normal 0.946922 -0.321463 0
    outer loop
      vertex 23.8478 7.23463 4.5
      vertex 23.9319 7.48236 3.5
      vertex 23.9319 7.48236 4.5
    endloop
  endfacet
  facet normal 0.946922 -0.321463 0
    outer loop
      vertex 23.9319 7.48236 3.5
      vertex 23.8478 7.23463 4.5
      vertex 23.8478 7.23463 3.5
    endloop
  endfacet
  facet normal 0.0653902 -0.99786 0
    outer loop
      vertex 22 6 3.5
      vertex 22.2611 6.01711 4.5
      vertex 22 6 4.5
    endloop
  endfacet
  facet normal 0.0653902 -0.99786 0
    outer loop
      vertex 22.2611 6.01711 4.5
      vertex 22 6 3.5
      vertex 22.2611 6.01711 3.5
    endloop
  endfacet
  facet normal -0.0653902 0.99786 0
    outer loop
      vertex 22 10 3.5
      vertex 21.7389 9.98289 4.5
      vertex 22 10 4.5
    endloop
  endfacet
  facet normal -0.0653902 0.99786 0
    outer loop
      vertex 21.7389 9.98289 4.5
      vertex 22 10 3.5
      vertex 21.7389 9.98289 3.5
    endloop
  endfacet
  facet normal -0.980814 -0.194947 0
    outer loop
      vertex 20.0681 7.48236 3.5
      vertex 20.0171 7.73895 4.5
      vertex 20.0171 7.73895 3.5
    endloop
  endfacet
  facet normal -0.980814 -0.194947 0
    outer loop
      vertex 20.0171 7.73895 4.5
      vertex 20.0681 7.48236 3.5
      vertex 20.0681 7.48236 4.5
    endloop
  endfacet
  facet normal -0.980814 0.194947 0
    outer loop
      vertex 20.0171 8.26105 3.5
      vertex 20.0681 8.51764 4.5
      vertex 20.0681 8.51764 3.5
    endloop
  endfacet
  facet normal -0.980814 0.194947 0
    outer loop
      vertex 20.0681 8.51764 4.5
      vertex 20.0171 8.26105 3.5
      vertex 20.0171 8.26105 4.5
    endloop
  endfacet
  facet normal 0.751826 0.659362 0
    outer loop
      vertex 23.5867 9.21752 4.5
      vertex 23.4142 9.41421 3.5
      vertex 23.4142 9.41421 4.5
    endloop
  endfacet
  facet normal 0.751826 0.659362 0
    outer loop
      vertex 23.4142 9.41421 3.5
      vertex 23.5867 9.21752 4.5
      vertex 23.5867 9.21752 3.5
    endloop
  endfacet
  facet normal 0.0653902 0.99786 -0
    outer loop
      vertex 22.2611 9.98289 3.5
      vertex 22 10 4.5
      vertex 22.2611 9.98289 4.5
    endloop
  endfacet
  facet normal 0.0653902 0.99786 0
    outer loop
      vertex 22 10 4.5
      vertex 22.2611 9.98289 3.5
      vertex 22 10 3.5
    endloop
  endfacet
  facet normal -0.946922 -0.321463 0
    outer loop
      vertex 20.1522 7.23463 3.5
      vertex 20.0681 7.48236 4.5
      vertex 20.0681 7.48236 3.5
    endloop
  endfacet
  facet normal -0.946922 -0.321463 0
    outer loop
      vertex 20.0681 7.48236 4.5
      vertex 20.1522 7.23463 3.5
      vertex 20.1522 7.23463 4.5
    endloop
  endfacet
  facet normal -0.896883 0.442268 0
    outer loop
      vertex 20.1522 8.76537 3.5
      vertex 20.2679 9 4.5
      vertex 20.2679 9 3.5
    endloop
  endfacet
  facet normal -0.896883 0.442268 0
    outer loop
      vertex 20.2679 9 4.5
      vertex 20.1522 8.76537 3.5
      vertex 20.1522 8.76537 4.5
    endloop
  endfacet
  facet normal 0.831544 0.555459 0
    outer loop
      vertex 23.732 9 4.5
      vertex 23.5867 9.21752 3.5
      vertex 23.5867 9.21752 4.5
    endloop
  endfacet
  facet normal 0.831544 0.555459 0
    outer loop
      vertex 23.5867 9.21752 3.5
      vertex 23.732 9 4.5
      vertex 23.732 9 3.5
    endloop
  endfacet
  facet normal -0.321348 0.946961 0
    outer loop
      vertex 21.4824 9.93185 3.5
      vertex 21.2346 9.84776 4.5
      vertex 21.4824 9.93185 4.5
    endloop
  endfacet
  facet normal -0.321348 0.946961 0
    outer loop
      vertex 21.2346 9.84776 4.5
      vertex 21.4824 9.93185 3.5
      vertex 21.2346 9.84776 3.5
    endloop
  endfacet
  facet normal 0.997861 -0.0653646 0
    outer loop
      vertex 23.9829 7.73895 4.5
      vertex 24 8 3.5
      vertex 24 8 4.5
    endloop
  endfacet
  facet normal 0.997861 -0.0653646 0
    outer loop
      vertex 24 8 3.5
      vertex 23.9829 7.73895 4.5
      vertex 23.9829 7.73895 3.5
    endloop
  endfacet
  facet normal -0.442344 -0.896845 0
    outer loop
      vertex 21 6.26795 3.5
      vertex 21.2346 6.15224 4.5
      vertex 21 6.26795 4.5
    endloop
  endfacet
  facet normal -0.442344 -0.896845 -0
    outer loop
      vertex 21.2346 6.15224 4.5
      vertex 21 6.26795 3.5
      vertex 21.2346 6.15224 3.5
    endloop
  endfacet
  facet normal -0.997861 0.0653646 0
    outer loop
      vertex 20 8 3.5
      vertex 20.0171 8.26105 4.5
      vertex 20.0171 8.26105 3.5
    endloop
  endfacet
  facet normal -0.997861 0.0653646 0
    outer loop
      vertex 20.0171 8.26105 4.5
      vertex 20 8 3.5
      vertex 20 8 4.5
    endloop
  endfacet
  facet normal 0.5556 0.83145 -0
    outer loop
      vertex 23.2175 9.58671 3.5
      vertex 23 9.73205 4.5
      vertex 23.2175 9.58671 4.5
    endloop
  endfacet
  facet normal 0.5556 0.83145 0
    outer loop
      vertex 23 9.73205 4.5
      vertex 23.2175 9.58671 3.5
      vertex 23 9.73205 3.5
    endloop
  endfacet
  facet normal -0.946922 0.321463 0
    outer loop
      vertex 20.0681 8.51764 3.5
      vertex 20.1522 8.76537 4.5
      vertex 20.1522 8.76537 3.5
    endloop
  endfacet
  facet normal -0.946922 0.321463 0
    outer loop
      vertex 20.1522 8.76537 4.5
      vertex 20.0681 8.51764 3.5
      vertex 20.0681 8.51764 4.5
    endloop
  endfacet
  facet normal 0.442344 -0.896845 0
    outer loop
      vertex 22.7654 6.15224 3.5
      vertex 23 6.26795 4.5
      vertex 22.7654 6.15224 4.5
    endloop
  endfacet
  facet normal 0.442344 -0.896845 0
    outer loop
      vertex 23 6.26795 4.5
      vertex 22.7654 6.15224 3.5
      vertex 23 6.26795 3.5
    endloop
  endfacet
  facet normal 0.896731 -0.442575 0
    outer loop
      vertex 23.732 7 4.5
      vertex 23.8478 7.23463 3.5
      vertex 23.8478 7.23463 4.5
    endloop
  endfacet
  facet normal 0.896731 -0.442575 0
    outer loop
      vertex 23.8478 7.23463 3.5
      vertex 23.732 7 4.5
      vertex 23.732 7 3.5
    endloop
  endfacet
  facet normal 0.831544 -0.555459 0
    outer loop
      vertex 23.5867 6.78248 4.5
      vertex 23.732 7 3.5
      vertex 23.732 7 4.5
    endloop
  endfacet
  facet normal 0.831544 -0.555459 0
    outer loop
      vertex 23.732 7 3.5
      vertex 23.5867 6.78248 4.5
      vertex 23.5867 6.78248 3.5
    endloop
  endfacet
  facet normal -0.19516 0.980771 0
    outer loop
      vertex 21.7389 9.98289 3.5
      vertex 21.4824 9.93185 4.5
      vertex 21.7389 9.98289 4.5
    endloop
  endfacet
  facet normal -0.19516 0.980771 0
    outer loop
      vertex 21.4824 9.93185 4.5
      vertex 21.7389 9.98289 3.5
      vertex 21.4824 9.93185 3.5
    endloop
  endfacet
  facet normal -0.442344 0.896845 0
    outer loop
      vertex 21.2346 9.84776 3.5
      vertex 21 9.73205 4.5
      vertex 21.2346 9.84776 4.5
    endloop
  endfacet
  facet normal -0.442344 0.896845 0
    outer loop
      vertex 21 9.73205 4.5
      vertex 21.2346 9.84776 3.5
      vertex 21 9.73205 3.5
    endloop
  endfacet
  facet normal -0.831368 -0.555723 0
    outer loop
      vertex 20.4133 6.78248 3.5
      vertex 20.2679 7 4.5
      vertex 20.2679 7 3.5
    endloop
  endfacet
  facet normal -0.831368 -0.555723 0
    outer loop
      vertex 20.2679 7 4.5
      vertex 20.4133 6.78248 3.5
      vertex 20.4133 6.78248 4.5
    endloop
  endfacet
  facet normal 0.19516 0.980771 -0
    outer loop
      vertex 22.5176 9.93185 3.5
      vertex 22.2611 9.98289 4.5
      vertex 22.5176 9.93185 4.5
    endloop
  endfacet
  facet normal 0.19516 0.980771 0
    outer loop
      vertex 22.2611 9.98289 4.5
      vertex 22.5176 9.93185 3.5
      vertex 22.2611 9.98289 3.5
    endloop
  endfacet
  facet normal 0.5556 -0.83145 0
    outer loop
      vertex 23 6.26795 3.5
      vertex 23.2175 6.41329 4.5
      vertex 23 6.26795 4.5
    endloop
  endfacet
  facet normal 0.5556 -0.83145 0
    outer loop
      vertex 23.2175 6.41329 4.5
      vertex 23 6.26795 3.5
      vertex 23.2175 6.41329 3.5
    endloop
  endfacet
  facet normal 0.321348 0.946961 -0
    outer loop
      vertex 22.7654 9.84776 3.5
      vertex 22.5176 9.93185 4.5
      vertex 22.7654 9.84776 4.5
    endloop
  endfacet
  facet normal 0.321348 0.946961 0
    outer loop
      vertex 22.5176 9.93185 4.5
      vertex 22.7654 9.84776 3.5
      vertex 22.5176 9.93185 3.5
    endloop
  endfacet
  facet normal -0.997861 -0.0653646 0
    outer loop
      vertex 20.0171 7.73895 3.5
      vertex 20 8 4.5
      vertex 20 8 3.5
    endloop
  endfacet
  facet normal -0.997861 -0.0653646 0
    outer loop
      vertex 20 8 4.5
      vertex 20.0171 7.73895 3.5
      vertex 20.0171 7.73895 4.5
    endloop
  endfacet
  facet normal 0.896731 0.442575 0
    outer loop
      vertex 23.8478 8.76537 4.5
      vertex 23.732 9 3.5
      vertex 23.732 9 4.5
    endloop
  endfacet
  facet normal 0.896731 0.442575 0
    outer loop
      vertex 23.732 9 3.5
      vertex 23.8478 8.76537 4.5
      vertex 23.8478 8.76537 3.5
    endloop
  endfacet
  facet normal -0.19516 -0.980771 0
    outer loop
      vertex 21.4824 6.06815 3.5
      vertex 21.7389 6.01711 4.5
      vertex 21.4824 6.06815 4.5
    endloop
  endfacet
  facet normal -0.19516 -0.980771 -0
    outer loop
      vertex 21.7389 6.01711 4.5
      vertex 21.4824 6.06815 3.5
      vertex 21.7389 6.01711 3.5
    endloop
  endfacet
  facet normal 0.946922 0.321463 0
    outer loop
      vertex 23.9319 8.51764 4.5
      vertex 23.8478 8.76537 3.5
      vertex 23.8478 8.76537 4.5
    endloop
  endfacet
  facet normal 0.946922 0.321463 0
    outer loop
      vertex 23.8478 8.76537 3.5
      vertex 23.9319 8.51764 4.5
      vertex 23.9319 8.51764 3.5
    endloop
  endfacet
  facet normal 0.659343 0.751842 -0
    outer loop
      vertex 23.4142 9.41421 3.5
      vertex 23.2175 9.58671 4.5
      vertex 23.4142 9.41421 4.5
    endloop
  endfacet
  facet normal 0.659343 0.751842 0
    outer loop
      vertex 23.2175 9.58671 4.5
      vertex 23.4142 9.41421 3.5
      vertex 23.2175 9.58671 3.5
    endloop
  endfacet
  facet normal 0.321348 -0.946961 0
    outer loop
      vertex 22.5176 6.06815 3.5
      vertex 22.7654 6.15224 4.5
      vertex 22.5176 6.06815 4.5
    endloop
  endfacet
  facet normal 0.321348 -0.946961 0
    outer loop
      vertex 22.7654 6.15224 4.5
      vertex 22.5176 6.06815 3.5
      vertex 22.7654 6.15224 3.5
    endloop
  endfacet
  facet normal 0.751826 -0.659362 0
    outer loop
      vertex 23.4142 6.58579 4.5
      vertex 23.5867 6.78248 3.5
      vertex 23.5867 6.78248 4.5
    endloop
  endfacet
  facet normal 0.751826 -0.659362 0
    outer loop
      vertex 23.5867 6.78248 3.5
      vertex 23.4142 6.58579 4.5
      vertex 23.4142 6.58579 3.5
    endloop
  endfacet
  facet normal 0 0 1
    outer loop
      vertex 23.9829 8.26105 4.5
      vertex 23.9829 7.73895 4.5
      vertex 24 8 4.5
    endloop
  endfacet
  facet normal 0 0 1
    outer loop
      vertex 23.9319 8.51764 4.5
      vertex 23.9829 7.73895 4.5
      vertex 23.9829 8.26105 4.5
    endloop
  endfacet
  facet normal 0 0 1
    outer loop
      vertex 23.9319 8.51764 4.5
      vertex 23.9319 7.48236 4.5
      vertex 23.9829 7.73895 4.5
    endloop
  endfacet
  facet normal 0 0 1
    outer loop
      vertex 23.8478 8.76537 4.5
      vertex 23.9319 7.48236 4.5
      vertex 23.9319 8.51764 4.5
    endloop
  endfacet
  facet normal 0 0 1
    outer loop
      vertex 23.8478 8.76537 4.5
      vertex 23.8478 7.23463 4.5
      vertex 23.9319 7.48236 4.5
    endloop
  endfacet
  facet normal 0 0 1
    outer loop
      vertex 23.732 9 4.5
      vertex 23.8478 7.23463 4.5
      vertex 23.8478 8.76537 4.5
    endloop
  endfacet
  facet normal 0 0 1
    outer loop
      vertex 23.732 9 4.5
      vertex 23.732 7 4.5
      vertex 23.8478 7.23463 4.5
    endloop
  endfacet
  facet normal 0 0 1
    outer loop
      vertex 23.5867 9.21752 4.5
      vertex 23.732 7 4.5
      vertex 23.732 9 4.5
    endloop
  endfacet
  facet normal 0 0 1
    outer loop
      vertex 23.5867 9.21752 4.5
      vertex 23.5867 6.78248 4.5
      vertex 23.732 7 4.5
    endloop
  endfacet
  facet normal 0 0 1
    outer loop
      vertex 23.4142 9.41421 4.5
      vertex 23.5867 6.78248 4.5
      vertex 23.5867 9.21752 4.5
    endloop
  endfacet
  facet normal 0 0 1
    outer loop
      vertex 23.4142 9.41421 4.5
      vertex 23.4142 6.58579 4.5
      vertex 23.5867 6.78248 4.5
    endloop
  endfacet
  facet normal 0 0 1
    outer loop
      vertex 23.2175 9.58671 4.5
      vertex 23.4142 6.58579 4.5
      vertex 23.4142 9.41421 4.5
    endloop
  endfacet
  facet normal 0 0 1
    outer loop
      vertex 23.2175 9.58671 4.5
      vertex 23.2175 6.41329 4.5
      vertex 23.4142 6.58579 4.5
    endloop
  endfacet
  facet normal 0 0 1
    outer loop
      vertex 23 9.73205 4.5
      vertex 23.2175 6.41329 4.5
      vertex 23.2175 9.58671 4.5
    endloop
  endfacet
  facet normal 0 0 1
    outer loop
      vertex 23 9.73205 4.5
      vertex 23 6.26795 4.5
      vertex 23.2175 6.41329 4.5
    endloop
  endfacet
  facet normal 0 0 1
    outer loop
      vertex 22.7654 9.84776 4.5
      vertex 23 6.26795 4.5
      vertex 23 9.73205 4.5
    endloop
  endfacet
  facet normal 0 0 1
    outer loop
      vertex 22.7654 9.84776 4.5
      vertex 22.7654 6.15224 4.5
      vertex 23 6.26795 4.5
    endloop
  endfacet
  facet normal 0 0 1
    outer loop
      vertex 22.5176 9.93185 4.5
      vertex 22.7654 6.15224 4.5
      vertex 22.7654 9.84776 4.5
    endloop
  endfacet
  facet normal 0 0 1
    outer loop
      vertex 22.5176 9.93185 4.5
      vertex 22.5176 6.06815 4.5
      vertex 22.7654 6.15224 4.5
    endloop
  endfacet
  facet normal 0 0 1
    outer loop
      vertex 22.2611 9.98289 4.5
      vertex 22.5176 6.06815 4.5
      vertex 22.5176 9.93185 4.5
    endloop
  endfacet
  facet normal 0 0 1
    outer loop
      vertex 22.2611 9.98289 4.5
      vertex 22.2611 6.01711 4.5
      vertex 22.5176 6.06815 4.5
    endloop
  endfacet
  facet normal 0 0 1
    outer loop
      vertex 22 10 4.5
      vertex 22.2611 6.01711 4.5
      vertex 22.2611 9.98289 4.5
    endloop
  endfacet
  facet normal 0 0 1
    outer loop
      vertex 22 10 4.5
      vertex 22 6 4.5
      vertex 22.2611 6.01711 4.5
    endloop
  endfacet
  facet normal -0 0 1
    outer loop
      vertex 21.7389 9.98289 4.5
      vertex 22 6 4.5
      vertex 22 10 4.5
    endloop
  endfacet
  facet normal 0 0 1
    outer loop
      vertex 21.7389 9.98289 4.5
      vertex 21.7389 6.01711 4.5
      vertex 22 6 4.5
    endloop
  endfacet
  facet normal -0 0 1
    outer loop
      vertex 21.4824 9.93185 4.5
      vertex 21.7389 6.01711 4.5
      vertex 21.7389 9.98289 4.5
    endloop
  endfacet
  facet normal 0 0 1
    outer loop
      vertex 21.4824 9.93185 4.5
      vertex 21.4824 6.06815 4.5
      vertex 21.7389 6.01711 4.5
    endloop
  endfacet
  facet normal -0 0 1
    outer loop
      vertex 21.2346 9.84776 4.5
      vertex 21.4824 6.06815 4.5
      vertex 21.4824 9.93185 4.5
    endloop
  endfacet
  facet normal 0 0 1
    outer loop
      vertex 21.2346 9.84776 4.5
      vertex 21.2346 6.15224 4.5
      vertex 21.4824 6.06815 4.5
    endloop
  endfacet
  facet normal -0 0 1
    outer loop
      vertex 21 9.73205 4.5
      vertex 21.2346 6.15224 4.5
      vertex 21.2346 9.84776 4.5
    endloop
  endfacet
  facet normal 0 0 1
    outer loop
      vertex 21 9.73205 4.5
      vertex 21 6.26795 4.5
      vertex 21.2346 6.15224 4.5
    endloop
  endfacet
  facet normal -0 0 1
    outer loop
      vertex 20.7825 9.58671 4.5
      vertex 21 6.26795 4.5
      vertex 21 9.73205 4.5
    endloop
  endfacet
  facet normal 0 0 1
    outer loop
      vertex 20.7825 9.58671 4.5
      vertex 20.7825 6.41329 4.5
      vertex 21 6.26795 4.5
    endloop
  endfacet
  facet normal -0 0 1
    outer loop
      vertex 20.5858 9.41421 4.5
      vertex 20.7825 6.41329 4.5
      vertex 20.7825 9.58671 4.5
    endloop
  endfacet
  facet normal 0 0 1
    outer loop
      vertex 20.5858 9.41421 4.5
      vertex 20.5858 6.58579 4.5
      vertex 20.7825 6.41329 4.5
    endloop
  endfacet
  facet normal -0 0 1
    outer loop
      vertex 20.4133 9.21752 4.5
      vertex 20.5858 6.58579 4.5
      vertex 20.5858 9.41421 4.5
    endloop
  endfacet
  facet normal 0 0 1
    outer loop
      vertex 20.4133 9.21752 4.5
      vertex 20.4133 6.78248 4.5
      vertex 20.5858 6.58579 4.5
    endloop
  endfacet
  facet normal -0 0 1
    outer loop
      vertex 20.2679 9 4.5
      vertex 20.4133 6.78248 4.5
      vertex 20.4133 9.21752 4.5
    endloop
  endfacet
  facet normal 0 0 1
    outer loop
      vertex 20.2679 9 4.5
      vertex 20.2679 7 4.5
      vertex 20.4133 6.78248 4.5
    endloop
  endfacet
  facet normal -0 0 1
    outer loop
      vertex 20.1522 8.76537 4.5
      vertex 20.2679 7 4.5
      vertex 20.2679 9 4.5
    endloop
  endfacet
  facet normal 0 0 1
    outer loop
      vertex 20.1522 8.76537 4.5
      vertex 20.1522 7.23463 4.5
      vertex 20.2679 7 4.5
    endloop
  endfacet
  facet normal -0 0 1
    outer loop
      vertex 20.0681 8.51764 4.5
      vertex 20.1522 7.23463 4.5
      vertex 20.1522 8.76537 4.5
    endloop
  endfacet
  facet normal 0 0 1
    outer loop
      vertex 20.0681 8.51764 4.5
      vertex 20.0681 7.48236 4.5
      vertex 20.1522 7.23463 4.5
    endloop
  endfacet
  facet normal -0 0 1
    outer loop
      vertex 20.0171 8.26105 4.5
      vertex 20.0681 7.48236 4.5
      vertex 20.0681 8.51764 4.5
    endloop
  endfacet
  facet normal 0 0 1
    outer loop
      vertex 20.0171 8.26105 4.5
      vertex 20.0171 7.73895 4.5
      vertex 20.0681 7.48236 4.5
    endloop
  endfacet
  facet normal 0 -0 1
    outer loop
      vertex 20.0171 7.73895 4.5
      vertex 20.0171 8.26105 4.5
      vertex 20 8 4.5
    endloop
  endfacet
  facet normal -0.659343 -0.751842 0
    outer loop
      vertex 20.5858 6.58579 3.5
      vertex 20.7825 6.41329 4.5
      vertex 20.5858 6.58579 4.5
    endloop
  endfacet
  facet normal -0.659343 -0.751842 -0
    outer loop
      vertex 20.7825 6.41329 4.5
      vertex 20.5858 6.58579 3.5
      vertex 20.7825 6.41329 3.5
    endloop
  endfacet
  facet normal -0.831368 0.555723 0
    outer loop
      vertex 20.2679 9 3.5
      vertex 20.4133 9.21752 4.5
      vertex 20.4133 9.21752 3.5
    endloop
  endfacet
  facet normal -0.831368 0.555723 0
    outer loop
      vertex 20.4133 9.21752 4.5
      vertex 20.2679 9 3.5
      vertex 20.2679 9 4.5
    endloop
  endfacet
  facet normal -0.0653902 -0.99786 0
    outer loop
      vertex 21.7389 6.01711 3.5
      vertex 22 6 4.5
      vertex 21.7389 6.01711 4.5
    endloop
  endfacet
  facet normal -0.0653902 -0.99786 -0
    outer loop
      vertex 22 6 4.5
      vertex 21.7389 6.01711 3.5
      vertex 22 6 3.5
    endloop
  endfacet
  facet normal -0.5556 -0.83145 0
    outer loop
      vertex 20.7825 6.41329 3.5
      vertex 21 6.26795 4.5
      vertex 20.7825 6.41329 4.5
    endloop
  endfacet
  facet normal -0.5556 -0.83145 -0
    outer loop
      vertex 21 6.26795 4.5
      vertex 20.7825 6.41329 3.5
      vertex 21 6.26795 3.5
    endloop
  endfacet
endsolid OpenSCAD_Model
