solid OpenSCAD_Model
  facet normal -0.0654873 -0.997853 0
    outer loop
      vertex -36.3916 -17.9743 0
      vertex -36 -18 20
      vertex -36.3916 -17.9743 20
    endloop
  endfacet
  facet normal -0.0654873 -0.997853 -0
    outer loop
      vertex -36 -18 20
      vertex -36.3916 -17.9743 0
      vertex -36 -18 0
    endloop
  endfacet
  facet normal 0.321574 -0.946885 0
    outer loop
      vertex 36.7765 -17.8978 0
      vertex 37.1481 -17.7716 20
      vertex 36.7765 -17.8978 20
    endloop
  endfacet
  facet normal 0.321574 -0.946885 0
    outer loop
      vertex 37.1481 -17.7716 20
      vertex 36.7765 -17.8978 0
      vertex 37.1481 -17.7716 0
    endloop
  endfacet
  facet normal 0 -1 0
    outer loop
      vertex -36 -18 0
      vertex 36 -18 20
      vertex -36 -18 20
    endloop
  endfacet
  facet normal 0 -1 -0
    outer loop
      vertex 36 -18 20
      vertex -36 -18 0
      vertex 36 -18 0
    endloop
  endfacet
  facet normal 0.19494 -0.980815 0
    outer loop
      vertex 36.3916 -17.9743 0
      vertex 36.7765 -17.8978 20
      vertex 36.3916 -17.9743 20
    endloop
  endfacet
  facet normal 0.19494 -0.980815 0
    outer loop
      vertex 36.7765 -17.8978 20
      vertex 36.3916 -17.9743 0
      vertex 36.7765 -17.8978 0
    endloop
  endfacet
  facet normal -0.19494 -0.980815 0
    outer loop
      vertex -36.7765 -17.8978 0
      vertex -36.3916 -17.9743 20
      vertex -36.7765 -17.8978 20
    endloop
  endfacet
  facet normal -0.19494 -0.980815 -0
    outer loop
      vertex -36.3916 -17.9743 20
      vertex -36.7765 -17.8978 0
      vertex -36.3916 -17.9743 0
    endloop
  endfacet
  facet normal -0.659478 0.751724 0
    outer loop
      vertex -37.8263 17.3801 0
      vertex -38.1213 17.1213 20
      vertex -37.8263 17.3801 20
    endloop
  endfacet
  facet normal -0.659478 0.751724 0
    outer loop
      vertex -38.1213 17.1213 20
      vertex -37.8263 17.3801 0
      vertex -38.1213 17.1213 0
    endloop
  endfacet
  facet normal 0.0654873 -0.997853 0
    outer loop
      vertex 36 -18 0
      vertex 36.3916 -17.9743 20
      vertex 36 -18 20
    endloop
  endfacet
  facet normal 0.0654873 -0.997853 0
    outer loop
      vertex 36.3916 -17.9743 20
      vertex 36 -18 0
      vertex 36.3916 -17.9743 0
    endloop
  endfacet
  facet normal 0.321574 0.946885 -0
    outer loop
      vertex 37.1481 17.7716 0
      vertex 36.7765 17.8978 20
      vertex 37.1481 17.7716 20
    endloop
  endfacet
  facet normal 0.321574 0.946885 0
    outer loop
      vertex 36.7765 17.8978 20
      vertex 37.1481 17.7716 0
      vertex 36.7765 17.8978 0
    endloop
  endfacet
  facet normal 0.946885 0.321574 0
    outer loop
      vertex 38.8978 15.7765 20
      vertex 38.7716 16.1481 0
      vertex 38.7716 16.1481 20
    endloop
  endfacet
  facet normal 0.946885 0.321574 0
    outer loop
      vertex 38.7716 16.1481 0
      vertex 38.8978 15.7765 20
      vertex 38.8978 15.7765 0
    endloop
  endfacet
  facet normal -0.0654873 0.997853 0
    outer loop
      vertex -36 18 0
      vertex -36.3916 17.9743 20
      vertex -36 18 20
    endloop
  endfacet
  facet normal -0.0654873 0.997853 0
    outer loop
      vertex -36.3916 17.9743 20
      vertex -36 18 0
      vertex -36.3916 17.9743 0
    endloop
  endfacet
  facet normal -1 0 0
    outer loop
      vertex -39 15 0
      vertex -39 6 7
      vertex -39 15 20
    endloop
  endfacet
  facet normal -1 0 0
    outer loop
      vertex -39 15 0
      vertex -39 -6 7
      vertex -39 6 7
    endloop
  endfacet
  facet normal -1 0 0
    outer loop
      vertex -39 -15 20
      vertex -39 -6 7
      vertex -39 -15 0
    endloop
  endfacet
  facet normal -1 0 0
    outer loop
      vertex -39 -15 0
      vertex -39 -6 7
      vertex -39 15 0
    endloop
  endfacet
  facet normal -1 0 0
    outer loop
      vertex -39 6 15
      vertex -39 15 20
      vertex -39 6 7
    endloop
  endfacet
  facet normal -1 0 0
    outer loop
      vertex -39 -6 15
      vertex -39 15 20
      vertex -39 6 15
    endloop
  endfacet
  facet normal -1 0 0
    outer loop
      vertex -39 -6 15
      vertex -39 -15 20
      vertex -39 15 20
    endloop
  endfacet
  facet normal -1 0 0
    outer loop
      vertex -39 -6 7
      vertex -39 -15 20
      vertex -39 -6 15
    endloop
  endfacet
  facet normal -0.321574 0.946885 0
    outer loop
      vertex -36.7765 17.8978 0
      vertex -37.1481 17.7716 20
      vertex -36.7765 17.8978 20
    endloop
  endfacet
  facet normal -0.321574 0.946885 0
    outer loop
      vertex -37.1481 17.7716 20
      vertex -36.7765 17.8978 0
      vertex -37.1481 17.7716 0
    endloop
  endfacet
  facet normal 0.555523 0.831501 -0
    outer loop
      vertex 37.8263 17.3801 0
      vertex 37.5 17.5981 20
      vertex 37.8263 17.3801 20
    endloop
  endfacet
  facet normal 0.555523 0.831501 0
    outer loop
      vertex 37.5 17.5981 20
      vertex 37.8263 17.3801 0
      vertex 37.5 17.5981 0
    endloop
  endfacet
  facet normal 0 0 1
    outer loop
      vertex 36.8478 14.7654 20
      vertex 39 15 20
      vertex 38.9743 15.3916 20
    endloop
  endfacet
  facet normal 0 0 1
    outer loop
      vertex 39 15 20
      vertex 37 14 20
      vertex 39 -15 20
    endloop
  endfacet
  facet normal 0 0 1
    outer loop
      vertex 36.8478 14.7654 20
      vertex 38.9743 15.3916 20
      vertex 38.8978 15.7765 20
    endloop
  endfacet
  facet normal -0 0 1
    outer loop
      vertex 37 -14 20
      vertex 39 -15 20
      vertex 37 14 20
    endloop
  endfacet
  facet normal 0 0 1
    outer loop
      vertex 36.7321 15 20
      vertex 38.8978 15.7765 20
      vertex 38.7716 16.1481 20
    endloop
  endfacet
  facet normal -0 0 1
    outer loop
      vertex 36.9829 -14.261 20
      vertex 39 -15 20
      vertex 37 -14 20
    endloop
  endfacet
  facet normal 0 0 1
    outer loop
      vertex 36.5867 15.2175 20
      vertex 38.7716 16.1481 20
      vertex 38.5981 16.5 20
    endloop
  endfacet
  facet normal -0 0 1
    outer loop
      vertex 36.9319 -14.5176 20
      vertex 39 -15 20
      vertex 36.9829 -14.261 20
    endloop
  endfacet
  facet normal 0 0 1
    outer loop
      vertex 36.5867 15.2175 20
      vertex 38.5981 16.5 20
      vertex 38.3801 16.8263 20
    endloop
  endfacet
  facet normal -0 0 1
    outer loop
      vertex 36.8478 -14.7654 20
      vertex 39 -15 20
      vertex 36.9319 -14.5176 20
    endloop
  endfacet
  facet normal 0 0 1
    outer loop
      vertex 36.4142 15.4142 20
      vertex 38.3801 16.8263 20
      vertex 38.1213 17.1213 20
    endloop
  endfacet
  facet normal 0 0 1
    outer loop
      vertex 39 -15 20
      vertex 36.8478 -14.7654 20
      vertex 38.9743 -15.3916 20
    endloop
  endfacet
  facet normal 0 0 1
    outer loop
      vertex 36.4142 15.4142 20
      vertex 38.1213 17.1213 20
      vertex 37.8263 17.3801 20
    endloop
  endfacet
  facet normal 0 0 1
    outer loop
      vertex 38.9743 -15.3916 20
      vertex 36.8478 -14.7654 20
      vertex 38.8978 -15.7765 20
    endloop
  endfacet
  facet normal 0 0 1
    outer loop
      vertex 36.2175 15.5867 20
      vertex 37.8263 17.3801 20
      vertex 37.5 17.5981 20
    endloop
  endfacet
  facet normal -0 0 1
    outer loop
      vertex 36.7321 -15 20
      vertex 38.8978 -15.7765 20
      vertex 36.8478 -14.7654 20
    endloop
  endfacet
  facet normal 0 0 1
    outer loop
      vertex 36.2175 15.5867 20
      vertex 37.5 17.5981 20
      vertex 37.1481 17.7716 20
    endloop
  endfacet
  facet normal 0 0 1
    outer loop
      vertex 38.8978 -15.7765 20
      vertex 36.7321 -15 20
      vertex 38.7716 -16.1481 20
    endloop
  endfacet
  facet normal -0 0 1
    outer loop
      vertex 36.5867 -15.2175 20
      vertex 38.7716 -16.1481 20
      vertex 36.7321 -15 20
    endloop
  endfacet
  facet normal 0 0 1
    outer loop
      vertex 39 15 20
      vertex 36.9829 14.261 20
      vertex 37 14 20
    endloop
  endfacet
  facet normal 0 0 1
    outer loop
      vertex 39 15 20
      vertex 36.9319 14.5176 20
      vertex 36.9829 14.261 20
    endloop
  endfacet
  facet normal 0 0 1
    outer loop
      vertex 39 15 20
      vertex 36.8478 14.7654 20
      vertex 36.9319 14.5176 20
    endloop
  endfacet
  facet normal 0 0 1
    outer loop
      vertex 36 15.7321 20
      vertex 37.1481 17.7716 20
      vertex 36.7765 17.8978 20
    endloop
  endfacet
  facet normal 0 0 1
    outer loop
      vertex 38.8978 15.7765 20
      vertex 36.7321 15 20
      vertex 36.8478 14.7654 20
    endloop
  endfacet
  facet normal 0 0 1
    outer loop
      vertex 38.7716 16.1481 20
      vertex 36.5867 15.2175 20
      vertex 36.7321 15 20
    endloop
  endfacet
  facet normal 0 0 1
    outer loop
      vertex 38.3801 16.8263 20
      vertex 36.4142 15.4142 20
      vertex 36.5867 15.2175 20
    endloop
  endfacet
  facet normal 0 0 1
    outer loop
      vertex 35.7654 15.8478 20
      vertex 36.7765 17.8978 20
      vertex 36.3916 17.9743 20
    endloop
  endfacet
  facet normal 0 0 1
    outer loop
      vertex 37.8263 17.3801 20
      vertex 36.2175 15.5867 20
      vertex 36.4142 15.4142 20
    endloop
  endfacet
  facet normal 0 0 1
    outer loop
      vertex 35.7654 15.8478 20
      vertex 36.3916 17.9743 20
      vertex 36 18 20
    endloop
  endfacet
  facet normal 0 0 1
    outer loop
      vertex 37.1481 17.7716 20
      vertex 36 15.7321 20
      vertex 36.2175 15.5867 20
    endloop
  endfacet
  facet normal 0 0 1
    outer loop
      vertex 36.7765 17.8978 20
      vertex 35.7654 15.8478 20
      vertex 36 15.7321 20
    endloop
  endfacet
  facet normal 0 0 1
    outer loop
      vertex 36 18 20
      vertex 35.5176 15.9319 20
      vertex 35.7654 15.8478 20
    endloop
  endfacet
  facet normal 0 0 1
    outer loop
      vertex 36 18 20
      vertex 35.261 15.9829 20
      vertex 35.5176 15.9319 20
    endloop
  endfacet
  facet normal 0 0 1
    outer loop
      vertex 36 18 20
      vertex 35 16 20
      vertex 35.261 15.9829 20
    endloop
  endfacet
  facet normal 0 0 1
    outer loop
      vertex 36 18 20
      vertex -35 16 20
      vertex 35 16 20
    endloop
  endfacet
  facet normal -0 0 1
    outer loop
      vertex -36 18 20
      vertex -35 16 20
      vertex 36 18 20
    endloop
  endfacet
  facet normal 0 0 1
    outer loop
      vertex -36 18 20
      vertex -35.261 15.9829 20
      vertex -35 16 20
    endloop
  endfacet
  facet normal 0 0 1
    outer loop
      vertex -36 18 20
      vertex -35.5176 15.9319 20
      vertex -35.261 15.9829 20
    endloop
  endfacet
  facet normal 0 0 1
    outer loop
      vertex -36 18 20
      vertex -35.7654 15.8478 20
      vertex -35.5176 15.9319 20
    endloop
  endfacet
  facet normal -0 0 1
    outer loop
      vertex -36.3916 17.9743 20
      vertex -35.7654 15.8478 20
      vertex -36 18 20
    endloop
  endfacet
  facet normal -0 0 1
    outer loop
      vertex -36.7765 17.8978 20
      vertex -35.7654 15.8478 20
      vertex -36.3916 17.9743 20
    endloop
  endfacet
  facet normal 0 0 1
    outer loop
      vertex -35.7654 15.8478 20
      vertex -36.7765 17.8978 20
      vertex -36 15.7321 20
    endloop
  endfacet
  facet normal -0 0 1
    outer loop
      vertex -37.1481 17.7716 20
      vertex -36 15.7321 20
      vertex -36.7765 17.8978 20
    endloop
  endfacet
  facet normal 0 0 1
    outer loop
      vertex -36 15.7321 20
      vertex -37.1481 17.7716 20
      vertex -36.2175 15.5867 20
    endloop
  endfacet
  facet normal -0 0 1
    outer loop
      vertex -37.5 17.5981 20
      vertex -36.2175 15.5867 20
      vertex -37.1481 17.7716 20
    endloop
  endfacet
  facet normal -0 0 1
    outer loop
      vertex -37.8263 17.3801 20
      vertex -36.2175 15.5867 20
      vertex -37.5 17.5981 20
    endloop
  endfacet
  facet normal 0 0 1
    outer loop
      vertex -36.2175 15.5867 20
      vertex -37.8263 17.3801 20
      vertex -36.4142 15.4142 20
    endloop
  endfacet
  facet normal -0 0 1
    outer loop
      vertex -38.1213 17.1213 20
      vertex -36.4142 15.4142 20
      vertex -37.8263 17.3801 20
    endloop
  endfacet
  facet normal -0 0 1
    outer loop
      vertex -38.3801 16.8263 20
      vertex -36.4142 15.4142 20
      vertex -38.1213 17.1213 20
    endloop
  endfacet
  facet normal 0 0 1
    outer loop
      vertex -36.4142 15.4142 20
      vertex -38.3801 16.8263 20
      vertex -36.5867 15.2175 20
    endloop
  endfacet
  facet normal -0 0 1
    outer loop
      vertex -38.7716 16.1481 20
      vertex -36.5867 15.2175 20
      vertex -38.5981 16.5 20
    endloop
  endfacet
  facet normal -0 0 1
    outer loop
      vertex -38.5981 16.5 20
      vertex -36.5867 15.2175 20
      vertex -38.3801 16.8263 20
    endloop
  endfacet
  facet normal 0 0 1
    outer loop
      vertex 38.7716 -16.1481 20
      vertex 36.5867 -15.2175 20
      vertex 38.5981 -16.5 20
    endloop
  endfacet
  facet normal 0 0 1
    outer loop
      vertex 38.5981 -16.5 20
      vertex 36.5867 -15.2175 20
      vertex 38.3801 -16.8263 20
    endloop
  endfacet
  facet normal -0 0 1
    outer loop
      vertex 36.4142 -15.4142 20
      vertex 38.3801 -16.8263 20
      vertex 36.5867 -15.2175 20
    endloop
  endfacet
  facet normal 0 0 1
    outer loop
      vertex 38.3801 -16.8263 20
      vertex 36.4142 -15.4142 20
      vertex 38.1213 -17.1213 20
    endloop
  endfacet
  facet normal 0 0 1
    outer loop
      vertex 38.1213 -17.1213 20
      vertex 36.4142 -15.4142 20
      vertex 37.8263 -17.3801 20
    endloop
  endfacet
  facet normal -0 0 1
    outer loop
      vertex 36.2175 -15.5867 20
      vertex 37.8263 -17.3801 20
      vertex 36.4142 -15.4142 20
    endloop
  endfacet
  facet normal 0 0 1
    outer loop
      vertex 37.8263 -17.3801 20
      vertex 36.2175 -15.5867 20
      vertex 37.5 -17.5981 20
    endloop
  endfacet
  facet normal 0 0 1
    outer loop
      vertex 37.5 -17.5981 20
      vertex 36.2175 -15.5867 20
      vertex 37.1481 -17.7716 20
    endloop
  endfacet
  facet normal -0 0 1
    outer loop
      vertex 36 -15.7321 20
      vertex 37.1481 -17.7716 20
      vertex 36.2175 -15.5867 20
    endloop
  endfacet
  facet normal 0 0 1
    outer loop
      vertex 37.1481 -17.7716 20
      vertex 36 -15.7321 20
      vertex 36.7765 -17.8978 20
    endloop
  endfacet
  facet normal -0 0 1
    outer loop
      vertex 35.7654 -15.8478 20
      vertex 36.7765 -17.8978 20
      vertex 36 -15.7321 20
    endloop
  endfacet
  facet normal 0 0 1
    outer loop
      vertex 36.7765 -17.8978 20
      vertex 35.7654 -15.8478 20
      vertex 36.3916 -17.9743 20
    endloop
  endfacet
  facet normal 0 0 1
    outer loop
      vertex 36.3916 -17.9743 20
      vertex 35.7654 -15.8478 20
      vertex 36 -18 20
    endloop
  endfacet
  facet normal -0 0 1
    outer loop
      vertex 35.5176 -15.9319 20
      vertex 36 -18 20
      vertex 35.7654 -15.8478 20
    endloop
  endfacet
  facet normal -0 0 1
    outer loop
      vertex 35.261 -15.9829 20
      vertex 36 -18 20
      vertex 35.5176 -15.9319 20
    endloop
  endfacet
  facet normal -0 0 1
    outer loop
      vertex 35 -16 20
      vertex 36 -18 20
      vertex 35.261 -15.9829 20
    endloop
  endfacet
  facet normal -0 0 1
    outer loop
      vertex -35 -16 20
      vertex 36 -18 20
      vertex 35 -16 20
    endloop
  endfacet
  facet normal 0 0 1
    outer loop
      vertex -35 -16 20
      vertex -36 -18 20
      vertex 36 -18 20
    endloop
  endfacet
  facet normal 0 0 1
    outer loop
      vertex -35.261 -15.9829 20
      vertex -36 -18 20
      vertex -35 -16 20
    endloop
  endfacet
  facet normal 0 0 1
    outer loop
      vertex -35.5176 -15.9319 20
      vertex -36 -18 20
      vertex -35.261 -15.9829 20
    endloop
  endfacet
  facet normal 0 0 1
    outer loop
      vertex -35.7654 -15.8478 20
      vertex -36 -18 20
      vertex -35.5176 -15.9319 20
    endloop
  endfacet
  facet normal 0 0 1
    outer loop
      vertex -36.7765 -17.8978 20
      vertex -35.7654 -15.8478 20
      vertex -36 -15.7321 20
    endloop
  endfacet
  facet normal 0 0 1
    outer loop
      vertex -37.1481 -17.7716 20
      vertex -36 -15.7321 20
      vertex -36.2175 -15.5867 20
    endloop
  endfacet
  facet normal 0 0 1
    outer loop
      vertex -35.7654 -15.8478 20
      vertex -36.3916 -17.9743 20
      vertex -36 -18 20
    endloop
  endfacet
  facet normal 0 0 1
    outer loop
      vertex -37.8263 -17.3801 20
      vertex -36.2175 -15.5867 20
      vertex -36.4142 -15.4142 20
    endloop
  endfacet
  facet normal 0 0 1
    outer loop
      vertex -38.3801 -16.8263 20
      vertex -36.4142 -15.4142 20
      vertex -36.5867 -15.2175 20
    endloop
  endfacet
  facet normal 0 0 1
    outer loop
      vertex -38.7716 -16.1481 20
      vertex -36.5867 -15.2175 20
      vertex -36.7321 -15 20
    endloop
  endfacet
  facet normal 0 0 1
    outer loop
      vertex -35.7654 -15.8478 20
      vertex -36.7765 -17.8978 20
      vertex -36.3916 -17.9743 20
    endloop
  endfacet
  facet normal 0 0 1
    outer loop
      vertex -38.8978 -15.7765 20
      vertex -36.7321 -15 20
      vertex -36.8478 -14.7654 20
    endloop
  endfacet
  facet normal 0 0 1
    outer loop
      vertex -39 -15 20
      vertex -36.8478 -14.7654 20
      vertex -36.9319 -14.5176 20
    endloop
  endfacet
  facet normal 0 0 1
    outer loop
      vertex -39 -15 20
      vertex -36.9319 -14.5176 20
      vertex -36.9829 -14.261 20
    endloop
  endfacet
  facet normal 0 0 1
    outer loop
      vertex -39 -15 20
      vertex -36.9829 -14.261 20
      vertex -37 -14 20
    endloop
  endfacet
  facet normal 0 0 1
    outer loop
      vertex -36 -15.7321 20
      vertex -37.1481 -17.7716 20
      vertex -36.7765 -17.8978 20
    endloop
  endfacet
  facet normal 0 0 1
    outer loop
      vertex -37 14 20
      vertex -39 15 20
      vertex -37 -14 20
    endloop
  endfacet
  facet normal 0 0 1
    outer loop
      vertex -36.5867 15.2175 20
      vertex -38.7716 16.1481 20
      vertex -36.7321 15 20
    endloop
  endfacet
  facet normal 0 0 1
    outer loop
      vertex -39 -15 20
      vertex -37 -14 20
      vertex -39 15 20
    endloop
  endfacet
  facet normal -0 0 1
    outer loop
      vertex -38.8978 15.7765 20
      vertex -36.7321 15 20
      vertex -38.7716 16.1481 20
    endloop
  endfacet
  facet normal 0 0 1
    outer loop
      vertex -36.8478 -14.7654 20
      vertex -39 -15 20
      vertex -38.9743 -15.3916 20
    endloop
  endfacet
  facet normal 0 0 1
    outer loop
      vertex -36.7321 15 20
      vertex -38.8978 15.7765 20
      vertex -36.8478 14.7654 20
    endloop
  endfacet
  facet normal 0 0 1
    outer loop
      vertex -36.2175 -15.5867 20
      vertex -37.5 -17.5981 20
      vertex -37.1481 -17.7716 20
    endloop
  endfacet
  facet normal -0 0 1
    outer loop
      vertex -38.9743 15.3916 20
      vertex -36.8478 14.7654 20
      vertex -38.8978 15.7765 20
    endloop
  endfacet
  facet normal 0 0 1
    outer loop
      vertex -36.2175 -15.5867 20
      vertex -37.8263 -17.3801 20
      vertex -37.5 -17.5981 20
    endloop
  endfacet
  facet normal -0 0 1
    outer loop
      vertex -39 15 20
      vertex -36.8478 14.7654 20
      vertex -38.9743 15.3916 20
    endloop
  endfacet
  facet normal 0 0 1
    outer loop
      vertex -36.4142 -15.4142 20
      vertex -38.1213 -17.1213 20
      vertex -37.8263 -17.3801 20
    endloop
  endfacet
  facet normal 0 0 1
    outer loop
      vertex -36.8478 14.7654 20
      vertex -39 15 20
      vertex -36.9319 14.5176 20
    endloop
  endfacet
  facet normal 0 0 1
    outer loop
      vertex -36.4142 -15.4142 20
      vertex -38.3801 -16.8263 20
      vertex -38.1213 -17.1213 20
    endloop
  endfacet
  facet normal 0 0 1
    outer loop
      vertex -36.9319 14.5176 20
      vertex -39 15 20
      vertex -36.9829 14.261 20
    endloop
  endfacet
  facet normal 0 0 1
    outer loop
      vertex -36.5867 -15.2175 20
      vertex -38.5981 -16.5 20
      vertex -38.3801 -16.8263 20
    endloop
  endfacet
  facet normal 0 0 1
    outer loop
      vertex -36.9829 14.261 20
      vertex -39 15 20
      vertex -37 14 20
    endloop
  endfacet
  facet normal 0 0 1
    outer loop
      vertex -36.5867 -15.2175 20
      vertex -38.7716 -16.1481 20
      vertex -38.5981 -16.5 20
    endloop
  endfacet
  facet normal 0 0 1
    outer loop
      vertex -36.7321 -15 20
      vertex -38.8978 -15.7765 20
      vertex -38.7716 -16.1481 20
    endloop
  endfacet
  facet normal 0 0 1
    outer loop
      vertex -36.8478 -14.7654 20
      vertex -38.9743 -15.3916 20
      vertex -38.8978 -15.7765 20
    endloop
  endfacet
  facet normal 0 1 -0
    outer loop
      vertex 36 18 0
      vertex -36 18 20
      vertex 36 18 20
    endloop
  endfacet
  facet normal 0 1 0
    outer loop
      vertex -36 18 20
      vertex 36 18 0
      vertex -36 18 0
    endloop
  endfacet
  facet normal 0.659478 -0.751724 0
    outer loop
      vertex 37.8263 -17.3801 0
      vertex 38.1213 -17.1213 20
      vertex 37.8263 -17.3801 20
    endloop
  endfacet
  facet normal 0.659478 -0.751724 0
    outer loop
      vertex 38.1213 -17.1213 20
      vertex 37.8263 -17.3801 0
      vertex 38.1213 -17.1213 0
    endloop
  endfacet
  facet normal -0.321574 -0.946885 0
    outer loop
      vertex -37.1481 -17.7716 0
      vertex -36.7765 -17.8978 20
      vertex -37.1481 -17.7716 20
    endloop
  endfacet
  facet normal -0.321574 -0.946885 -0
    outer loop
      vertex -36.7765 -17.8978 20
      vertex -37.1481 -17.7716 0
      vertex -36.7765 -17.8978 0
    endloop
  endfacet
  facet normal -0.946885 0.321574 0
    outer loop
      vertex -38.8978 15.7765 0
      vertex -38.7716 16.1481 20
      vertex -38.7716 16.1481 0
    endloop
  endfacet
  facet normal -0.946885 0.321574 0
    outer loop
      vertex -38.7716 16.1481 20
      vertex -38.8978 15.7765 0
      vertex -38.8978 15.7765 20
    endloop
  endfacet
  facet normal -0.896911 0.442211 0
    outer loop
      vertex -38.7716 16.1481 0
      vertex -38.5981 16.5 20
      vertex -38.5981 16.5 0
    endloop
  endfacet
  facet normal -0.896911 0.442211 0
    outer loop
      vertex -38.5981 16.5 20
      vertex -38.7716 16.1481 0
      vertex -38.7716 16.1481 20
    endloop
  endfacet
  facet normal 1 -0 0
    outer loop
      vertex 39 -15 20
      vertex 39 15 0
      vertex 39 15 20
    endloop
  endfacet
  facet normal 1 0 0
    outer loop
      vertex 39 15 0
      vertex 39 -15 20
      vertex 39 -15 0
    endloop
  endfacet
  facet normal -0.442211 0.896911 0
    outer loop
      vertex -37.1481 17.7716 0
      vertex -37.5 17.5981 20
      vertex -37.1481 17.7716 20
    endloop
  endfacet
  facet normal -0.442211 0.896911 0
    outer loop
      vertex -37.5 17.5981 20
      vertex -37.1481 17.7716 0
      vertex -37.5 17.5981 0
    endloop
  endfacet
  facet normal 0.831501 -0.555523 0
    outer loop
      vertex 38.3801 -16.8263 20
      vertex 38.5981 -16.5 0
      vertex 38.5981 -16.5 20
    endloop
  endfacet
  facet normal 0.831501 -0.555523 0
    outer loop
      vertex 38.5981 -16.5 0
      vertex 38.3801 -16.8263 20
      vertex 38.3801 -16.8263 0
    endloop
  endfacet
  facet normal 0.19494 0.980815 -0
    outer loop
      vertex 36.7765 17.8978 0
      vertex 36.3916 17.9743 20
      vertex 36.7765 17.8978 20
    endloop
  endfacet
  facet normal 0.19494 0.980815 0
    outer loop
      vertex 36.3916 17.9743 20
      vertex 36.7765 17.8978 0
      vertex 36.3916 17.9743 0
    endloop
  endfacet
  facet normal 0.751724 -0.659478 0
    outer loop
      vertex 38.1213 -17.1213 20
      vertex 38.3801 -16.8263 0
      vertex 38.3801 -16.8263 20
    endloop
  endfacet
  facet normal 0.751724 -0.659478 0
    outer loop
      vertex 38.3801 -16.8263 0
      vertex 38.1213 -17.1213 20
      vertex 38.1213 -17.1213 0
    endloop
  endfacet
  facet normal -0.19494 0.980815 0
    outer loop
      vertex -36.3916 17.9743 0
      vertex -36.7765 17.8978 20
      vertex -36.3916 17.9743 20
    endloop
  endfacet
  facet normal -0.19494 0.980815 0
    outer loop
      vertex -36.7765 17.8978 20
      vertex -36.3916 17.9743 0
      vertex -36.7765 17.8978 0
    endloop
  endfacet
  facet normal 0.997853 -0.0654873 0
    outer loop
      vertex 38.9743 -15.3916 20
      vertex 39 -15 0
      vertex 39 -15 20
    endloop
  endfacet
  facet normal 0.997853 -0.0654873 0
    outer loop
      vertex 39 -15 0
      vertex 38.9743 -15.3916 20
      vertex 38.9743 -15.3916 0
    endloop
  endfacet
  facet normal -0.980815 0.19494 0
    outer loop
      vertex -38.9743 15.3916 0
      vertex -38.8978 15.7765 20
      vertex -38.8978 15.7765 0
    endloop
  endfacet
  facet normal -0.980815 0.19494 0
    outer loop
      vertex -38.8978 15.7765 20
      vertex -38.9743 15.3916 0
      vertex -38.9743 15.3916 20
    endloop
  endfacet
  facet normal -0.555523 0.831501 0
    outer loop
      vertex -37.5 17.5981 0
      vertex -37.8263 17.3801 20
      vertex -37.5 17.5981 20
    endloop
  endfacet
  facet normal -0.555523 0.831501 0
    outer loop
      vertex -37.8263 17.3801 20
      vertex -37.5 17.5981 0
      vertex -37.8263 17.3801 0
    endloop
  endfacet
  facet normal -0.997853 -0.0654873 0
    outer loop
      vertex -38.9743 -15.3916 0
      vertex -39 -15 20
      vertex -39 -15 0
    endloop
  endfacet
  facet normal -0.997853 -0.0654873 0
    outer loop
      vertex -39 -15 20
      vertex -38.9743 -15.3916 0
      vertex -38.9743 -15.3916 20
    endloop
  endfacet
  facet normal 0.751724 0.659478 0
    outer loop
      vertex 38.3801 16.8263 20
      vertex 38.1213 17.1213 0
      vertex 38.1213 17.1213 20
    endloop
  endfacet
  facet normal 0.751724 0.659478 0
    outer loop
      vertex 38.1213 17.1213 0
      vertex 38.3801 16.8263 20
      vertex 38.3801 16.8263 0
    endloop
  endfacet
  facet normal 0.0654873 0.997853 -0
    outer loop
      vertex 36.3916 17.9743 0
      vertex 36 18 20
      vertex 36.3916 17.9743 20
    endloop
  endfacet
  facet normal 0.0654873 0.997853 0
    outer loop
      vertex 36 18 20
      vertex 36.3916 17.9743 0
      vertex 36 18 0
    endloop
  endfacet
  facet normal -0.751724 0.659478 0
    outer loop
      vertex -38.3801 16.8263 0
      vertex -38.1213 17.1213 20
      vertex -38.1213 17.1213 0
    endloop
  endfacet
  facet normal -0.751724 0.659478 0
    outer loop
      vertex -38.1213 17.1213 20
      vertex -38.3801 16.8263 0
      vertex -38.3801 16.8263 20
    endloop
  endfacet
  facet normal 0.831501 0.555523 0
    outer loop
      vertex 38.5981 16.5 20
      vertex 38.3801 16.8263 0
      vertex 38.3801 16.8263 20
    endloop
  endfacet
  facet normal 0.831501 0.555523 0
    outer loop
      vertex 38.3801 16.8263 0
      vertex 38.5981 16.5 20
      vertex 38.5981 16.5 0
    endloop
  endfacet
  facet normal -0.831501 0.555523 0
    outer loop
      vertex -38.5981 16.5 0
      vertex -38.3801 16.8263 20
      vertex -38.3801 16.8263 0
    endloop
  endfacet
  facet normal -0.831501 0.555523 0
    outer loop
      vertex -38.3801 16.8263 20
      vertex -38.5981 16.5 0
      vertex -38.5981 16.5 20
    endloop
  endfacet
  facet normal 0.980815 -0.19494 0
    outer loop
      vertex 38.8978 -15.7765 20
      vertex 38.9743 -15.3916 0
      vertex 38.9743 -15.3916 20
    endloop
  endfacet
  facet normal 0.980815 -0.19494 0
    outer loop
      vertex 38.9743 -15.3916 0
      vertex 38.8978 -15.7765 20
      vertex 38.8978 -15.7765 0
    endloop
  endfacet
  facet normal -0.751724 -0.659478 0
    outer loop
      vertex -38.1213 -17.1213 0
      vertex -38.3801 -16.8263 20
      vertex -38.3801 -16.8263 0
    endloop
  endfacet
  facet normal -0.751724 -0.659478 0
    outer loop
      vertex -38.3801 -16.8263 20
      vertex -38.1213 -17.1213 0
      vertex -38.1213 -17.1213 20
    endloop
  endfacet
  facet normal 0.659478 0.751724 -0
    outer loop
      vertex 38.1213 17.1213 0
      vertex 37.8263 17.3801 20
      vertex 38.1213 17.1213 20
    endloop
  endfacet
  facet normal 0.659478 0.751724 0
    outer loop
      vertex 37.8263 17.3801 20
      vertex 38.1213 17.1213 0
      vertex 37.8263 17.3801 0
    endloop
  endfacet
  facet normal 0.896911 0.442211 0
    outer loop
      vertex 38.7716 16.1481 20
      vertex 38.5981 16.5 0
      vertex 38.5981 16.5 20
    endloop
  endfacet
  facet normal 0.896911 0.442211 0
    outer loop
      vertex 38.5981 16.5 0
      vertex 38.7716 16.1481 20
      vertex 38.7716 16.1481 0
    endloop
  endfacet
  facet normal 0.980815 0.19494 0
    outer loop
      vertex 38.9743 15.3916 20
      vertex 38.8978 15.7765 0
      vertex 38.8978 15.7765 20
    endloop
  endfacet
  facet normal 0.980815 0.19494 0
    outer loop
      vertex 38.8978 15.7765 0
      vertex 38.9743 15.3916 20
      vertex 38.9743 15.3916 0
    endloop
  endfacet
  facet normal 0.946885 -0.321574 0
    outer loop
      vertex 38.7716 -16.1481 20
      vertex 38.8978 -15.7765 0
      vertex 38.8978 -15.7765 20
    endloop
  endfacet
  facet normal 0.946885 -0.321574 0
    outer loop
      vertex 38.8978 -15.7765 0
      vertex 38.7716 -16.1481 20
      vertex 38.7716 -16.1481 0
    endloop
  endfacet
  facet normal 0.896911 -0.442211 0
    outer loop
      vertex 38.5981 -16.5 20
      vertex 38.7716 -16.1481 0
      vertex 38.7716 -16.1481 20
    endloop
  endfacet
  facet normal 0.896911 -0.442211 0
    outer loop
      vertex 38.7716 -16.1481 0
      vertex 38.5981 -16.5 20
      vertex 38.5981 -16.5 0
    endloop
  endfacet
  facet normal -0.997853 0.0654873 0
    outer loop
      vertex -39 15 0
      vertex -38.9743 15.3916 20
      vertex -38.9743 15.3916 0
    endloop
  endfacet
  facet normal -0.997853 0.0654873 0
    outer loop
      vertex -38.9743 15.3916 20
      vertex -39 15 0
      vertex -39 15 20
    endloop
  endfacet
  facet normal 0.997853 0.0654873 0
    outer loop
      vertex 39 15 20
      vertex 38.9743 15.3916 0
      vertex 38.9743 15.3916 20
    endloop
  endfacet
  facet normal 0.997853 0.0654873 0
    outer loop
      vertex 38.9743 15.3916 0
      vertex 39 15 20
      vertex 39 15 0
    endloop
  endfacet
  facet normal -0.442211 -0.896911 0
    outer loop
      vertex -37.5 -17.5981 0
      vertex -37.1481 -17.7716 20
      vertex -37.5 -17.5981 20
    endloop
  endfacet
  facet normal -0.442211 -0.896911 -0
    outer loop
      vertex -37.1481 -17.7716 20
      vertex -37.5 -17.5981 0
      vertex -37.1481 -17.7716 0
    endloop
  endfacet
  facet normal 0.555523 -0.831501 0
    outer loop
      vertex 37.5 -17.5981 0
      vertex 37.8263 -17.3801 20
      vertex 37.5 -17.5981 20
    endloop
  endfacet
  facet normal 0.555523 -0.831501 0
    outer loop
      vertex 37.8263 -17.3801 20
      vertex 37.5 -17.5981 0
      vertex 37.8263 -17.3801 0
    endloop
  endfacet
  facet normal -0.555523 -0.831501 0
    outer loop
      vertex -37.8263 -17.3801 0
      vertex -37.5 -17.5981 20
      vertex -37.8263 -17.3801 20
    endloop
  endfacet
  facet normal -0.555523 -0.831501 -0
    outer loop
      vertex -37.5 -17.5981 20
      vertex -37.8263 -17.3801 0
      vertex -37.5 -17.5981 0
    endloop
  endfacet
  facet normal 0.442211 0.896911 -0
    outer loop
      vertex 37.5 17.5981 0
      vertex 37.1481 17.7716 20
      vertex 37.5 17.5981 20
    endloop
  endfacet
  facet normal 0.442211 0.896911 0
    outer loop
      vertex 37.1481 17.7716 20
      vertex 37.5 17.5981 0
      vertex 37.1481 17.7716 0
    endloop
  endfacet
  facet normal -0.896911 -0.442211 0
    outer loop
      vertex -38.5981 -16.5 0
      vertex -38.7716 -16.1481 20
      vertex -38.7716 -16.1481 0
    endloop
  endfacet
  facet normal -0.896911 -0.442211 0
    outer loop
      vertex -38.7716 -16.1481 20
      vertex -38.5981 -16.5 0
      vertex -38.5981 -16.5 20
    endloop
  endfacet
  facet normal -0.980815 -0.19494 0
    outer loop
      vertex -38.8978 -15.7765 0
      vertex -38.9743 -15.3916 20
      vertex -38.9743 -15.3916 0
    endloop
  endfacet
  facet normal -0.980815 -0.19494 0
    outer loop
      vertex -38.9743 -15.3916 20
      vertex -38.8978 -15.7765 0
      vertex -38.8978 -15.7765 20
    endloop
  endfacet
  facet normal -0.831501 -0.555523 0
    outer loop
      vertex -38.3801 -16.8263 0
      vertex -38.5981 -16.5 20
      vertex -38.5981 -16.5 0
    endloop
  endfacet
  facet normal -0.831501 -0.555523 0
    outer loop
      vertex -38.5981 -16.5 20
      vertex -38.3801 -16.8263 0
      vertex -38.3801 -16.8263 20
    endloop
  endfacet
  facet normal -0.659478 -0.751724 0
    outer loop
      vertex -38.1213 -17.1213 0
      vertex -37.8263 -17.3801 20
      vertex -38.1213 -17.1213 20
    endloop
  endfacet
  facet normal -0.659478 -0.751724 -0
    outer loop
      vertex -37.8263 -17.3801 20
      vertex -38.1213 -17.1213 0
      vertex -37.8263 -17.3801 0
    endloop
  endfacet
  facet normal 0.442211 -0.896911 0
    outer loop
      vertex 37.1481 -17.7716 0
      vertex 37.5 -17.5981 20
      vertex 37.1481 -17.7716 20
    endloop
  endfacet
  facet normal 0.442211 -0.896911 0
    outer loop
      vertex 37.5 -17.5981 20
      vertex 37.1481 -17.7716 0
      vertex 37.5 -17.5981 0
    endloop
  endfacet
  facet normal -0.946885 -0.321574 0
    outer loop
      vertex -38.7716 -16.1481 0
      vertex -38.8978 -15.7765 20
      vertex -38.8978 -15.7765 0
    endloop
  endfacet
  facet normal -0.946885 -0.321574 0
    outer loop
      vertex -38.8978 -15.7765 20
      vertex -38.7716 -16.1481 0
      vertex -38.7716 -16.1481 20
    endloop
  endfacet
  facet normal 0 0 -1
    outer loop
      vertex 36 -18 0
      vertex 39 -15 0
      vertex 38.9743 -15.3916 0
    endloop
  endfacet
  facet normal 0 0 -1
    outer loop
      vertex 39 -15 0
      vertex 30 -12 0
      vertex 39 15 0
    endloop
  endfacet
  facet normal 0 0 -1
    outer loop
      vertex 36 -18 0
      vertex 38.9743 -15.3916 0
      vertex 38.8978 -15.7765 0
    endloop
  endfacet
  facet normal 0 0 -1
    outer loop
      vertex 30 12 0
      vertex 39 15 0
      vertex 30 -12 0
    endloop
  endfacet
  facet normal 0 0 -1
    outer loop
      vertex 36 -18 0
      vertex 38.8978 -15.7765 0
      vertex 38.7716 -16.1481 0
    endloop
  endfacet
  facet normal 0 0 -1
    outer loop
      vertex 29.9914 12.1305 0
      vertex 39 15 0
      vertex 30 12 0
    endloop
  endfacet
  facet normal 0 0 -1
    outer loop
      vertex 36 -18 0
      vertex 38.7716 -16.1481 0
      vertex 38.5981 -16.5 0
    endloop
  endfacet
  facet normal 0 0 -1
    outer loop
      vertex 29.9659 12.2588 0
      vertex 39 15 0
      vertex 29.9914 12.1305 0
    endloop
  endfacet
  facet normal 0 0 -1
    outer loop
      vertex 36 -18 0
      vertex 38.5981 -16.5 0
      vertex 38.3801 -16.8263 0
    endloop
  endfacet
  facet normal 0 -0 -1
    outer loop
      vertex 36 18 0
      vertex 39 15 0
      vertex 29.9659 12.2588 0
    endloop
  endfacet
  facet normal 0 0 -1
    outer loop
      vertex 36 -18 0
      vertex 38.3801 -16.8263 0
      vertex 38.1213 -17.1213 0
    endloop
  endfacet
  facet normal 0 0 -1
    outer loop
      vertex 39 15 0
      vertex 36 18 0
      vertex 38.9743 15.3916 0
    endloop
  endfacet
  facet normal 0 0 -1
    outer loop
      vertex 36 -18 0
      vertex 38.1213 -17.1213 0
      vertex 37.8263 -17.3801 0
    endloop
  endfacet
  facet normal 0 0 -1
    outer loop
      vertex 38.9743 15.3916 0
      vertex 36 18 0
      vertex 38.8978 15.7765 0
    endloop
  endfacet
  facet normal 0 0 -1
    outer loop
      vertex 36 -18 0
      vertex 37.8263 -17.3801 0
      vertex 37.5 -17.5981 0
    endloop
  endfacet
  facet normal 0 0 -1
    outer loop
      vertex 38.7716 16.1481 0
      vertex 36 18 0
      vertex 38.5981 16.5 0
    endloop
  endfacet
  facet normal 0 0 -1
    outer loop
      vertex 36 -18 0
      vertex 37.5 -17.5981 0
      vertex 37.1481 -17.7716 0
    endloop
  endfacet
  facet normal 0 0 -1
    outer loop
      vertex 38.5981 16.5 0
      vertex 36 18 0
      vertex 38.3801 16.8263 0
    endloop
  endfacet
  facet normal 0 0 -1
    outer loop
      vertex 36 -18 0
      vertex 37.1481 -17.7716 0
      vertex 36.7765 -17.8978 0
    endloop
  endfacet
  facet normal 0 0 -1
    outer loop
      vertex 38.3801 16.8263 0
      vertex 36 18 0
      vertex 38.1213 17.1213 0
    endloop
  endfacet
  facet normal 0 0 -1
    outer loop
      vertex 36 -18 0
      vertex 36.7765 -17.8978 0
      vertex 36.3916 -17.9743 0
    endloop
  endfacet
  facet normal 0 0 -1
    outer loop
      vertex 38.1213 17.1213 0
      vertex 36 18 0
      vertex 37.8263 17.3801 0
    endloop
  endfacet
  facet normal -0 0 -1
    outer loop
      vertex 39 -15 0
      vertex 36 -18 0
      vertex 29.9659 -12.2588 0
    endloop
  endfacet
  facet normal 0 0 -1
    outer loop
      vertex 37.8263 17.3801 0
      vertex 36 18 0
      vertex 37.5 17.5981 0
    endloop
  endfacet
  facet normal 0 0 -1
    outer loop
      vertex 37.1481 17.7716 0
      vertex 36 18 0
      vertex 36.7765 17.8978 0
    endloop
  endfacet
  facet normal 0 0 -1
    outer loop
      vertex 39 -15 0
      vertex 29.9914 -12.1305 0
      vertex 30 -12 0
    endloop
  endfacet
  facet normal 0 0 -1
    outer loop
      vertex 39 -15 0
      vertex 29.9659 -12.2588 0
      vertex 29.9914 -12.1305 0
    endloop
  endfacet
  facet normal 0 0 -1
    outer loop
      vertex 36 -18 0
      vertex 29.9239 -12.3827 0
      vertex 29.9659 -12.2588 0
    endloop
  endfacet
  facet normal 0 0 -1
    outer loop
      vertex 36 -18 0
      vertex 29.866 -12.5 0
      vertex 29.9239 -12.3827 0
    endloop
  endfacet
  facet normal 0 0 -1
    outer loop
      vertex 36 -18 0
      vertex 29.7934 -12.6088 0
      vertex 29.866 -12.5 0
    endloop
  endfacet
  facet normal 0 0 -1
    outer loop
      vertex 36 -18 0
      vertex 29.7071 -12.7071 0
      vertex 29.7934 -12.6088 0
    endloop
  endfacet
  facet normal 0 0 -1
    outer loop
      vertex 36 -18 0
      vertex 29.6088 -12.7934 0
      vertex 29.7071 -12.7071 0
    endloop
  endfacet
  facet normal 0 0 -1
    outer loop
      vertex 36 -18 0
      vertex 29.5 -12.866 0
      vertex 29.6088 -12.7934 0
    endloop
  endfacet
  facet normal 0 0 -1
    outer loop
      vertex 36 -18 0
      vertex 29.3827 -12.9239 0
      vertex 29.5 -12.866 0
    endloop
  endfacet
  facet normal 0 0 -1
    outer loop
      vertex 36 -18 0
      vertex 29.2588 -12.9659 0
      vertex 29.3827 -12.9239 0
    endloop
  endfacet
  facet normal 0 0 -1
    outer loop
      vertex 36 -18 0
      vertex 29.1305 -12.9914 0
      vertex 29.2588 -12.9659 0
    endloop
  endfacet
  facet normal 0 0 -1
    outer loop
      vertex 36 -18 0
      vertex 29 -13 0
      vertex 29.1305 -12.9914 0
    endloop
  endfacet
  facet normal 0 0 -1
    outer loop
      vertex 36 -18 0
      vertex -29 -13 0
      vertex 29 -13 0
    endloop
  endfacet
  facet normal 0 0 -1
    outer loop
      vertex -36 -18 0
      vertex -29 -13 0
      vertex 36 -18 0
    endloop
  endfacet
  facet normal -0 0 -1
    outer loop
      vertex -29.9914 -12.1305 0
      vertex -39 -15 0
      vertex -30 -12 0
    endloop
  endfacet
  facet normal -0 0 -1
    outer loop
      vertex -29.9659 -12.2588 0
      vertex -39 -15 0
      vertex -29.9914 -12.1305 0
    endloop
  endfacet
  facet normal 0 0 -1
    outer loop
      vertex -39 -15 0
      vertex -29.9659 -12.2588 0
      vertex -36 -18 0
    endloop
  endfacet
  facet normal -0 0 -1
    outer loop
      vertex -29.9239 -12.3827 0
      vertex -36 -18 0
      vertex -29.9659 -12.2588 0
    endloop
  endfacet
  facet normal -0 0 -1
    outer loop
      vertex -29.866 -12.5 0
      vertex -36 -18 0
      vertex -29.9239 -12.3827 0
    endloop
  endfacet
  facet normal -0 0 -1
    outer loop
      vertex -29.7934 -12.6088 0
      vertex -36 -18 0
      vertex -29.866 -12.5 0
    endloop
  endfacet
  facet normal -0 0 -1
    outer loop
      vertex -29.7071 -12.7071 0
      vertex -36 -18 0
      vertex -29.7934 -12.6088 0
    endloop
  endfacet
  facet normal -0 0 -1
    outer loop
      vertex -29.6088 -12.7934 0
      vertex -36 -18 0
      vertex -29.7071 -12.7071 0
    endloop
  endfacet
  facet normal -0 0 -1
    outer loop
      vertex -29.5 -12.866 0
      vertex -36 -18 0
      vertex -29.6088 -12.7934 0
    endloop
  endfacet
  facet normal -0 0 -1
    outer loop
      vertex -29.3827 -12.9239 0
      vertex -36 -18 0
      vertex -29.5 -12.866 0
    endloop
  endfacet
  facet normal -0 0 -1
    outer loop
      vertex -29.2588 -12.9659 0
      vertex -36 -18 0
      vertex -29.3827 -12.9239 0
    endloop
  endfacet
  facet normal -0 0 -1
    outer loop
      vertex -29.1305 -12.9914 0
      vertex -36 -18 0
      vertex -29.2588 -12.9659 0
    endloop
  endfacet
  facet normal -0 0 -1
    outer loop
      vertex -29 -13 0
      vertex -36 -18 0
      vertex -29.1305 -12.9914 0
    endloop
  endfacet
  facet normal 0 0 -1
    outer loop
      vertex 36.7765 17.8978 0
      vertex 36 18 0
      vertex 36.3916 17.9743 0
    endloop
  endfacet
  facet normal 0 0 -1
    outer loop
      vertex 37.5 17.5981 0
      vertex 36 18 0
      vertex 37.1481 17.7716 0
    endloop
  endfacet
  facet normal 0 0 -1
    outer loop
      vertex 38.8978 15.7765 0
      vertex 36 18 0
      vertex 38.7716 16.1481 0
    endloop
  endfacet
  facet normal 0 0 -1
    outer loop
      vertex 29.9239 12.3827 0
      vertex 36 18 0
      vertex 29.9659 12.2588 0
    endloop
  endfacet
  facet normal 0 0 -1
    outer loop
      vertex 29.866 12.5 0
      vertex 36 18 0
      vertex 29.9239 12.3827 0
    endloop
  endfacet
  facet normal 0 0 -1
    outer loop
      vertex 29.7934 12.6088 0
      vertex 36 18 0
      vertex 29.866 12.5 0
    endloop
  endfacet
  facet normal 0 0 -1
    outer loop
      vertex 29.7071 12.7071 0
      vertex 36 18 0
      vertex 29.7934 12.6088 0
    endloop
  endfacet
  facet normal 0 0 -1
    outer loop
      vertex 29.6088 12.7934 0
      vertex 36 18 0
      vertex 29.7071 12.7071 0
    endloop
  endfacet
  facet normal 0 0 -1
    outer loop
      vertex 29.5 12.866 0
      vertex 36 18 0
      vertex 29.6088 12.7934 0
    endloop
  endfacet
  facet normal 0 0 -1
    outer loop
      vertex 29.3827 12.9239 0
      vertex 36 18 0
      vertex 29.5 12.866 0
    endloop
  endfacet
  facet normal 0 0 -1
    outer loop
      vertex 29.2588 12.9659 0
      vertex 36 18 0
      vertex 29.3827 12.9239 0
    endloop
  endfacet
  facet normal 0 0 -1
    outer loop
      vertex 29.1305 12.9914 0
      vertex 36 18 0
      vertex 29.2588 12.9659 0
    endloop
  endfacet
  facet normal 0 0 -1
    outer loop
      vertex 29 13 0
      vertex 36 18 0
      vertex 29.1305 12.9914 0
    endloop
  endfacet
  facet normal 0 0 -1
    outer loop
      vertex -29 13 0
      vertex 36 18 0
      vertex 29 13 0
    endloop
  endfacet
  facet normal 0 0 -1
    outer loop
      vertex -36 18 0
      vertex -29 13 0
      vertex -29.1305 12.9914 0
    endloop
  endfacet
  facet normal -0 0 -1
    outer loop
      vertex -30 -12 0
      vertex -39 -15 0
      vertex -30 12 0
    endloop
  endfacet
  facet normal 0 0 -1
    outer loop
      vertex -39 15 0
      vertex -30 12 0
      vertex -39 -15 0
    endloop
  endfacet
  facet normal 0 0 -1
    outer loop
      vertex -29 13 0
      vertex -36 18 0
      vertex 36 18 0
    endloop
  endfacet
  facet normal 0 0 -1
    outer loop
      vertex -29.2588 12.9659 0
      vertex -36 18 0
      vertex -29.1305 12.9914 0
    endloop
  endfacet
  facet normal 0 0 -1
    outer loop
      vertex -29.3827 12.9239 0
      vertex -36 18 0
      vertex -29.2588 12.9659 0
    endloop
  endfacet
  facet normal 0 0 -1
    outer loop
      vertex -29.5 12.866 0
      vertex -36 18 0
      vertex -29.3827 12.9239 0
    endloop
  endfacet
  facet normal 0 0 -1
    outer loop
      vertex -29.6088 12.7934 0
      vertex -36 18 0
      vertex -29.5 12.866 0
    endloop
  endfacet
  facet normal 0 0 -1
    outer loop
      vertex -29.7071 12.7071 0
      vertex -36 18 0
      vertex -29.6088 12.7934 0
    endloop
  endfacet
  facet normal 0 0 -1
    outer loop
      vertex -29.7934 12.6088 0
      vertex -36 18 0
      vertex -29.7071 12.7071 0
    endloop
  endfacet
  facet normal 0 0 -1
    outer loop
      vertex -29.866 12.5 0
      vertex -36 18 0
      vertex -29.7934 12.6088 0
    endloop
  endfacet
  facet normal 0 0 -1
    outer loop
      vertex -29.9239 12.3827 0
      vertex -36 18 0
      vertex -29.866 12.5 0
    endloop
  endfacet
  facet normal 0 0 -1
    outer loop
      vertex -29.9659 12.2588 0
      vertex -36 18 0
      vertex -29.9239 12.3827 0
    endloop
  endfacet
  facet normal 0 0 -1
    outer loop
      vertex -30 12 0
      vertex -39 15 0
      vertex -29.9914 12.1305 0
    endloop
  endfacet
  facet normal 0 0 -1
    outer loop
      vertex -39 -15 0
      vertex -36 -18 0
      vertex -36.3916 -17.9743 0
    endloop
  endfacet
  facet normal 0 0 -1
    outer loop
      vertex -29.9914 12.1305 0
      vertex -39 15 0
      vertex -29.9659 12.2588 0
    endloop
  endfacet
  facet normal 0 0 -1
    outer loop
      vertex -39 -15 0
      vertex -36.3916 -17.9743 0
      vertex -36.7765 -17.8978 0
    endloop
  endfacet
  facet normal 0 0 -1
    outer loop
      vertex -29.9659 12.2588 0
      vertex -39 15 0
      vertex -36 18 0
    endloop
  endfacet
  facet normal 0 0 -1
    outer loop
      vertex -39 -15 0
      vertex -36.7765 -17.8978 0
      vertex -37.1481 -17.7716 0
    endloop
  endfacet
  facet normal 0 0 -1
    outer loop
      vertex -36 18 0
      vertex -39 15 0
      vertex -36.3916 17.9743 0
    endloop
  endfacet
  facet normal 0 0 -1
    outer loop
      vertex -39 -15 0
      vertex -37.1481 -17.7716 0
      vertex -37.5 -17.5981 0
    endloop
  endfacet
  facet normal 0 0 -1
    outer loop
      vertex -36.3916 17.9743 0
      vertex -39 15 0
      vertex -36.7765 17.8978 0
    endloop
  endfacet
  facet normal 0 0 -1
    outer loop
      vertex -39 -15 0
      vertex -37.5 -17.5981 0
      vertex -37.8263 -17.3801 0
    endloop
  endfacet
  facet normal 0 0 -1
    outer loop
      vertex -36.7765 17.8978 0
      vertex -39 15 0
      vertex -37.1481 17.7716 0
    endloop
  endfacet
  facet normal 0 0 -1
    outer loop
      vertex -39 -15 0
      vertex -37.8263 -17.3801 0
      vertex -38.1213 -17.1213 0
    endloop
  endfacet
  facet normal 0 0 -1
    outer loop
      vertex -37.1481 17.7716 0
      vertex -39 15 0
      vertex -37.5 17.5981 0
    endloop
  endfacet
  facet normal 0 0 -1
    outer loop
      vertex -39 -15 0
      vertex -38.1213 -17.1213 0
      vertex -38.3801 -16.8263 0
    endloop
  endfacet
  facet normal 0 0 -1
    outer loop
      vertex -37.5 17.5981 0
      vertex -39 15 0
      vertex -37.8263 17.3801 0
    endloop
  endfacet
  facet normal 0 0 -1
    outer loop
      vertex -39 -15 0
      vertex -38.3801 -16.8263 0
      vertex -38.5981 -16.5 0
    endloop
  endfacet
  facet normal 0 0 -1
    outer loop
      vertex -37.8263 17.3801 0
      vertex -39 15 0
      vertex -38.1213 17.1213 0
    endloop
  endfacet
  facet normal 0 0 -1
    outer loop
      vertex -39 -15 0
      vertex -38.5981 -16.5 0
      vertex -38.7716 -16.1481 0
    endloop
  endfacet
  facet normal 0 0 -1
    outer loop
      vertex -38.1213 17.1213 0
      vertex -39 15 0
      vertex -38.3801 16.8263 0
    endloop
  endfacet
  facet normal 0 0 -1
    outer loop
      vertex -39 -15 0
      vertex -38.7716 -16.1481 0
      vertex -38.8978 -15.7765 0
    endloop
  endfacet
  facet normal 0 0 -1
    outer loop
      vertex -38.3801 16.8263 0
      vertex -39 15 0
      vertex -38.5981 16.5 0
    endloop
  endfacet
  facet normal 0 0 -1
    outer loop
      vertex -39 -15 0
      vertex -38.8978 -15.7765 0
      vertex -38.9743 -15.3916 0
    endloop
  endfacet
  facet normal 0 0 -1
    outer loop
      vertex -38.5981 16.5 0
      vertex -39 15 0
      vertex -38.7716 16.1481 0
    endloop
  endfacet
  facet normal 0 0 -1
    outer loop
      vertex -38.7716 16.1481 0
      vertex -39 15 0
      vertex -38.8978 15.7765 0
    endloop
  endfacet
  facet normal 0 0 -1
    outer loop
      vertex -38.8978 15.7765 0
      vertex -39 15 0
      vertex -38.9743 15.3916 0
    endloop
  endfacet
  facet normal -0.0653771 0.997861 0
    outer loop
      vertex 35.261 -15.9829 3
      vertex 35 -16 20
      vertex 35.261 -15.9829 20
    endloop
  endfacet
  facet normal -0.0653771 0.997861 0
    outer loop
      vertex 35 -16 20
      vertex 35.261 -15.9829 3
      vertex 35 -16 3
    endloop
  endfacet
  facet normal 0.89686 -0.442314 0
    outer loop
      vertex -36.8478 14.7654 20
      vertex -36.7321 15 3
      vertex -36.7321 15 20
    endloop
  endfacet
  facet normal 0.89686 -0.442314 0
    outer loop
      vertex -36.7321 15 3
      vertex -36.8478 14.7654 20
      vertex -36.8478 14.7654 3
    endloop
  endfacet
  facet normal -0.0653771 -0.997861 0
    outer loop
      vertex 35 16 3
      vertex 35.261 15.9829 20
      vertex 35 16 20
    endloop
  endfacet
  facet normal -0.0653771 -0.997861 -0
    outer loop
      vertex 35.261 15.9829 20
      vertex 35 16 3
      vertex 35.261 15.9829 3
    endloop
  endfacet
  facet normal 0.0653771 0.997861 -0
    outer loop
      vertex -35 -16 3
      vertex -35.261 -15.9829 20
      vertex -35 -16 20
    endloop
  endfacet
  facet normal 0.0653771 0.997861 0
    outer loop
      vertex -35.261 -15.9829 20
      vertex -35 -16 3
      vertex -35.261 -15.9829 3
    endloop
  endfacet
  facet normal 1 0 0
    outer loop
      vertex -37 14 20
      vertex -37 6 15
      vertex -37 14 3
    endloop
  endfacet
  facet normal 1 0 0
    outer loop
      vertex -37 14 20
      vertex -37 -6 15
      vertex -37 6 15
    endloop
  endfacet
  facet normal 1 0 0
    outer loop
      vertex -37 -14 3
      vertex -37 -6 15
      vertex -37 -14 20
    endloop
  endfacet
  facet normal 1 -0 0
    outer loop
      vertex -37 -14 20
      vertex -37 -6 15
      vertex -37 14 20
    endloop
  endfacet
  facet normal 1 -0 0
    outer loop
      vertex -37 6 7
      vertex -37 14 3
      vertex -37 6 15
    endloop
  endfacet
  facet normal 1 -0 0
    outer loop
      vertex -37 -6 7
      vertex -37 14 3
      vertex -37 6 7
    endloop
  endfacet
  facet normal 1 0 0
    outer loop
      vertex -37 -6 7
      vertex -37 -14 3
      vertex -37 14 3
    endloop
  endfacet
  facet normal 1 0 0
    outer loop
      vertex -37 -6 15
      vertex -37 -14 3
      vertex -37 -6 7
    endloop
  endfacet
  facet normal -0.555758 0.831344 0
    outer loop
      vertex 36.2175 -15.5867 3
      vertex 36 -15.7321 20
      vertex 36.2175 -15.5867 20
    endloop
  endfacet
  facet normal -0.555758 0.831344 0
    outer loop
      vertex 36 -15.7321 20
      vertex 36.2175 -15.5867 3
      vertex 36 -15.7321 3
    endloop
  endfacet
  facet normal 0 -1 0
    outer loop
      vertex -35 16 3
      vertex 35 16 20
      vertex -35 16 20
    endloop
  endfacet
  facet normal 0 -1 -0
    outer loop
      vertex 35 16 20
      vertex -35 16 3
      vertex 35 16 3
    endloop
  endfacet
  facet normal 0.321382 0.94695 -0
    outer loop
      vertex -35.5176 -15.9319 3
      vertex -35.7654 -15.8478 20
      vertex -35.5176 -15.9319 20
    endloop
  endfacet
  facet normal 0.321382 0.94695 0
    outer loop
      vertex -35.7654 -15.8478 20
      vertex -35.5176 -15.9319 3
      vertex -35.7654 -15.8478 3
    endloop
  endfacet
  facet normal 0.555758 -0.831344 0
    outer loop
      vertex -36.2175 15.5867 3
      vertex -36 15.7321 20
      vertex -36.2175 15.5867 20
    endloop
  endfacet
  facet normal 0.555758 -0.831344 0
    outer loop
      vertex -36 15.7321 20
      vertex -36.2175 15.5867 3
      vertex -36 15.7321 3
    endloop
  endfacet
  facet normal 0.19494 -0.980815 0
    outer loop
      vertex -35.5176 15.9319 3
      vertex -35.261 15.9829 20
      vertex -35.5176 15.9319 20
    endloop
  endfacet
  facet normal 0.19494 -0.980815 0
    outer loop
      vertex -35.261 15.9829 20
      vertex -35.5176 15.9319 3
      vertex -35.261 15.9829 3
    endloop
  endfacet
  facet normal 0 1 -0
    outer loop
      vertex 35 -16 3
      vertex -35 -16 20
      vertex 35 -16 20
    endloop
  endfacet
  facet normal 0 1 0
    outer loop
      vertex -35 -16 20
      vertex 35 -16 3
      vertex -35 -16 3
    endloop
  endfacet
  facet normal -0.997861 0.0653771 0
    outer loop
      vertex 36.9829 -14.261 3
      vertex 37 -14 20
      vertex 37 -14 3
    endloop
  endfacet
  facet normal -0.997861 0.0653771 0
    outer loop
      vertex 37 -14 20
      vertex 36.9829 -14.261 3
      vertex 36.9829 -14.261 20
    endloop
  endfacet
  facet normal 0.89686 0.442314 0
    outer loop
      vertex -36.7321 -15 20
      vertex -36.8478 -14.7654 3
      vertex -36.8478 -14.7654 20
    endloop
  endfacet
  facet normal 0.89686 0.442314 0
    outer loop
      vertex -36.8478 -14.7654 3
      vertex -36.7321 -15 20
      vertex -36.7321 -15 3
    endloop
  endfacet
  facet normal -1 0 0
    outer loop
      vertex 37 -14 3
      vertex 37 14 20
      vertex 37 14 3
    endloop
  endfacet
  facet normal -1 -0 0
    outer loop
      vertex 37 14 20
      vertex 37 -14 3
      vertex 37 -14 20
    endloop
  endfacet
  facet normal 0.659343 0.751842 -0
    outer loop
      vertex -36.2175 -15.5867 3
      vertex -36.4142 -15.4142 20
      vertex -36.2175 -15.5867 20
    endloop
  endfacet
  facet normal 0.659343 0.751842 0
    outer loop
      vertex -36.4142 -15.4142 20
      vertex -36.2175 -15.5867 3
      vertex -36.4142 -15.4142 3
    endloop
  endfacet
  facet normal 0.997861 -0.0653771 0
    outer loop
      vertex -37 14 20
      vertex -36.9829 14.261 3
      vertex -36.9829 14.261 20
    endloop
  endfacet
  facet normal 0.997861 -0.0653771 0
    outer loop
      vertex -36.9829 14.261 3
      vertex -37 14 20
      vertex -37 14 3
    endloop
  endfacet
  facet normal 0.19494 0.980815 -0
    outer loop
      vertex -35.261 -15.9829 3
      vertex -35.5176 -15.9319 20
      vertex -35.261 -15.9829 20
    endloop
  endfacet
  facet normal 0.19494 0.980815 0
    outer loop
      vertex -35.5176 -15.9319 20
      vertex -35.261 -15.9829 3
      vertex -35.5176 -15.9319 3
    endloop
  endfacet
  facet normal -0.94695 -0.321382 0
    outer loop
      vertex 36.9319 14.5176 3
      vertex 36.8478 14.7654 20
      vertex 36.8478 14.7654 3
    endloop
  endfacet
  facet normal -0.94695 -0.321382 0
    outer loop
      vertex 36.8478 14.7654 20
      vertex 36.9319 14.5176 3
      vertex 36.9319 14.5176 20
    endloop
  endfacet
  facet normal 0.442314 0.89686 -0
    outer loop
      vertex -35.7654 -15.8478 3
      vertex -36 -15.7321 20
      vertex -35.7654 -15.8478 20
    endloop
  endfacet
  facet normal 0.442314 0.89686 0
    outer loop
      vertex -36 -15.7321 20
      vertex -35.7654 -15.8478 3
      vertex -36 -15.7321 3
    endloop
  endfacet
  facet normal 0.0653771 -0.997861 0
    outer loop
      vertex -35.261 15.9829 3
      vertex -35 16 20
      vertex -35.261 15.9829 20
    endloop
  endfacet
  facet normal 0.0653771 -0.997861 0
    outer loop
      vertex -35 16 20
      vertex -35.261 15.9829 3
      vertex -35 16 3
    endloop
  endfacet
  facet normal -0.980815 -0.19494 0
    outer loop
      vertex 36.9829 14.261 3
      vertex 36.9319 14.5176 20
      vertex 36.9319 14.5176 3
    endloop
  endfacet
  facet normal -0.980815 -0.19494 0
    outer loop
      vertex 36.9319 14.5176 20
      vertex 36.9829 14.261 3
      vertex 36.9829 14.261 20
    endloop
  endfacet
  facet normal -0.19494 -0.980815 0
    outer loop
      vertex 35.261 15.9829 3
      vertex 35.5176 15.9319 20
      vertex 35.261 15.9829 20
    endloop
  endfacet
  facet normal -0.19494 -0.980815 -0
    outer loop
      vertex 35.5176 15.9319 20
      vertex 35.261 15.9829 3
      vertex 35.5176 15.9319 3
    endloop
  endfacet
  facet normal -0.980815 0.19494 0
    outer loop
      vertex 36.9319 -14.5176 3
      vertex 36.9829 -14.261 20
      vertex 36.9829 -14.261 3
    endloop
  endfacet
  facet normal -0.980815 0.19494 0
    outer loop
      vertex 36.9829 -14.261 20
      vertex 36.9319 -14.5176 3
      vertex 36.9319 -14.5176 20
    endloop
  endfacet
  facet normal 0.659343 -0.751842 0
    outer loop
      vertex -36.4142 15.4142 3
      vertex -36.2175 15.5867 20
      vertex -36.4142 15.4142 20
    endloop
  endfacet
  facet normal 0.659343 -0.751842 0
    outer loop
      vertex -36.2175 15.5867 20
      vertex -36.4142 15.4142 3
      vertex -36.2175 15.5867 3
    endloop
  endfacet
  facet normal -0.321382 -0.94695 0
    outer loop
      vertex 35.5176 15.9319 3
      vertex 35.7654 15.8478 20
      vertex 35.5176 15.9319 20
    endloop
  endfacet
  facet normal -0.321382 -0.94695 -0
    outer loop
      vertex 35.7654 15.8478 20
      vertex 35.5176 15.9319 3
      vertex 35.7654 15.8478 3
    endloop
  endfacet
  facet normal -0.831344 -0.555758 0
    outer loop
      vertex 36.7321 15 3
      vertex 36.5867 15.2175 20
      vertex 36.5867 15.2175 3
    endloop
  endfacet
  facet normal -0.831344 -0.555758 0
    outer loop
      vertex 36.5867 15.2175 20
      vertex 36.7321 15 3
      vertex 36.7321 15 20
    endloop
  endfacet
  facet normal 0.980815 0.19494 0
    outer loop
      vertex -36.9319 -14.5176 20
      vertex -36.9829 -14.261 3
      vertex -36.9829 -14.261 20
    endloop
  endfacet
  facet normal 0.980815 0.19494 0
    outer loop
      vertex -36.9829 -14.261 3
      vertex -36.9319 -14.5176 20
      vertex -36.9319 -14.5176 3
    endloop
  endfacet
  facet normal 0.94695 -0.321382 0
    outer loop
      vertex -36.9319 14.5176 20
      vertex -36.8478 14.7654 3
      vertex -36.8478 14.7654 20
    endloop
  endfacet
  facet normal 0.94695 -0.321382 0
    outer loop
      vertex -36.8478 14.7654 3
      vertex -36.9319 14.5176 20
      vertex -36.9319 14.5176 3
    endloop
  endfacet
  facet normal 0.442314 -0.89686 0
    outer loop
      vertex -36 15.7321 3
      vertex -35.7654 15.8478 20
      vertex -36 15.7321 20
    endloop
  endfacet
  facet normal 0.442314 -0.89686 0
    outer loop
      vertex -35.7654 15.8478 20
      vertex -36 15.7321 3
      vertex -35.7654 15.8478 3
    endloop
  endfacet
  facet normal 0.94695 0.321382 0
    outer loop
      vertex -36.8478 -14.7654 20
      vertex -36.9319 -14.5176 3
      vertex -36.9319 -14.5176 20
    endloop
  endfacet
  facet normal 0.94695 0.321382 0
    outer loop
      vertex -36.9319 -14.5176 3
      vertex -36.8478 -14.7654 20
      vertex -36.8478 -14.7654 3
    endloop
  endfacet
  facet normal 0.980815 -0.19494 0
    outer loop
      vertex -36.9829 14.261 20
      vertex -36.9319 14.5176 3
      vertex -36.9319 14.5176 20
    endloop
  endfacet
  facet normal 0.980815 -0.19494 0
    outer loop
      vertex -36.9319 14.5176 3
      vertex -36.9829 14.261 20
      vertex -36.9829 14.261 3
    endloop
  endfacet
  facet normal -0.751842 -0.659343 0
    outer loop
      vertex 36.5867 15.2175 3
      vertex 36.4142 15.4142 20
      vertex 36.4142 15.4142 3
    endloop
  endfacet
  facet normal -0.751842 -0.659343 0
    outer loop
      vertex 36.4142 15.4142 20
      vertex 36.5867 15.2175 3
      vertex 36.5867 15.2175 20
    endloop
  endfacet
  facet normal -0.659343 0.751842 0
    outer loop
      vertex 36.4142 -15.4142 3
      vertex 36.2175 -15.5867 20
      vertex 36.4142 -15.4142 20
    endloop
  endfacet
  facet normal -0.659343 0.751842 0
    outer loop
      vertex 36.2175 -15.5867 20
      vertex 36.4142 -15.4142 3
      vertex 36.2175 -15.5867 3
    endloop
  endfacet
  facet normal 0.997861 0.0653771 0
    outer loop
      vertex -36.9829 -14.261 20
      vertex -37 -14 3
      vertex -37 -14 20
    endloop
  endfacet
  facet normal 0.997861 0.0653771 0
    outer loop
      vertex -37 -14 3
      vertex -36.9829 -14.261 20
      vertex -36.9829 -14.261 3
    endloop
  endfacet
  facet normal -0.321382 0.94695 0
    outer loop
      vertex 35.7654 -15.8478 3
      vertex 35.5176 -15.9319 20
      vertex 35.7654 -15.8478 20
    endloop
  endfacet
  facet normal -0.321382 0.94695 0
    outer loop
      vertex 35.5176 -15.9319 20
      vertex 35.7654 -15.8478 3
      vertex 35.5176 -15.9319 3
    endloop
  endfacet
  facet normal 0.321382 -0.94695 0
    outer loop
      vertex -35.7654 15.8478 3
      vertex -35.5176 15.9319 20
      vertex -35.7654 15.8478 20
    endloop
  endfacet
  facet normal 0.321382 -0.94695 0
    outer loop
      vertex -35.5176 15.9319 20
      vertex -35.7654 15.8478 3
      vertex -35.5176 15.9319 3
    endloop
  endfacet
  facet normal -0.997861 -0.0653771 0
    outer loop
      vertex 37 14 3
      vertex 36.9829 14.261 20
      vertex 36.9829 14.261 3
    endloop
  endfacet
  facet normal -0.997861 -0.0653771 0
    outer loop
      vertex 36.9829 14.261 20
      vertex 37 14 3
      vertex 37 14 20
    endloop
  endfacet
  facet normal -0.89686 0.442314 0
    outer loop
      vertex 36.7321 -15 3
      vertex 36.8478 -14.7654 20
      vertex 36.8478 -14.7654 3
    endloop
  endfacet
  facet normal -0.89686 0.442314 0
    outer loop
      vertex 36.8478 -14.7654 20
      vertex 36.7321 -15 3
      vertex 36.7321 -15 20
    endloop
  endfacet
  facet normal 0.831344 -0.555758 0
    outer loop
      vertex -36.7321 15 20
      vertex -36.5867 15.2175 3
      vertex -36.5867 15.2175 20
    endloop
  endfacet
  facet normal 0.831344 -0.555758 0
    outer loop
      vertex -36.5867 15.2175 3
      vertex -36.7321 15 20
      vertex -36.7321 15 3
    endloop
  endfacet
  facet normal 0.555758 0.831344 -0
    outer loop
      vertex -36 -15.7321 3
      vertex -36.2175 -15.5867 20
      vertex -36 -15.7321 20
    endloop
  endfacet
  facet normal 0.555758 0.831344 0
    outer loop
      vertex -36.2175 -15.5867 20
      vertex -36 -15.7321 3
      vertex -36.2175 -15.5867 3
    endloop
  endfacet
  facet normal -0.442314 0.89686 0
    outer loop
      vertex 36 -15.7321 3
      vertex 35.7654 -15.8478 20
      vertex 36 -15.7321 20
    endloop
  endfacet
  facet normal -0.442314 0.89686 0
    outer loop
      vertex 35.7654 -15.8478 20
      vertex 36 -15.7321 3
      vertex 35.7654 -15.8478 3
    endloop
  endfacet
  facet normal -0.19494 0.980815 0
    outer loop
      vertex 35.5176 -15.9319 3
      vertex 35.261 -15.9829 20
      vertex 35.5176 -15.9319 20
    endloop
  endfacet
  facet normal -0.19494 0.980815 0
    outer loop
      vertex 35.261 -15.9829 20
      vertex 35.5176 -15.9319 3
      vertex 35.261 -15.9829 3
    endloop
  endfacet
  facet normal -0.89686 -0.442314 0
    outer loop
      vertex 36.8478 14.7654 3
      vertex 36.7321 15 20
      vertex 36.7321 15 3
    endloop
  endfacet
  facet normal -0.89686 -0.442314 0
    outer loop
      vertex 36.7321 15 20
      vertex 36.8478 14.7654 3
      vertex 36.8478 14.7654 20
    endloop
  endfacet
  facet normal -0.94695 0.321382 0
    outer loop
      vertex 36.8478 -14.7654 3
      vertex 36.9319 -14.5176 20
      vertex 36.9319 -14.5176 3
    endloop
  endfacet
  facet normal -0.94695 0.321382 0
    outer loop
      vertex 36.9319 -14.5176 20
      vertex 36.8478 -14.7654 3
      vertex 36.8478 -14.7654 20
    endloop
  endfacet
  facet normal 0.831344 0.555758 0
    outer loop
      vertex -36.5867 -15.2175 20
      vertex -36.7321 -15 3
      vertex -36.7321 -15 20
    endloop
  endfacet
  facet normal 0.831344 0.555758 0
    outer loop
      vertex -36.7321 -15 3
      vertex -36.5867 -15.2175 20
      vertex -36.5867 -15.2175 3
    endloop
  endfacet
  facet normal -0.659343 -0.751842 0
    outer loop
      vertex 36.2175 15.5867 3
      vertex 36.4142 15.4142 20
      vertex 36.2175 15.5867 20
    endloop
  endfacet
  facet normal -0.659343 -0.751842 -0
    outer loop
      vertex 36.4142 15.4142 20
      vertex 36.2175 15.5867 3
      vertex 36.4142 15.4142 3
    endloop
  endfacet
  facet normal 0.751842 0.659343 0
    outer loop
      vertex -36.4142 -15.4142 20
      vertex -36.5867 -15.2175 3
      vertex -36.5867 -15.2175 20
    endloop
  endfacet
  facet normal 0.751842 0.659343 0
    outer loop
      vertex -36.5867 -15.2175 3
      vertex -36.4142 -15.4142 20
      vertex -36.4142 -15.4142 3
    endloop
  endfacet
  facet normal 0.751842 -0.659343 0
    outer loop
      vertex -36.5867 15.2175 20
      vertex -36.4142 15.4142 3
      vertex -36.4142 15.4142 20
    endloop
  endfacet
  facet normal 0.751842 -0.659343 0
    outer loop
      vertex -36.4142 15.4142 3
      vertex -36.5867 15.2175 20
      vertex -36.5867 15.2175 3
    endloop
  endfacet
  facet normal -0.831344 0.555758 0
    outer loop
      vertex 36.5867 -15.2175 3
      vertex 36.7321 -15 20
      vertex 36.7321 -15 3
    endloop
  endfacet
  facet normal -0.831344 0.555758 0
    outer loop
      vertex 36.7321 -15 20
      vertex 36.5867 -15.2175 3
      vertex 36.5867 -15.2175 20
    endloop
  endfacet
  facet normal -0.751842 0.659343 0
    outer loop
      vertex 36.4142 -15.4142 3
      vertex 36.5867 -15.2175 20
      vertex 36.5867 -15.2175 3
    endloop
  endfacet
  facet normal -0.751842 0.659343 0
    outer loop
      vertex 36.5867 -15.2175 20
      vertex 36.4142 -15.4142 3
      vertex 36.4142 -15.4142 20
    endloop
  endfacet
  facet normal -0.442314 -0.89686 0
    outer loop
      vertex 35.7654 15.8478 3
      vertex 36 15.7321 20
      vertex 35.7654 15.8478 20
    endloop
  endfacet
  facet normal -0.442314 -0.89686 -0
    outer loop
      vertex 36 15.7321 20
      vertex 35.7654 15.8478 3
      vertex 36 15.7321 3
    endloop
  endfacet
  facet normal 0 0 1
    outer loop
      vertex -30.8903 11.2433 3
      vertex -30 12 3
      vertex -30.7852 11.553 3
    endloop
  endfacet
  facet normal 0 0 1
    outer loop
      vertex -30 -12 3
      vertex -30.7214 -11.8737 3
      vertex -30.7 -12.2 3
    endloop
  endfacet
  facet normal 0 0 1
    outer loop
      vertex -31.0349 10.95 3
      vertex -30 12 3
      vertex -30.8903 11.2433 3
    endloop
  endfacet
  facet normal 0 0 1
    outer loop
      vertex -30 -12 3
      vertex -30.7852 -11.553 3
      vertex -30.7214 -11.8737 3
    endloop
  endfacet
  facet normal 0 0 1
    outer loop
      vertex -31.2166 10.6781 3
      vertex -30 12 3
      vertex -31.0349 10.95 3
    endloop
  endfacet
  facet normal 0 0 1
    outer loop
      vertex -30 -12 3
      vertex -30.8903 -11.2433 3
      vertex -30.7852 -11.553 3
    endloop
  endfacet
  facet normal 0 0 1
    outer loop
      vertex -30 12 3
      vertex -31.2166 10.6781 3
      vertex -30 -12 3
    endloop
  endfacet
  facet normal 0 0 1
    outer loop
      vertex -30 -12 3
      vertex -31.0349 -10.95 3
      vertex -30.8903 -11.2433 3
    endloop
  endfacet
  facet normal -0 0 1
    outer loop
      vertex -31.2166 -10.6781 3
      vertex -30 -12 3
      vertex -31.2166 10.6781 3
    endloop
  endfacet
  facet normal 0 0 1
    outer loop
      vertex -30 -12 3
      vertex -31.2166 -10.6781 3
      vertex -31.0349 -10.95 3
    endloop
  endfacet
  facet normal -0 0 1
    outer loop
      vertex -31.4322 10.4322 3
      vertex -31.2166 -10.6781 3
      vertex -31.2166 10.6781 3
    endloop
  endfacet
  facet normal 0 0 1
    outer loop
      vertex -31.4322 10.4322 3
      vertex -31.4322 -10.4322 3
      vertex -31.2166 -10.6781 3
    endloop
  endfacet
  facet normal -0 0 1
    outer loop
      vertex -31.6781 10.2166 3
      vertex -31.4322 -10.4322 3
      vertex -31.4322 10.4322 3
    endloop
  endfacet
  facet normal 0 0 1
    outer loop
      vertex -31.6781 10.2166 3
      vertex -31.6781 -10.2166 3
      vertex -31.4322 -10.4322 3
    endloop
  endfacet
  facet normal -0 0 1
    outer loop
      vertex -31.95 10.0349 3
      vertex -31.6781 -10.2166 3
      vertex -31.6781 10.2166 3
    endloop
  endfacet
  facet normal 0 0 1
    outer loop
      vertex -31.95 10.0349 3
      vertex -31.95 -10.0349 3
      vertex -31.6781 -10.2166 3
    endloop
  endfacet
  facet normal -0 0 1
    outer loop
      vertex -32.2433 9.8903 3
      vertex -31.95 -10.0349 3
      vertex -31.95 10.0349 3
    endloop
  endfacet
  facet normal 0 0 1
    outer loop
      vertex -32.2433 9.8903 3
      vertex -32.2433 -9.8903 3
      vertex -31.95 -10.0349 3
    endloop
  endfacet
  facet normal -0 0 1
    outer loop
      vertex -32.553 9.78518 3
      vertex -32.2433 -9.8903 3
      vertex -32.2433 9.8903 3
    endloop
  endfacet
  facet normal 0 0 1
    outer loop
      vertex -32.553 9.78518 3
      vertex -32.553 -9.78518 3
      vertex -32.2433 -9.8903 3
    endloop
  endfacet
  facet normal -0 0 1
    outer loop
      vertex -32.8737 9.72139 3
      vertex -32.553 -9.78518 3
      vertex -32.553 9.78518 3
    endloop
  endfacet
  facet normal 0 0 1
    outer loop
      vertex -32.8737 9.72139 3
      vertex -32.8737 -9.72139 3
      vertex -32.553 -9.78518 3
    endloop
  endfacet
  facet normal -0 0 1
    outer loop
      vertex -33.2 9.7 3
      vertex -32.8737 -9.72139 3
      vertex -32.8737 9.72139 3
    endloop
  endfacet
  facet normal 0 0 1
    outer loop
      vertex -33.2 9.7 3
      vertex -33.2 -9.7 3
      vertex -32.8737 -9.72139 3
    endloop
  endfacet
  facet normal 0 0 1
    outer loop
      vertex -33.5263 9.72139 3
      vertex -33.2 -9.7 3
      vertex -33.2 9.7 3
    endloop
  endfacet
  facet normal 0 0 1
    outer loop
      vertex -33.5263 9.72139 3
      vertex -33.5263 -9.72139 3
      vertex -33.2 -9.7 3
    endloop
  endfacet
  facet normal 0 0 1
    outer loop
      vertex -33.847 9.78518 3
      vertex -33.5263 -9.72139 3
      vertex -33.5263 9.72139 3
    endloop
  endfacet
  facet normal 0 0 1
    outer loop
      vertex -33.847 9.78518 3
      vertex -33.847 -9.78518 3
      vertex -33.5263 -9.72139 3
    endloop
  endfacet
  facet normal 0 0 1
    outer loop
      vertex -34.1567 9.8903 3
      vertex -33.847 -9.78518 3
      vertex -33.847 9.78518 3
    endloop
  endfacet
  facet normal 0 0 1
    outer loop
      vertex -34.1567 9.8903 3
      vertex -34.1567 -9.8903 3
      vertex -33.847 -9.78518 3
    endloop
  endfacet
  facet normal 0 0 1
    outer loop
      vertex -34.45 10.0349 3
      vertex -34.1567 -9.8903 3
      vertex -34.1567 9.8903 3
    endloop
  endfacet
  facet normal 0 0 1
    outer loop
      vertex -34.45 10.0349 3
      vertex -34.45 -10.0349 3
      vertex -34.1567 -9.8903 3
    endloop
  endfacet
  facet normal 0 0 1
    outer loop
      vertex -34.7219 10.2166 3
      vertex -34.45 -10.0349 3
      vertex -34.45 10.0349 3
    endloop
  endfacet
  facet normal 0 0 1
    outer loop
      vertex -34.7219 10.2166 3
      vertex -34.7219 -10.2166 3
      vertex -34.45 -10.0349 3
    endloop
  endfacet
  facet normal 0 0 1
    outer loop
      vertex -34.9678 10.4322 3
      vertex -34.7219 -10.2166 3
      vertex -34.7219 10.2166 3
    endloop
  endfacet
  facet normal 0 0 1
    outer loop
      vertex -34.9678 10.4322 3
      vertex -34.9678 -10.4322 3
      vertex -34.7219 -10.2166 3
    endloop
  endfacet
  facet normal 0 0 1
    outer loop
      vertex -35.1834 10.6781 3
      vertex -34.9678 -10.4322 3
      vertex -34.9678 10.4322 3
    endloop
  endfacet
  facet normal 0 0 1
    outer loop
      vertex -35.1834 10.6781 3
      vertex -35.1834 -10.6781 3
      vertex -34.9678 -10.4322 3
    endloop
  endfacet
  facet normal 0 0 1
    outer loop
      vertex -35.3651 10.95 3
      vertex -35.1834 -10.6781 3
      vertex -35.1834 10.6781 3
    endloop
  endfacet
  facet normal 0 0 1
    outer loop
      vertex -35.3651 10.95 3
      vertex -35.3651 -10.95 3
      vertex -35.1834 -10.6781 3
    endloop
  endfacet
  facet normal 0 0 1
    outer loop
      vertex -35.5097 11.2433 3
      vertex -35.3651 -10.95 3
      vertex -35.3651 10.95 3
    endloop
  endfacet
  facet normal 0 0 1
    outer loop
      vertex -35.5097 11.2433 3
      vertex -35.5097 -11.2433 3
      vertex -35.3651 -10.95 3
    endloop
  endfacet
  facet normal 0 0 1
    outer loop
      vertex -37 14 3
      vertex -35.5097 11.2433 3
      vertex -35.6148 11.553 3
    endloop
  endfacet
  facet normal 0 0 1
    outer loop
      vertex -35.5097 11.2433 3
      vertex -37 14 3
      vertex -35.5097 -11.2433 3
    endloop
  endfacet
  facet normal 0 0 1
    outer loop
      vertex -37 14 3
      vertex -35.6148 11.553 3
      vertex -35.6786 11.8737 3
    endloop
  endfacet
  facet normal 0 0 1
    outer loop
      vertex -37 -14 3
      vertex -35.5097 -11.2433 3
      vertex -37 14 3
    endloop
  endfacet
  facet normal 0 0 1
    outer loop
      vertex -37 14 3
      vertex -35.6786 11.8737 3
      vertex -35.7 12.2 3
    endloop
  endfacet
  facet normal 0 0 1
    outer loop
      vertex -35.5097 -11.2433 3
      vertex -37 -14 3
      vertex -35.6148 -11.553 3
    endloop
  endfacet
  facet normal 0 0 1
    outer loop
      vertex 35.5097 11.2433 3
      vertex 37 14 3
      vertex 35.6148 11.553 3
    endloop
  endfacet
  facet normal 0 0 1
    outer loop
      vertex 37 -14 3
      vertex 35.6786 -11.8737 3
      vertex 35.7 -12.2 3
    endloop
  endfacet
  facet normal 0 0 1
    outer loop
      vertex 37 14 3
      vertex 35.5097 11.2433 3
      vertex 37 -14 3
    endloop
  endfacet
  facet normal 0 0 1
    outer loop
      vertex 37 -14 3
      vertex 35.6148 -11.553 3
      vertex 35.6786 -11.8737 3
    endloop
  endfacet
  facet normal -0 0 1
    outer loop
      vertex 35.5097 -11.2433 3
      vertex 37 -14 3
      vertex 35.5097 11.2433 3
    endloop
  endfacet
  facet normal 0 0 1
    outer loop
      vertex 37 -14 3
      vertex 35.5097 -11.2433 3
      vertex 35.6148 -11.553 3
    endloop
  endfacet
  facet normal -0 0 1
    outer loop
      vertex 35.3651 10.95 3
      vertex 35.5097 -11.2433 3
      vertex 35.5097 11.2433 3
    endloop
  endfacet
  facet normal 0 0 1
    outer loop
      vertex 35.3651 10.95 3
      vertex 35.3651 -10.95 3
      vertex 35.5097 -11.2433 3
    endloop
  endfacet
  facet normal -0 0 1
    outer loop
      vertex 35.1834 10.6781 3
      vertex 35.3651 -10.95 3
      vertex 35.3651 10.95 3
    endloop
  endfacet
  facet normal 0 0 1
    outer loop
      vertex 35.1834 10.6781 3
      vertex 35.1834 -10.6781 3
      vertex 35.3651 -10.95 3
    endloop
  endfacet
  facet normal -0 0 1
    outer loop
      vertex 34.9678 10.4322 3
      vertex 35.1834 -10.6781 3
      vertex 35.1834 10.6781 3
    endloop
  endfacet
  facet normal 0 0 1
    outer loop
      vertex 34.9678 10.4322 3
      vertex 34.9678 -10.4322 3
      vertex 35.1834 -10.6781 3
    endloop
  endfacet
  facet normal -0 0 1
    outer loop
      vertex 34.7219 10.2166 3
      vertex 34.9678 -10.4322 3
      vertex 34.9678 10.4322 3
    endloop
  endfacet
  facet normal 0 0 1
    outer loop
      vertex 34.7219 10.2166 3
      vertex 34.7219 -10.2166 3
      vertex 34.9678 -10.4322 3
    endloop
  endfacet
  facet normal -0 0 1
    outer loop
      vertex 34.45 10.0349 3
      vertex 34.7219 -10.2166 3
      vertex 34.7219 10.2166 3
    endloop
  endfacet
  facet normal 0 0 1
    outer loop
      vertex 34.45 10.0349 3
      vertex 34.45 -10.0349 3
      vertex 34.7219 -10.2166 3
    endloop
  endfacet
  facet normal -0 0 1
    outer loop
      vertex 34.1567 9.8903 3
      vertex 34.45 -10.0349 3
      vertex 34.45 10.0349 3
    endloop
  endfacet
  facet normal 0 0 1
    outer loop
      vertex 34.1567 9.8903 3
      vertex 34.1567 -9.8903 3
      vertex 34.45 -10.0349 3
    endloop
  endfacet
  facet normal -0 0 1
    outer loop
      vertex 33.847 9.78518 3
      vertex 34.1567 -9.8903 3
      vertex 34.1567 9.8903 3
    endloop
  endfacet
  facet normal 0 0 1
    outer loop
      vertex 33.847 9.78518 3
      vertex 33.847 -9.78518 3
      vertex 34.1567 -9.8903 3
    endloop
  endfacet
  facet normal -0 0 1
    outer loop
      vertex 33.5263 9.72139 3
      vertex 33.847 -9.78518 3
      vertex 33.847 9.78518 3
    endloop
  endfacet
  facet normal 0 0 1
    outer loop
      vertex 33.5263 9.72139 3
      vertex 33.5263 -9.72139 3
      vertex 33.847 -9.78518 3
    endloop
  endfacet
  facet normal -0 0 1
    outer loop
      vertex 33.2 9.7 3
      vertex 33.5263 -9.72139 3
      vertex 33.5263 9.72139 3
    endloop
  endfacet
  facet normal 0 0 1
    outer loop
      vertex 33.2 9.7 3
      vertex 33.2 -9.7 3
      vertex 33.5263 -9.72139 3
    endloop
  endfacet
  facet normal 0 0 1
    outer loop
      vertex 32.8737 9.72139 3
      vertex 33.2 -9.7 3
      vertex 33.2 9.7 3
    endloop
  endfacet
  facet normal 0 0 1
    outer loop
      vertex 32.8737 9.72139 3
      vertex 32.8737 -9.72139 3
      vertex 33.2 -9.7 3
    endloop
  endfacet
  facet normal 0 0 1
    outer loop
      vertex 32.553 9.78518 3
      vertex 32.8737 -9.72139 3
      vertex 32.8737 9.72139 3
    endloop
  endfacet
  facet normal 0 0 1
    outer loop
      vertex 32.553 9.78518 3
      vertex 32.553 -9.78518 3
      vertex 32.8737 -9.72139 3
    endloop
  endfacet
  facet normal 0 0 1
    outer loop
      vertex 32.2433 9.8903 3
      vertex 32.553 -9.78518 3
      vertex 32.553 9.78518 3
    endloop
  endfacet
  facet normal 0 0 1
    outer loop
      vertex 32.2433 9.8903 3
      vertex 32.2433 -9.8903 3
      vertex 32.553 -9.78518 3
    endloop
  endfacet
  facet normal 0 0 1
    outer loop
      vertex 31.95 10.0349 3
      vertex 32.2433 -9.8903 3
      vertex 32.2433 9.8903 3
    endloop
  endfacet
  facet normal 0 0 1
    outer loop
      vertex 31.95 10.0349 3
      vertex 31.95 -10.0349 3
      vertex 32.2433 -9.8903 3
    endloop
  endfacet
  facet normal 0 0 1
    outer loop
      vertex 31.6781 10.2166 3
      vertex 31.95 -10.0349 3
      vertex 31.95 10.0349 3
    endloop
  endfacet
  facet normal 0 0 1
    outer loop
      vertex 31.6781 10.2166 3
      vertex 31.6781 -10.2166 3
      vertex 31.95 -10.0349 3
    endloop
  endfacet
  facet normal 0 0 1
    outer loop
      vertex 31.4322 10.4322 3
      vertex 31.6781 -10.2166 3
      vertex 31.6781 10.2166 3
    endloop
  endfacet
  facet normal 0 0 1
    outer loop
      vertex 31.4322 10.4322 3
      vertex 31.4322 -10.4322 3
      vertex 31.6781 -10.2166 3
    endloop
  endfacet
  facet normal 0 0 1
    outer loop
      vertex 31.2166 10.6781 3
      vertex 31.4322 -10.4322 3
      vertex 31.4322 10.4322 3
    endloop
  endfacet
  facet normal 0 0 1
    outer loop
      vertex 31.2166 10.6781 3
      vertex 31.2166 -10.6781 3
      vertex 31.4322 -10.4322 3
    endloop
  endfacet
  facet normal 0 0 1
    outer loop
      vertex 30 12 3
      vertex 31.2166 10.6781 3
      vertex 31.0349 10.95 3
    endloop
  endfacet
  facet normal 0 0 1
    outer loop
      vertex 31.2166 10.6781 3
      vertex 30 12 3
      vertex 31.2166 -10.6781 3
    endloop
  endfacet
  facet normal 0 0 1
    outer loop
      vertex 30 12 3
      vertex 31.0349 10.95 3
      vertex 30.8903 11.2433 3
    endloop
  endfacet
  facet normal 0 0 1
    outer loop
      vertex 30 -12 3
      vertex 31.2166 -10.6781 3
      vertex 30 12 3
    endloop
  endfacet
  facet normal 0 0 1
    outer loop
      vertex 30 12 3
      vertex 30.8903 11.2433 3
      vertex 30.7852 11.553 3
    endloop
  endfacet
  facet normal 0 0 1
    outer loop
      vertex 31.2166 -10.6781 3
      vertex 30 -12 3
      vertex 31.0349 -10.95 3
    endloop
  endfacet
  facet normal 0 0 1
    outer loop
      vertex 30 12 3
      vertex 30.7852 11.553 3
      vertex 30.7214 11.8737 3
    endloop
  endfacet
  facet normal 0 0 1
    outer loop
      vertex 31.0349 -10.95 3
      vertex 30 -12 3
      vertex 30.8903 -11.2433 3
    endloop
  endfacet
  facet normal -0 0 1
    outer loop
      vertex 30 12 3
      vertex 30.7214 11.8737 3
      vertex 30.7 12.2 3
    endloop
  endfacet
  facet normal 0 0 1
    outer loop
      vertex 30.8903 -11.2433 3
      vertex 30 -12 3
      vertex 30.7852 -11.553 3
    endloop
  endfacet
  facet normal 0 0 1
    outer loop
      vertex 35.3651 13.45 3
      vertex 37 14 3
      vertex 36.9829 14.261 3
    endloop
  endfacet
  facet normal 0 0 1
    outer loop
      vertex 35.6786 11.8737 3
      vertex 37 14 3
      vertex 35.7 12.2 3
    endloop
  endfacet
  facet normal 0 0 1
    outer loop
      vertex 35.1834 13.7219 3
      vertex 36.9829 14.261 3
      vertex 36.9319 14.5176 3
    endloop
  endfacet
  facet normal 0 0 1
    outer loop
      vertex 35.6148 11.553 3
      vertex 37 14 3
      vertex 35.6786 11.8737 3
    endloop
  endfacet
  facet normal 0 0 1
    outer loop
      vertex 35.1834 13.7219 3
      vertex 36.9319 14.5176 3
      vertex 36.8478 14.7654 3
    endloop
  endfacet
  facet normal -0 0 1
    outer loop
      vertex 35.6786 -12.5263 3
      vertex 37 -14 3
      vertex 35.7 -12.2 3
    endloop
  endfacet
  facet normal 0 0 1
    outer loop
      vertex 35.1834 13.7219 3
      vertex 36.8478 14.7654 3
      vertex 36.7321 15 3
    endloop
  endfacet
  facet normal -0 0 1
    outer loop
      vertex 35.6148 -12.847 3
      vertex 37 -14 3
      vertex 35.6786 -12.5263 3
    endloop
  endfacet
  facet normal 0 0 1
    outer loop
      vertex 34.9678 13.9678 3
      vertex 36.7321 15 3
      vertex 36.5867 15.2175 3
    endloop
  endfacet
  facet normal -0 0 1
    outer loop
      vertex 35.5097 -13.1567 3
      vertex 37 -14 3
      vertex 35.6148 -12.847 3
    endloop
  endfacet
  facet normal 0 0 1
    outer loop
      vertex 34.9678 13.9678 3
      vertex 36.5867 15.2175 3
      vertex 36.4142 15.4142 3
    endloop
  endfacet
  facet normal -0 0 1
    outer loop
      vertex 35.3651 -13.45 3
      vertex 37 -14 3
      vertex 35.5097 -13.1567 3
    endloop
  endfacet
  facet normal 0 0 1
    outer loop
      vertex 34.9678 13.9678 3
      vertex 36.4142 15.4142 3
      vertex 36.2175 15.5867 3
    endloop
  endfacet
  facet normal 0 0 1
    outer loop
      vertex 37 -14 3
      vertex 35.3651 -13.45 3
      vertex 36.9829 -14.261 3
    endloop
  endfacet
  facet normal 0 0 1
    outer loop
      vertex 34.9678 13.9678 3
      vertex 36.2175 15.5867 3
      vertex 36 15.7321 3
    endloop
  endfacet
  facet normal -0 0 1
    outer loop
      vertex 35.1834 -13.7219 3
      vertex 36.9829 -14.261 3
      vertex 35.3651 -13.45 3
    endloop
  endfacet
  facet normal 0 0 1
    outer loop
      vertex 34.7219 14.1834 3
      vertex 36 15.7321 3
      vertex 35.7654 15.8478 3
    endloop
  endfacet
  facet normal 0 0 1
    outer loop
      vertex 36.9829 -14.261 3
      vertex 35.1834 -13.7219 3
      vertex 36.9319 -14.5176 3
    endloop
  endfacet
  facet normal 0 0 1
    outer loop
      vertex 36.9319 -14.5176 3
      vertex 35.1834 -13.7219 3
      vertex 36.8478 -14.7654 3
    endloop
  endfacet
  facet normal 0 0 1
    outer loop
      vertex 37 14 3
      vertex 35.6786 12.5263 3
      vertex 35.7 12.2 3
    endloop
  endfacet
  facet normal 0 0 1
    outer loop
      vertex 37 14 3
      vertex 35.6148 12.847 3
      vertex 35.6786 12.5263 3
    endloop
  endfacet
  facet normal 0 0 1
    outer loop
      vertex 34.7219 14.1834 3
      vertex 35.7654 15.8478 3
      vertex 35.5176 15.9319 3
    endloop
  endfacet
  facet normal 0 0 1
    outer loop
      vertex 37 14 3
      vertex 35.5097 13.1567 3
      vertex 35.6148 12.847 3
    endloop
  endfacet
  facet normal 0 0 1
    outer loop
      vertex 37 14 3
      vertex 35.3651 13.45 3
      vertex 35.5097 13.1567 3
    endloop
  endfacet
  facet normal 0 0 1
    outer loop
      vertex 34.7219 14.1834 3
      vertex 35.5176 15.9319 3
      vertex 35.261 15.9829 3
    endloop
  endfacet
  facet normal 0 0 1
    outer loop
      vertex 36.9829 14.261 3
      vertex 35.1834 13.7219 3
      vertex 35.3651 13.45 3
    endloop
  endfacet
  facet normal 0 0 1
    outer loop
      vertex 34.45 14.3651 3
      vertex 35.261 15.9829 3
      vertex 35 16 3
    endloop
  endfacet
  facet normal 0 0 1
    outer loop
      vertex 36.7321 15 3
      vertex 34.9678 13.9678 3
      vertex 35.1834 13.7219 3
    endloop
  endfacet
  facet normal 0 0 1
    outer loop
      vertex 36 15.7321 3
      vertex 34.7219 14.1834 3
      vertex 34.9678 13.9678 3
    endloop
  endfacet
  facet normal 0 0 1
    outer loop
      vertex 35.261 15.9829 3
      vertex 34.45 14.3651 3
      vertex 34.7219 14.1834 3
    endloop
  endfacet
  facet normal 0 0 1
    outer loop
      vertex 35 16 3
      vertex 34.1567 14.5097 3
      vertex 34.45 14.3651 3
    endloop
  endfacet
  facet normal 0 0 1
    outer loop
      vertex 35 16 3
      vertex 33.847 14.6148 3
      vertex 34.1567 14.5097 3
    endloop
  endfacet
  facet normal 0 0 1
    outer loop
      vertex 35 16 3
      vertex 33.5263 14.6786 3
      vertex 33.847 14.6148 3
    endloop
  endfacet
  facet normal 0 0 1
    outer loop
      vertex 35 16 3
      vertex 33.2 14.7 3
      vertex 33.5263 14.6786 3
    endloop
  endfacet
  facet normal 0 0 1
    outer loop
      vertex 35 16 3
      vertex 32.8737 14.6786 3
      vertex 33.2 14.7 3
    endloop
  endfacet
  facet normal 0 0 1
    outer loop
      vertex 35 16 3
      vertex 32.553 14.6148 3
      vertex 32.8737 14.6786 3
    endloop
  endfacet
  facet normal 0 0 1
    outer loop
      vertex 35 16 3
      vertex 32.2433 14.5097 3
      vertex 32.553 14.6148 3
    endloop
  endfacet
  facet normal 0 0 1
    outer loop
      vertex 35 16 3
      vertex 31.95 14.3651 3
      vertex 32.2433 14.5097 3
    endloop
  endfacet
  facet normal 0 0 1
    outer loop
      vertex 30.7852 -11.553 3
      vertex 30 -12 3
      vertex 30.7214 -11.8737 3
    endloop
  endfacet
  facet normal -0 0 1
    outer loop
      vertex 29.9659 12.2588 3
      vertex 30.7 12.2 3
      vertex 30.7214 12.5263 3
    endloop
  endfacet
  facet normal 0 0 1
    outer loop
      vertex 29.866 12.5 3
      vertex 30.7214 12.5263 3
      vertex 30.7852 12.847 3
    endloop
  endfacet
  facet normal 0 0 1
    outer loop
      vertex 29.7071 12.7071 3
      vertex 30.7852 12.847 3
      vertex 30.8903 13.1567 3
    endloop
  endfacet
  facet normal 0 0 1
    outer loop
      vertex 29.5 12.866 3
      vertex 30.8903 13.1567 3
      vertex 31.0349 13.45 3
    endloop
  endfacet
  facet normal 0 0 1
    outer loop
      vertex 29.2588 12.9659 3
      vertex 31.0349 13.45 3
      vertex 31.2166 13.7219 3
    endloop
  endfacet
  facet normal 0 0 1
    outer loop
      vertex 30.7 12.2 3
      vertex 29.9914 12.1305 3
      vertex 30 12 3
    endloop
  endfacet
  facet normal 0 0 1
    outer loop
      vertex 30.7 12.2 3
      vertex 29.9659 12.2588 3
      vertex 29.9914 12.1305 3
    endloop
  endfacet
  facet normal 0 0 1
    outer loop
      vertex 30.7214 12.5263 3
      vertex 29.9239 12.3827 3
      vertex 29.9659 12.2588 3
    endloop
  endfacet
  facet normal 0 0 1
    outer loop
      vertex 29.1305 12.9914 3
      vertex 31.2166 13.7219 3
      vertex 31.4322 13.9678 3
    endloop
  endfacet
  facet normal 0 0 1
    outer loop
      vertex 30.7214 12.5263 3
      vertex 29.866 12.5 3
      vertex 29.9239 12.3827 3
    endloop
  endfacet
  facet normal 0 0 1
    outer loop
      vertex 30.7852 12.847 3
      vertex 29.7934 12.6088 3
      vertex 29.866 12.5 3
    endloop
  endfacet
  facet normal 0 0 1
    outer loop
      vertex 29 13 3
      vertex 31.4322 13.9678 3
      vertex 31.6781 14.1834 3
    endloop
  endfacet
  facet normal 0 0 1
    outer loop
      vertex 30.7852 12.847 3
      vertex 29.7071 12.7071 3
      vertex 29.7934 12.6088 3
    endloop
  endfacet
  facet normal 0 0 1
    outer loop
      vertex 30.8903 13.1567 3
      vertex 29.6088 12.7934 3
      vertex 29.7071 12.7071 3
    endloop
  endfacet
  facet normal 0 0 1
    outer loop
      vertex 30.8903 13.1567 3
      vertex 29.5 12.866 3
      vertex 29.6088 12.7934 3
    endloop
  endfacet
  facet normal 0 0 1
    outer loop
      vertex 29 13 3
      vertex 31.6781 14.1834 3
      vertex 31.95 14.3651 3
    endloop
  endfacet
  facet normal 0 0 1
    outer loop
      vertex 31.0349 13.45 3
      vertex 29.3827 12.9239 3
      vertex 29.5 12.866 3
    endloop
  endfacet
  facet normal 0 0 1
    outer loop
      vertex 31.0349 13.45 3
      vertex 29.2588 12.9659 3
      vertex 29.3827 12.9239 3
    endloop
  endfacet
  facet normal 0 0 1
    outer loop
      vertex 29 13 3
      vertex 31.95 14.3651 3
      vertex 35 16 3
    endloop
  endfacet
  facet normal 0 0 1
    outer loop
      vertex 31.2166 13.7219 3
      vertex 29.1305 12.9914 3
      vertex 29.2588 12.9659 3
    endloop
  endfacet
  facet normal 0 0 1
    outer loop
      vertex 31.4322 13.9678 3
      vertex 29 13 3
      vertex 29.1305 12.9914 3
    endloop
  endfacet
  facet normal 0 0 1
    outer loop
      vertex 35 16 3
      vertex -29 13 3
      vertex 29 13 3
    endloop
  endfacet
  facet normal 0 0 1
    outer loop
      vertex -30.7214 11.8737 3
      vertex -30 12 3
      vertex -30.7 12.2 3
    endloop
  endfacet
  facet normal 0 0 1
    outer loop
      vertex -29.9914 12.1305 3
      vertex -30.7 12.2 3
      vertex -30 12 3
    endloop
  endfacet
  facet normal 0 0 1
    outer loop
      vertex -29.9659 12.2588 3
      vertex -30.7 12.2 3
      vertex -29.9914 12.1305 3
    endloop
  endfacet
  facet normal 0 0 1
    outer loop
      vertex -30.7214 12.5263 3
      vertex -29.9659 12.2588 3
      vertex -29.9239 12.3827 3
    endloop
  endfacet
  facet normal 0 0 1
    outer loop
      vertex -30.7214 12.5263 3
      vertex -29.9239 12.3827 3
      vertex -29.866 12.5 3
    endloop
  endfacet
  facet normal 0 0 1
    outer loop
      vertex -30.7852 12.847 3
      vertex -29.866 12.5 3
      vertex -29.7934 12.6088 3
    endloop
  endfacet
  facet normal 0 0 1
    outer loop
      vertex -30.7852 12.847 3
      vertex -29.7934 12.6088 3
      vertex -29.7071 12.7071 3
    endloop
  endfacet
  facet normal 0 0 1
    outer loop
      vertex -30.8903 13.1567 3
      vertex -29.7071 12.7071 3
      vertex -29.6088 12.7934 3
    endloop
  endfacet
  facet normal 0 0 1
    outer loop
      vertex -30.8903 13.1567 3
      vertex -29.6088 12.7934 3
      vertex -29.5 12.866 3
    endloop
  endfacet
  facet normal 0 0 1
    outer loop
      vertex -29.9659 12.2588 3
      vertex -30.7214 12.5263 3
      vertex -30.7 12.2 3
    endloop
  endfacet
  facet normal 0 0 1
    outer loop
      vertex -31.0349 13.45 3
      vertex -29.5 12.866 3
      vertex -29.3827 12.9239 3
    endloop
  endfacet
  facet normal 0 0 1
    outer loop
      vertex -31.0349 13.45 3
      vertex -29.3827 12.9239 3
      vertex -29.2588 12.9659 3
    endloop
  endfacet
  facet normal 0 0 1
    outer loop
      vertex -29.866 12.5 3
      vertex -30.7852 12.847 3
      vertex -30.7214 12.5263 3
    endloop
  endfacet
  facet normal 0 0 1
    outer loop
      vertex -31.2166 13.7219 3
      vertex -29.2588 12.9659 3
      vertex -29.1305 12.9914 3
    endloop
  endfacet
  facet normal 0 0 1
    outer loop
      vertex -29.7071 12.7071 3
      vertex -30.8903 13.1567 3
      vertex -30.7852 12.847 3
    endloop
  endfacet
  facet normal 0 0 1
    outer loop
      vertex -31.4322 13.9678 3
      vertex -29.1305 12.9914 3
      vertex -29 13 3
    endloop
  endfacet
  facet normal -0 0 1
    outer loop
      vertex -35 16 3
      vertex -29 13 3
      vertex 35 16 3
    endloop
  endfacet
  facet normal 0 0 1
    outer loop
      vertex -29.5 12.866 3
      vertex -31.0349 13.45 3
      vertex -30.8903 13.1567 3
    endloop
  endfacet
  facet normal 0 0 1
    outer loop
      vertex -29.2588 12.9659 3
      vertex -31.2166 13.7219 3
      vertex -31.0349 13.45 3
    endloop
  endfacet
  facet normal 0 0 1
    outer loop
      vertex -29.1305 12.9914 3
      vertex -31.4322 13.9678 3
      vertex -31.2166 13.7219 3
    endloop
  endfacet
  facet normal 0 0 1
    outer loop
      vertex -29 13 3
      vertex -31.6781 14.1834 3
      vertex -31.4322 13.9678 3
    endloop
  endfacet
  facet normal 0 0 1
    outer loop
      vertex -29 13 3
      vertex -31.95 14.3651 3
      vertex -31.6781 14.1834 3
    endloop
  endfacet
  facet normal 0 0 1
    outer loop
      vertex -29 13 3
      vertex -35 16 3
      vertex -31.95 14.3651 3
    endloop
  endfacet
  facet normal 0 0 1
    outer loop
      vertex -31.95 14.3651 3
      vertex -35 16 3
      vertex -32.2433 14.5097 3
    endloop
  endfacet
  facet normal 0 0 1
    outer loop
      vertex -32.2433 14.5097 3
      vertex -35 16 3
      vertex -32.553 14.6148 3
    endloop
  endfacet
  facet normal 0 0 1
    outer loop
      vertex -32.553 14.6148 3
      vertex -35 16 3
      vertex -32.8737 14.6786 3
    endloop
  endfacet
  facet normal 0 0 1
    outer loop
      vertex -32.8737 14.6786 3
      vertex -35 16 3
      vertex -33.2 14.7 3
    endloop
  endfacet
  facet normal 0 0 1
    outer loop
      vertex -35 16 3
      vertex -33.5263 14.6786 3
      vertex -33.2 14.7 3
    endloop
  endfacet
  facet normal 0 0 1
    outer loop
      vertex -35 16 3
      vertex -33.847 14.6148 3
      vertex -33.5263 14.6786 3
    endloop
  endfacet
  facet normal 0 0 1
    outer loop
      vertex -35 16 3
      vertex -34.1567 14.5097 3
      vertex -33.847 14.6148 3
    endloop
  endfacet
  facet normal 0 0 1
    outer loop
      vertex -35 16 3
      vertex -34.45 14.3651 3
      vertex -34.1567 14.5097 3
    endloop
  endfacet
  facet normal -0 0 1
    outer loop
      vertex -35.261 15.9829 3
      vertex -34.45 14.3651 3
      vertex -35 16 3
    endloop
  endfacet
  facet normal 0 0 1
    outer loop
      vertex -34.45 14.3651 3
      vertex -35.261 15.9829 3
      vertex -34.7219 14.1834 3
    endloop
  endfacet
  facet normal -0 0 1
    outer loop
      vertex -35.5176 15.9319 3
      vertex -34.7219 14.1834 3
      vertex -35.261 15.9829 3
    endloop
  endfacet
  facet normal -0 0 1
    outer loop
      vertex -35.7654 15.8478 3
      vertex -34.7219 14.1834 3
      vertex -35.5176 15.9319 3
    endloop
  endfacet
  facet normal -0 0 1
    outer loop
      vertex -36 15.7321 3
      vertex -34.7219 14.1834 3
      vertex -35.7654 15.8478 3
    endloop
  endfacet
  facet normal 0 0 1
    outer loop
      vertex -34.7219 14.1834 3
      vertex -36 15.7321 3
      vertex -34.9678 13.9678 3
    endloop
  endfacet
  facet normal -0 0 1
    outer loop
      vertex -36.2175 15.5867 3
      vertex -34.9678 13.9678 3
      vertex -36 15.7321 3
    endloop
  endfacet
  facet normal -0 0 1
    outer loop
      vertex -36.4142 15.4142 3
      vertex -34.9678 13.9678 3
      vertex -36.2175 15.5867 3
    endloop
  endfacet
  facet normal -0 0 1
    outer loop
      vertex -36.5867 15.2175 3
      vertex -34.9678 13.9678 3
      vertex -36.4142 15.4142 3
    endloop
  endfacet
  facet normal -0 0 1
    outer loop
      vertex -36.7321 15 3
      vertex -34.9678 13.9678 3
      vertex -36.5867 15.2175 3
    endloop
  endfacet
  facet normal -0 0 1
    outer loop
      vertex -36.8478 14.7654 3
      vertex -35.1834 13.7219 3
      vertex -36.7321 15 3
    endloop
  endfacet
  facet normal 0 0 1
    outer loop
      vertex -34.9678 13.9678 3
      vertex -36.7321 15 3
      vertex -35.1834 13.7219 3
    endloop
  endfacet
  facet normal 0 0 1
    outer loop
      vertex 36.8478 -14.7654 3
      vertex 35.1834 -13.7219 3
      vertex 36.7321 -15 3
    endloop
  endfacet
  facet normal -0 0 1
    outer loop
      vertex 34.9678 -13.9678 3
      vertex 36.7321 -15 3
      vertex 35.1834 -13.7219 3
    endloop
  endfacet
  facet normal 0 0 1
    outer loop
      vertex 36.7321 -15 3
      vertex 34.9678 -13.9678 3
      vertex 36.5867 -15.2175 3
    endloop
  endfacet
  facet normal 0 0 1
    outer loop
      vertex 36.5867 -15.2175 3
      vertex 34.9678 -13.9678 3
      vertex 36.4142 -15.4142 3
    endloop
  endfacet
  facet normal 0 0 1
    outer loop
      vertex 36.4142 -15.4142 3
      vertex 34.9678 -13.9678 3
      vertex 36.2175 -15.5867 3
    endloop
  endfacet
  facet normal 0 0 1
    outer loop
      vertex 36.2175 -15.5867 3
      vertex 34.9678 -13.9678 3
      vertex 36 -15.7321 3
    endloop
  endfacet
  facet normal -0 0 1
    outer loop
      vertex 34.7219 -14.1834 3
      vertex 36 -15.7321 3
      vertex 34.9678 -13.9678 3
    endloop
  endfacet
  facet normal 0 0 1
    outer loop
      vertex 36 -15.7321 3
      vertex 34.7219 -14.1834 3
      vertex 35.7654 -15.8478 3
    endloop
  endfacet
  facet normal 0 0 1
    outer loop
      vertex 35.7654 -15.8478 3
      vertex 34.7219 -14.1834 3
      vertex 35.5176 -15.9319 3
    endloop
  endfacet
  facet normal 0 0 1
    outer loop
      vertex 35.5176 -15.9319 3
      vertex 34.7219 -14.1834 3
      vertex 35.261 -15.9829 3
    endloop
  endfacet
  facet normal -0 0 1
    outer loop
      vertex 34.45 -14.3651 3
      vertex 35.261 -15.9829 3
      vertex 34.7219 -14.1834 3
    endloop
  endfacet
  facet normal 0 0 1
    outer loop
      vertex 35.261 -15.9829 3
      vertex 34.45 -14.3651 3
      vertex 35 -16 3
    endloop
  endfacet
  facet normal -0 0 1
    outer loop
      vertex 34.1567 -14.5097 3
      vertex 35 -16 3
      vertex 34.45 -14.3651 3
    endloop
  endfacet
  facet normal -0 0 1
    outer loop
      vertex 33.847 -14.6148 3
      vertex 35 -16 3
      vertex 34.1567 -14.5097 3
    endloop
  endfacet
  facet normal -0 0 1
    outer loop
      vertex 33.5263 -14.6786 3
      vertex 35 -16 3
      vertex 33.847 -14.6148 3
    endloop
  endfacet
  facet normal -0 0 1
    outer loop
      vertex 33.2 -14.7 3
      vertex 35 -16 3
      vertex 33.5263 -14.6786 3
    endloop
  endfacet
  facet normal 0 0 1
    outer loop
      vertex 32.8737 -14.6786 3
      vertex 35 -16 3
      vertex 33.2 -14.7 3
    endloop
  endfacet
  facet normal 0 0 1
    outer loop
      vertex 32.553 -14.6148 3
      vertex 35 -16 3
      vertex 32.8737 -14.6786 3
    endloop
  endfacet
  facet normal 0 0 1
    outer loop
      vertex 32.2433 -14.5097 3
      vertex 35 -16 3
      vertex 32.553 -14.6148 3
    endloop
  endfacet
  facet normal 0 0 1
    outer loop
      vertex 31.95 -14.3651 3
      vertex 35 -16 3
      vertex 32.2433 -14.5097 3
    endloop
  endfacet
  facet normal 0 0 1
    outer loop
      vertex 30.7214 -11.8737 3
      vertex 30 -12 3
      vertex 30.7 -12.2 3
    endloop
  endfacet
  facet normal -0 0 1
    outer loop
      vertex 29.9914 -12.1305 3
      vertex 30.7 -12.2 3
      vertex 30 -12 3
    endloop
  endfacet
  facet normal 0 0 1
    outer loop
      vertex 29.9659 -12.2588 3
      vertex 30.7 -12.2 3
      vertex 29.9914 -12.1305 3
    endloop
  endfacet
  facet normal 0 0 1
    outer loop
      vertex 30.7 -12.2 3
      vertex 29.9659 -12.2588 3
      vertex 30.7214 -12.5263 3
    endloop
  endfacet
  facet normal -0 0 1
    outer loop
      vertex 29.9239 -12.3827 3
      vertex 30.7214 -12.5263 3
      vertex 29.9659 -12.2588 3
    endloop
  endfacet
  facet normal -0 0 1
    outer loop
      vertex 29.866 -12.5 3
      vertex 30.7214 -12.5263 3
      vertex 29.9239 -12.3827 3
    endloop
  endfacet
  facet normal 0 0 1
    outer loop
      vertex 30.7214 -12.5263 3
      vertex 29.866 -12.5 3
      vertex 30.7852 -12.847 3
    endloop
  endfacet
  facet normal -0 0 1
    outer loop
      vertex 29.7934 -12.6088 3
      vertex 30.7852 -12.847 3
      vertex 29.866 -12.5 3
    endloop
  endfacet
  facet normal -0 0 1
    outer loop
      vertex 29.7071 -12.7071 3
      vertex 30.7852 -12.847 3
      vertex 29.7934 -12.6088 3
    endloop
  endfacet
  facet normal 0 0 1
    outer loop
      vertex 30.7852 -12.847 3
      vertex 29.7071 -12.7071 3
      vertex 30.8903 -13.1567 3
    endloop
  endfacet
  facet normal -0 0 1
    outer loop
      vertex 29.6088 -12.7934 3
      vertex 30.8903 -13.1567 3
      vertex 29.7071 -12.7071 3
    endloop
  endfacet
  facet normal -0 0 1
    outer loop
      vertex 29.5 -12.866 3
      vertex 30.8903 -13.1567 3
      vertex 29.6088 -12.7934 3
    endloop
  endfacet
  facet normal 0 0 1
    outer loop
      vertex 30.8903 -13.1567 3
      vertex 29.5 -12.866 3
      vertex 31.0349 -13.45 3
    endloop
  endfacet
  facet normal -0 0 1
    outer loop
      vertex 29.3827 -12.9239 3
      vertex 31.0349 -13.45 3
      vertex 29.5 -12.866 3
    endloop
  endfacet
  facet normal -0 0 1
    outer loop
      vertex 29.2588 -12.9659 3
      vertex 31.0349 -13.45 3
      vertex 29.3827 -12.9239 3
    endloop
  endfacet
  facet normal 0 0 1
    outer loop
      vertex 31.0349 -13.45 3
      vertex 29.2588 -12.9659 3
      vertex 31.2166 -13.7219 3
    endloop
  endfacet
  facet normal -0 0 1
    outer loop
      vertex 29.1305 -12.9914 3
      vertex 31.2166 -13.7219 3
      vertex 29.2588 -12.9659 3
    endloop
  endfacet
  facet normal 0 0 1
    outer loop
      vertex 31.2166 -13.7219 3
      vertex 29.1305 -12.9914 3
      vertex 31.4322 -13.9678 3
    endloop
  endfacet
  facet normal -0 0 1
    outer loop
      vertex 29 -13 3
      vertex 31.4322 -13.9678 3
      vertex 29.1305 -12.9914 3
    endloop
  endfacet
  facet normal 0 0 1
    outer loop
      vertex 31.4322 -13.9678 3
      vertex 29 -13 3
      vertex 31.6781 -14.1834 3
    endloop
  endfacet
  facet normal 0 0 1
    outer loop
      vertex 31.6781 -14.1834 3
      vertex 29 -13 3
      vertex 31.95 -14.3651 3
    endloop
  endfacet
  facet normal 0 0 1
    outer loop
      vertex 31.95 -14.3651 3
      vertex 29 -13 3
      vertex 35 -16 3
    endloop
  endfacet
  facet normal -0 0 1
    outer loop
      vertex -29 -13 3
      vertex 35 -16 3
      vertex 29 -13 3
    endloop
  endfacet
  facet normal 0 0 1
    outer loop
      vertex -30.7852 11.553 3
      vertex -30 12 3
      vertex -30.7214 11.8737 3
    endloop
  endfacet
  facet normal 0 0 1
    outer loop
      vertex -30.7 -12.2 3
      vertex -29.9914 -12.1305 3
      vertex -30 -12 3
    endloop
  endfacet
  facet normal -0 0 1
    outer loop
      vertex -30.7 -12.2 3
      vertex -29.9659 -12.2588 3
      vertex -29.9914 -12.1305 3
    endloop
  endfacet
  facet normal 0 0 1
    outer loop
      vertex -30.7214 -12.5263 3
      vertex -29.9659 -12.2588 3
      vertex -30.7 -12.2 3
    endloop
  endfacet
  facet normal 0 0 1
    outer loop
      vertex -29.9659 -12.2588 3
      vertex -30.7214 -12.5263 3
      vertex -29.9239 -12.3827 3
    endloop
  endfacet
  facet normal 0 0 1
    outer loop
      vertex -29.9239 -12.3827 3
      vertex -30.7214 -12.5263 3
      vertex -29.866 -12.5 3
    endloop
  endfacet
  facet normal 0 0 1
    outer loop
      vertex -30.7852 -12.847 3
      vertex -29.866 -12.5 3
      vertex -30.7214 -12.5263 3
    endloop
  endfacet
  facet normal 0 0 1
    outer loop
      vertex -29.866 -12.5 3
      vertex -30.7852 -12.847 3
      vertex -29.7934 -12.6088 3
    endloop
  endfacet
  facet normal 0 0 1
    outer loop
      vertex -29.7934 -12.6088 3
      vertex -30.7852 -12.847 3
      vertex -29.7071 -12.7071 3
    endloop
  endfacet
  facet normal 0 0 1
    outer loop
      vertex -30.8903 -13.1567 3
      vertex -29.7071 -12.7071 3
      vertex -30.7852 -12.847 3
    endloop
  endfacet
  facet normal 0 0 1
    outer loop
      vertex -29.7071 -12.7071 3
      vertex -30.8903 -13.1567 3
      vertex -29.6088 -12.7934 3
    endloop
  endfacet
  facet normal 0 0 1
    outer loop
      vertex -29.6088 -12.7934 3
      vertex -30.8903 -13.1567 3
      vertex -29.5 -12.866 3
    endloop
  endfacet
  facet normal 0 0 1
    outer loop
      vertex -31.0349 -13.45 3
      vertex -29.5 -12.866 3
      vertex -30.8903 -13.1567 3
    endloop
  endfacet
  facet normal 0 0 1
    outer loop
      vertex -29.5 -12.866 3
      vertex -31.0349 -13.45 3
      vertex -29.3827 -12.9239 3
    endloop
  endfacet
  facet normal 0 0 1
    outer loop
      vertex -29.3827 -12.9239 3
      vertex -31.0349 -13.45 3
      vertex -29.2588 -12.9659 3
    endloop
  endfacet
  facet normal 0 0 1
    outer loop
      vertex -31.2166 -13.7219 3
      vertex -29.2588 -12.9659 3
      vertex -31.0349 -13.45 3
    endloop
  endfacet
  facet normal 0 0 1
    outer loop
      vertex -29.2588 -12.9659 3
      vertex -31.2166 -13.7219 3
      vertex -29.1305 -12.9914 3
    endloop
  endfacet
  facet normal 0 0 1
    outer loop
      vertex -31.4322 -13.9678 3
      vertex -29.1305 -12.9914 3
      vertex -31.2166 -13.7219 3
    endloop
  endfacet
  facet normal 0 0 1
    outer loop
      vertex -29.1305 -12.9914 3
      vertex -31.4322 -13.9678 3
      vertex -29 -13 3
    endloop
  endfacet
  facet normal 0 0 1
    outer loop
      vertex -31.6781 -14.1834 3
      vertex -29 -13 3
      vertex -31.4322 -13.9678 3
    endloop
  endfacet
  facet normal 0 0 1
    outer loop
      vertex -31.95 -14.3651 3
      vertex -29 -13 3
      vertex -31.6781 -14.1834 3
    endloop
  endfacet
  facet normal 0 0 1
    outer loop
      vertex -35 -16 3
      vertex -29 -13 3
      vertex -31.95 -14.3651 3
    endloop
  endfacet
  facet normal 0 0 1
    outer loop
      vertex -35 -16 3
      vertex -31.95 -14.3651 3
      vertex -32.2433 -14.5097 3
    endloop
  endfacet
  facet normal 0 0 1
    outer loop
      vertex -35 -16 3
      vertex -32.2433 -14.5097 3
      vertex -32.553 -14.6148 3
    endloop
  endfacet
  facet normal 0 0 1
    outer loop
      vertex -35 -16 3
      vertex -32.553 -14.6148 3
      vertex -32.8737 -14.6786 3
    endloop
  endfacet
  facet normal 0 0 1
    outer loop
      vertex -35 -16 3
      vertex -32.8737 -14.6786 3
      vertex -33.2 -14.7 3
    endloop
  endfacet
  facet normal 0 0 1
    outer loop
      vertex -29 -13 3
      vertex -35 -16 3
      vertex 35 -16 3
    endloop
  endfacet
  facet normal 0 0 1
    outer loop
      vertex -33.5263 -14.6786 3
      vertex -35 -16 3
      vertex -33.2 -14.7 3
    endloop
  endfacet
  facet normal 0 0 1
    outer loop
      vertex -33.847 -14.6148 3
      vertex -35 -16 3
      vertex -33.5263 -14.6786 3
    endloop
  endfacet
  facet normal 0 0 1
    outer loop
      vertex -34.1567 -14.5097 3
      vertex -35 -16 3
      vertex -33.847 -14.6148 3
    endloop
  endfacet
  facet normal 0 0 1
    outer loop
      vertex -34.45 -14.3651 3
      vertex -35 -16 3
      vertex -34.1567 -14.5097 3
    endloop
  endfacet
  facet normal 0 0 1
    outer loop
      vertex -35.261 -15.9829 3
      vertex -34.45 -14.3651 3
      vertex -34.7219 -14.1834 3
    endloop
  endfacet
  facet normal 0 0 1
    outer loop
      vertex -36 -15.7321 3
      vertex -34.7219 -14.1834 3
      vertex -34.9678 -13.9678 3
    endloop
  endfacet
  facet normal 0 0 1
    outer loop
      vertex -36.7321 -15 3
      vertex -34.9678 -13.9678 3
      vertex -35.1834 -13.7219 3
    endloop
  endfacet
  facet normal 0 0 1
    outer loop
      vertex -34.45 -14.3651 3
      vertex -35.261 -15.9829 3
      vertex -35 -16 3
    endloop
  endfacet
  facet normal 0 0 1
    outer loop
      vertex -36.9829 -14.261 3
      vertex -35.1834 -13.7219 3
      vertex -35.3651 -13.45 3
    endloop
  endfacet
  facet normal 0 0 1
    outer loop
      vertex -37 -14 3
      vertex -35.3651 -13.45 3
      vertex -35.5097 -13.1567 3
    endloop
  endfacet
  facet normal 0 0 1
    outer loop
      vertex -34.7219 -14.1834 3
      vertex -35.5176 -15.9319 3
      vertex -35.261 -15.9829 3
    endloop
  endfacet
  facet normal 0 0 1
    outer loop
      vertex -37 -14 3
      vertex -35.5097 -13.1567 3
      vertex -35.6148 -12.847 3
    endloop
  endfacet
  facet normal 0 0 1
    outer loop
      vertex -37 -14 3
      vertex -35.6148 -12.847 3
      vertex -35.6786 -12.5263 3
    endloop
  endfacet
  facet normal 0 0 1
    outer loop
      vertex -37 -14 3
      vertex -35.6786 -12.5263 3
      vertex -35.7 -12.2 3
    endloop
  endfacet
  facet normal 0 0 1
    outer loop
      vertex -34.7219 -14.1834 3
      vertex -35.7654 -15.8478 3
      vertex -35.5176 -15.9319 3
    endloop
  endfacet
  facet normal 0 0 1
    outer loop
      vertex -35.6148 -11.553 3
      vertex -37 -14 3
      vertex -35.6786 -11.8737 3
    endloop
  endfacet
  facet normal -0 0 1
    outer loop
      vertex -36.9319 14.5176 3
      vertex -35.1834 13.7219 3
      vertex -36.8478 14.7654 3
    endloop
  endfacet
  facet normal 0 0 1
    outer loop
      vertex -35.6786 -11.8737 3
      vertex -37 -14 3
      vertex -35.7 -12.2 3
    endloop
  endfacet
  facet normal -0 0 1
    outer loop
      vertex -36.9829 14.261 3
      vertex -35.1834 13.7219 3
      vertex -36.9319 14.5176 3
    endloop
  endfacet
  facet normal 0 0 1
    outer loop
      vertex -35.3651 -13.45 3
      vertex -37 -14 3
      vertex -36.9829 -14.261 3
    endloop
  endfacet
  facet normal 0 0 1
    outer loop
      vertex -35.1834 13.7219 3
      vertex -36.9829 14.261 3
      vertex -35.3651 13.45 3
    endloop
  endfacet
  facet normal 0 0 1
    outer loop
      vertex -34.7219 -14.1834 3
      vertex -36 -15.7321 3
      vertex -35.7654 -15.8478 3
    endloop
  endfacet
  facet normal -0 0 1
    outer loop
      vertex -37 14 3
      vertex -35.3651 13.45 3
      vertex -36.9829 14.261 3
    endloop
  endfacet
  facet normal 0 0 1
    outer loop
      vertex -34.9678 -13.9678 3
      vertex -36.2175 -15.5867 3
      vertex -36 -15.7321 3
    endloop
  endfacet
  facet normal 0 0 1
    outer loop
      vertex -35.3651 13.45 3
      vertex -37 14 3
      vertex -35.5097 13.1567 3
    endloop
  endfacet
  facet normal 0 0 1
    outer loop
      vertex -34.9678 -13.9678 3
      vertex -36.4142 -15.4142 3
      vertex -36.2175 -15.5867 3
    endloop
  endfacet
  facet normal 0 0 1
    outer loop
      vertex -35.6786 12.5263 3
      vertex -37 14 3
      vertex -35.7 12.2 3
    endloop
  endfacet
  facet normal 0 0 1
    outer loop
      vertex -34.9678 -13.9678 3
      vertex -36.5867 -15.2175 3
      vertex -36.4142 -15.4142 3
    endloop
  endfacet
  facet normal 0 0 1
    outer loop
      vertex -35.5097 13.1567 3
      vertex -37 14 3
      vertex -35.6148 12.847 3
    endloop
  endfacet
  facet normal 0 0 1
    outer loop
      vertex -34.9678 -13.9678 3
      vertex -36.7321 -15 3
      vertex -36.5867 -15.2175 3
    endloop
  endfacet
  facet normal 0 0 1
    outer loop
      vertex -35.6148 12.847 3
      vertex -37 14 3
      vertex -35.6786 12.5263 3
    endloop
  endfacet
  facet normal 0 0 1
    outer loop
      vertex -35.1834 -13.7219 3
      vertex -36.8478 -14.7654 3
      vertex -36.7321 -15 3
    endloop
  endfacet
  facet normal 0 0 1
    outer loop
      vertex -35.1834 -13.7219 3
      vertex -36.9319 -14.5176 3
      vertex -36.8478 -14.7654 3
    endloop
  endfacet
  facet normal 0 0 1
    outer loop
      vertex -35.1834 -13.7219 3
      vertex -36.9829 -14.261 3
      vertex -36.9319 -14.5176 3
    endloop
  endfacet
  facet normal -0.555758 -0.831344 0
    outer loop
      vertex 36 15.7321 3
      vertex 36.2175 15.5867 20
      vertex 36 15.7321 20
    endloop
  endfacet
  facet normal -0.555758 -0.831344 -0
    outer loop
      vertex 36.2175 15.5867 20
      vertex 36 15.7321 3
      vertex 36.2175 15.5867 3
    endloop
  endfacet
  facet normal 0.0657577 0.997836 -0
    outer loop
      vertex -29 -13 0
      vertex -29.1305 -12.9914 3
      vertex -29 -13 3
    endloop
  endfacet
  facet normal 0.0657577 0.997836 0
    outer loop
      vertex -29.1305 -12.9914 3
      vertex -29 -13 0
      vertex -29.1305 -12.9914 0
    endloop
  endfacet
  facet normal -0.321039 0.947066 0
    outer loop
      vertex 29.3827 -12.9239 0
      vertex 29.2588 -12.9659 3
      vertex 29.3827 -12.9239 3
    endloop
  endfacet
  facet normal -0.321039 0.947066 0
    outer loop
      vertex 29.2588 -12.9659 3
      vertex 29.3827 -12.9239 0
      vertex 29.2588 -12.9659 0
    endloop
  endfacet
  facet normal 0 1 -0
    outer loop
      vertex 29 -13 0
      vertex -29 -13 3
      vertex 29 -13 3
    endloop
  endfacet
  facet normal 0 1 0
    outer loop
      vertex -29 -13 3
      vertex 29 -13 0
      vertex -29 -13 0
    endloop
  endfacet
  facet normal -0.19494 0.980815 0
    outer loop
      vertex 29.2588 -12.9659 0
      vertex 29.1305 -12.9914 3
      vertex 29.2588 -12.9659 3
    endloop
  endfacet
  facet normal -0.19494 0.980815 0
    outer loop
      vertex 29.1305 -12.9914 3
      vertex 29.2588 -12.9659 0
      vertex 29.1305 -12.9914 0
    endloop
  endfacet
  facet normal 0.19494 0.980815 -0
    outer loop
      vertex -29.1305 -12.9914 0
      vertex -29.2588 -12.9659 3
      vertex -29.1305 -12.9914 3
    endloop
  endfacet
  facet normal 0.19494 0.980815 0
    outer loop
      vertex -29.2588 -12.9659 3
      vertex -29.1305 -12.9914 0
      vertex -29.2588 -12.9659 0
    endloop
  endfacet
  facet normal 0.659749 -0.751486 0
    outer loop
      vertex -29.7071 12.7071 0
      vertex -29.6088 12.7934 3
      vertex -29.7071 12.7071 3
    endloop
  endfacet
  facet normal 0.659749 -0.751486 0
    outer loop
      vertex -29.6088 12.7934 3
      vertex -29.7071 12.7071 0
      vertex -29.6088 12.7934 0
    endloop
  endfacet
  facet normal -0.0657577 0.997836 0
    outer loop
      vertex 29.1305 -12.9914 0
      vertex 29 -13 3
      vertex 29.1305 -12.9914 3
    endloop
  endfacet
  facet normal -0.0657577 0.997836 0
    outer loop
      vertex 29 -13 3
      vertex 29.1305 -12.9914 0
      vertex 29 -13 0
    endloop
  endfacet
  facet normal -0.321039 -0.947066 0
    outer loop
      vertex 29.2588 12.9659 0
      vertex 29.3827 12.9239 3
      vertex 29.2588 12.9659 3
    endloop
  endfacet
  facet normal -0.321039 -0.947066 -0
    outer loop
      vertex 29.3827 12.9239 3
      vertex 29.2588 12.9659 0
      vertex 29.3827 12.9239 0
    endloop
  endfacet
  facet normal -0.947066 -0.321039 0
    outer loop
      vertex 29.9659 12.2588 0
      vertex 29.9239 12.3827 3
      vertex 29.9239 12.3827 0
    endloop
  endfacet
  facet normal -0.947066 -0.321039 0
    outer loop
      vertex 29.9239 12.3827 3
      vertex 29.9659 12.2588 0
      vertex 29.9659 12.2588 3
    endloop
  endfacet
  facet normal 0.0657577 -0.997836 0
    outer loop
      vertex -29.1305 12.9914 0
      vertex -29 13 3
      vertex -29.1305 12.9914 3
    endloop
  endfacet
  facet normal 0.0657577 -0.997836 0
    outer loop
      vertex -29 13 3
      vertex -29.1305 12.9914 0
      vertex -29 13 0
    endloop
  endfacet
  facet normal 1 -0 0
    outer loop
      vertex -30 -12 3
      vertex -30 12 0
      vertex -30 12 3
    endloop
  endfacet
  facet normal 1 0 0
    outer loop
      vertex -30 12 0
      vertex -30 -12 3
      vertex -30 -12 0
    endloop
  endfacet
  facet normal 0.321039 -0.947066 0
    outer loop
      vertex -29.3827 12.9239 0
      vertex -29.2588 12.9659 3
      vertex -29.3827 12.9239 3
    endloop
  endfacet
  facet normal 0.321039 -0.947066 0
    outer loop
      vertex -29.2588 12.9659 3
      vertex -29.3827 12.9239 0
      vertex -29.2588 12.9659 0
    endloop
  endfacet
  facet normal -0.555053 -0.831815 0
    outer loop
      vertex 29.5 12.866 0
      vertex 29.6088 12.7934 3
      vertex 29.5 12.866 3
    endloop
  endfacet
  facet normal -0.555053 -0.831815 -0
    outer loop
      vertex 29.6088 12.7934 3
      vertex 29.5 12.866 0
      vertex 29.6088 12.7934 0
    endloop
  endfacet
  facet normal -0.442621 0.896709 0
    outer loop
      vertex 29.5 -12.866 0
      vertex 29.3827 -12.9239 3
      vertex 29.5 -12.866 3
    endloop
  endfacet
  facet normal -0.442621 0.896709 0
    outer loop
      vertex 29.3827 -12.9239 3
      vertex 29.5 -12.866 0
      vertex 29.3827 -12.9239 0
    endloop
  endfacet
  facet normal 0 -1 0
    outer loop
      vertex -29 13 0
      vertex 29 13 3
      vertex -29 13 3
    endloop
  endfacet
  facet normal 0 -1 -0
    outer loop
      vertex 29 13 3
      vertex -29 13 0
      vertex 29 13 0
    endloop
  endfacet
  facet normal -0.659749 0.751486 0
    outer loop
      vertex 29.7071 -12.7071 0
      vertex 29.6088 -12.7934 3
      vertex 29.7071 -12.7071 3
    endloop
  endfacet
  facet normal -0.659749 0.751486 0
    outer loop
      vertex 29.6088 -12.7934 3
      vertex 29.7071 -12.7071 0
      vertex 29.6088 -12.7934 0
    endloop
  endfacet
  facet normal 0.321039 0.947066 -0
    outer loop
      vertex -29.2588 -12.9659 0
      vertex -29.3827 -12.9239 3
      vertex -29.2588 -12.9659 3
    endloop
  endfacet
  facet normal 0.321039 0.947066 0
    outer loop
      vertex -29.3827 -12.9239 3
      vertex -29.2588 -12.9659 0
      vertex -29.3827 -12.9239 0
    endloop
  endfacet
  facet normal 0.947066 -0.321039 0
    outer loop
      vertex -29.9659 12.2588 3
      vertex -29.9239 12.3827 0
      vertex -29.9239 12.3827 3
    endloop
  endfacet
  facet normal 0.947066 -0.321039 0
    outer loop
      vertex -29.9239 12.3827 0
      vertex -29.9659 12.2588 3
      vertex -29.9659 12.2588 0
    endloop
  endfacet
  facet normal -0.442621 -0.896709 0
    outer loop
      vertex 29.3827 12.9239 0
      vertex 29.5 12.866 3
      vertex 29.3827 12.9239 3
    endloop
  endfacet
  facet normal -0.442621 -0.896709 -0
    outer loop
      vertex 29.5 12.866 3
      vertex 29.3827 12.9239 0
      vertex 29.5 12.866 0
    endloop
  endfacet
  facet normal 0.659749 0.751486 -0
    outer loop
      vertex -29.6088 -12.7934 0
      vertex -29.7071 -12.7071 3
      vertex -29.6088 -12.7934 3
    endloop
  endfacet
  facet normal 0.659749 0.751486 0
    outer loop
      vertex -29.7071 -12.7071 3
      vertex -29.6088 -12.7934 0
      vertex -29.7071 -12.7071 0
    endloop
  endfacet
  facet normal 0.896709 -0.442621 0
    outer loop
      vertex -29.9239 12.3827 3
      vertex -29.866 12.5 0
      vertex -29.866 12.5 3
    endloop
  endfacet
  facet normal 0.896709 -0.442621 0
    outer loop
      vertex -29.866 12.5 0
      vertex -29.9239 12.3827 3
      vertex -29.9239 12.3827 0
    endloop
  endfacet
  facet normal -1 0 0
    outer loop
      vertex 30 -12 0
      vertex 30 12 3
      vertex 30 12 0
    endloop
  endfacet
  facet normal -1 -0 0
    outer loop
      vertex 30 12 3
      vertex 30 -12 0
      vertex 30 -12 3
    endloop
  endfacet
  facet normal 0.442621 -0.896709 0
    outer loop
      vertex -29.5 12.866 0
      vertex -29.3827 12.9239 3
      vertex -29.5 12.866 3
    endloop
  endfacet
  facet normal 0.442621 -0.896709 0
    outer loop
      vertex -29.3827 12.9239 3
      vertex -29.5 12.866 0
      vertex -29.3827 12.9239 0
    endloop
  endfacet
  facet normal -0.831815 0.555053 0
    outer loop
      vertex 29.7934 -12.6088 0
      vertex 29.866 -12.5 3
      vertex 29.866 -12.5 0
    endloop
  endfacet
  facet normal -0.831815 0.555053 0
    outer loop
      vertex 29.866 -12.5 3
      vertex 29.7934 -12.6088 0
      vertex 29.7934 -12.6088 3
    endloop
  endfacet
  facet normal -0.19494 -0.980815 0
    outer loop
      vertex 29.1305 12.9914 0
      vertex 29.2588 12.9659 3
      vertex 29.1305 12.9914 3
    endloop
  endfacet
  facet normal -0.19494 -0.980815 -0
    outer loop
      vertex 29.2588 12.9659 3
      vertex 29.1305 12.9914 0
      vertex 29.2588 12.9659 0
    endloop
  endfacet
  facet normal -0.751486 0.659749 0
    outer loop
      vertex 29.7071 -12.7071 0
      vertex 29.7934 -12.6088 3
      vertex 29.7934 -12.6088 0
    endloop
  endfacet
  facet normal -0.751486 0.659749 0
    outer loop
      vertex 29.7934 -12.6088 3
      vertex 29.7071 -12.7071 0
      vertex 29.7071 -12.7071 3
    endloop
  endfacet
  facet normal 0.19494 -0.980815 0
    outer loop
      vertex -29.2588 12.9659 0
      vertex -29.1305 12.9914 3
      vertex -29.2588 12.9659 3
    endloop
  endfacet
  facet normal 0.19494 -0.980815 0
    outer loop
      vertex -29.1305 12.9914 3
      vertex -29.2588 12.9659 0
      vertex -29.1305 12.9914 0
    endloop
  endfacet
  facet normal -0.997836 0.0657577 0
    outer loop
      vertex 29.9914 -12.1305 0
      vertex 30 -12 3
      vertex 30 -12 0
    endloop
  endfacet
  facet normal -0.997836 0.0657577 0
    outer loop
      vertex 30 -12 3
      vertex 29.9914 -12.1305 0
      vertex 29.9914 -12.1305 3
    endloop
  endfacet
  facet normal 0.980815 -0.19494 0
    outer loop
      vertex -29.9914 12.1305 3
      vertex -29.9659 12.2588 0
      vertex -29.9659 12.2588 3
    endloop
  endfacet
  facet normal 0.980815 -0.19494 0
    outer loop
      vertex -29.9659 12.2588 0
      vertex -29.9914 12.1305 3
      vertex -29.9914 12.1305 0
    endloop
  endfacet
  facet normal 0.555053 -0.831815 0
    outer loop
      vertex -29.6088 12.7934 0
      vertex -29.5 12.866 3
      vertex -29.6088 12.7934 3
    endloop
  endfacet
  facet normal 0.555053 -0.831815 0
    outer loop
      vertex -29.5 12.866 3
      vertex -29.6088 12.7934 0
      vertex -29.5 12.866 0
    endloop
  endfacet
  facet normal 0.997836 0.0657577 0
    outer loop
      vertex -29.9914 -12.1305 3
      vertex -30 -12 0
      vertex -30 -12 3
    endloop
  endfacet
  facet normal 0.997836 0.0657577 0
    outer loop
      vertex -30 -12 0
      vertex -29.9914 -12.1305 3
      vertex -29.9914 -12.1305 0
    endloop
  endfacet
  facet normal -0.751486 -0.659749 0
    outer loop
      vertex 29.7934 12.6088 0
      vertex 29.7071 12.7071 3
      vertex 29.7071 12.7071 0
    endloop
  endfacet
  facet normal -0.751486 -0.659749 0
    outer loop
      vertex 29.7071 12.7071 3
      vertex 29.7934 12.6088 0
      vertex 29.7934 12.6088 3
    endloop
  endfacet
  facet normal 0.751486 -0.659749 0
    outer loop
      vertex -29.7934 12.6088 3
      vertex -29.7071 12.7071 0
      vertex -29.7071 12.7071 3
    endloop
  endfacet
  facet normal 0.751486 -0.659749 0
    outer loop
      vertex -29.7071 12.7071 0
      vertex -29.7934 12.6088 3
      vertex -29.7934 12.6088 0
    endloop
  endfacet
  facet normal -0.831815 -0.555053 0
    outer loop
      vertex 29.866 12.5 0
      vertex 29.7934 12.6088 3
      vertex 29.7934 12.6088 0
    endloop
  endfacet
  facet normal -0.831815 -0.555053 0
    outer loop
      vertex 29.7934 12.6088 3
      vertex 29.866 12.5 0
      vertex 29.866 12.5 3
    endloop
  endfacet
  facet normal 0.831815 -0.555053 0
    outer loop
      vertex -29.866 12.5 3
      vertex -29.7934 12.6088 0
      vertex -29.7934 12.6088 3
    endloop
  endfacet
  facet normal 0.831815 -0.555053 0
    outer loop
      vertex -29.7934 12.6088 0
      vertex -29.866 12.5 3
      vertex -29.866 12.5 0
    endloop
  endfacet
  facet normal 0.751486 0.659749 0
    outer loop
      vertex -29.7071 -12.7071 3
      vertex -29.7934 -12.6088 0
      vertex -29.7934 -12.6088 3
    endloop
  endfacet
  facet normal 0.751486 0.659749 0
    outer loop
      vertex -29.7934 -12.6088 0
      vertex -29.7071 -12.7071 3
      vertex -29.7071 -12.7071 0
    endloop
  endfacet
  facet normal -0.0657577 -0.997836 0
    outer loop
      vertex 29 13 0
      vertex 29.1305 12.9914 3
      vertex 29 13 3
    endloop
  endfacet
  facet normal -0.0657577 -0.997836 -0
    outer loop
      vertex 29.1305 12.9914 3
      vertex 29 13 0
      vertex 29.1305 12.9914 0
    endloop
  endfacet
  facet normal -0.659749 -0.751486 0
    outer loop
      vertex 29.6088 12.7934 0
      vertex 29.7071 12.7071 3
      vertex 29.6088 12.7934 3
    endloop
  endfacet
  facet normal -0.659749 -0.751486 -0
    outer loop
      vertex 29.7071 12.7071 3
      vertex 29.6088 12.7934 0
      vertex 29.7071 12.7071 0
    endloop
  endfacet
  facet normal -0.896709 -0.442621 0
    outer loop
      vertex 29.9239 12.3827 0
      vertex 29.866 12.5 3
      vertex 29.866 12.5 0
    endloop
  endfacet
  facet normal -0.896709 -0.442621 0
    outer loop
      vertex 29.866 12.5 3
      vertex 29.9239 12.3827 0
      vertex 29.9239 12.3827 3
    endloop
  endfacet
  facet normal -0.980815 -0.19494 0
    outer loop
      vertex 29.9914 12.1305 0
      vertex 29.9659 12.2588 3
      vertex 29.9659 12.2588 0
    endloop
  endfacet
  facet normal -0.980815 -0.19494 0
    outer loop
      vertex 29.9659 12.2588 3
      vertex 29.9914 12.1305 0
      vertex 29.9914 12.1305 3
    endloop
  endfacet
  facet normal -0.947066 0.321039 0
    outer loop
      vertex 29.9239 -12.3827 0
      vertex 29.9659 -12.2588 3
      vertex 29.9659 -12.2588 0
    endloop
  endfacet
  facet normal -0.947066 0.321039 0
    outer loop
      vertex 29.9659 -12.2588 3
      vertex 29.9239 -12.3827 0
      vertex 29.9239 -12.3827 3
    endloop
  endfacet
  facet normal -0.896709 0.442621 0
    outer loop
      vertex 29.866 -12.5 0
      vertex 29.9239 -12.3827 3
      vertex 29.9239 -12.3827 0
    endloop
  endfacet
  facet normal -0.896709 0.442621 0
    outer loop
      vertex 29.9239 -12.3827 3
      vertex 29.866 -12.5 0
      vertex 29.866 -12.5 3
    endloop
  endfacet
  facet normal 0.997836 -0.0657577 0
    outer loop
      vertex -30 12 3
      vertex -29.9914 12.1305 0
      vertex -29.9914 12.1305 3
    endloop
  endfacet
  facet normal 0.997836 -0.0657577 0
    outer loop
      vertex -29.9914 12.1305 0
      vertex -30 12 3
      vertex -30 12 0
    endloop
  endfacet
  facet normal -0.997836 -0.0657577 0
    outer loop
      vertex 30 12 0
      vertex 29.9914 12.1305 3
      vertex 29.9914 12.1305 0
    endloop
  endfacet
  facet normal -0.997836 -0.0657577 0
    outer loop
      vertex 29.9914 12.1305 3
      vertex 30 12 0
      vertex 30 12 3
    endloop
  endfacet
  facet normal 0.442621 0.896709 -0
    outer loop
      vertex -29.3827 -12.9239 0
      vertex -29.5 -12.866 3
      vertex -29.3827 -12.9239 3
    endloop
  endfacet
  facet normal 0.442621 0.896709 0
    outer loop
      vertex -29.5 -12.866 3
      vertex -29.3827 -12.9239 0
      vertex -29.5 -12.866 0
    endloop
  endfacet
  facet normal -0.555053 0.831815 0
    outer loop
      vertex 29.6088 -12.7934 0
      vertex 29.5 -12.866 3
      vertex 29.6088 -12.7934 3
    endloop
  endfacet
  facet normal -0.555053 0.831815 0
    outer loop
      vertex 29.5 -12.866 3
      vertex 29.6088 -12.7934 0
      vertex 29.5 -12.866 0
    endloop
  endfacet
  facet normal 0.555053 0.831815 -0
    outer loop
      vertex -29.5 -12.866 0
      vertex -29.6088 -12.7934 3
      vertex -29.5 -12.866 3
    endloop
  endfacet
  facet normal 0.555053 0.831815 0
    outer loop
      vertex -29.6088 -12.7934 3
      vertex -29.5 -12.866 0
      vertex -29.6088 -12.7934 0
    endloop
  endfacet
  facet normal 0.896709 0.442621 0
    outer loop
      vertex -29.866 -12.5 3
      vertex -29.9239 -12.3827 0
      vertex -29.9239 -12.3827 3
    endloop
  endfacet
  facet normal 0.896709 0.442621 0
    outer loop
      vertex -29.9239 -12.3827 0
      vertex -29.866 -12.5 3
      vertex -29.866 -12.5 0
    endloop
  endfacet
  facet normal 0.980815 0.19494 0
    outer loop
      vertex -29.9659 -12.2588 3
      vertex -29.9914 -12.1305 0
      vertex -29.9914 -12.1305 3
    endloop
  endfacet
  facet normal 0.980815 0.19494 0
    outer loop
      vertex -29.9914 -12.1305 0
      vertex -29.9659 -12.2588 3
      vertex -29.9659 -12.2588 0
    endloop
  endfacet
  facet normal 0.831815 0.555053 0
    outer loop
      vertex -29.7934 -12.6088 3
      vertex -29.866 -12.5 0
      vertex -29.866 -12.5 3
    endloop
  endfacet
  facet normal 0.831815 0.555053 0
    outer loop
      vertex -29.866 -12.5 0
      vertex -29.7934 -12.6088 3
      vertex -29.7934 -12.6088 0
    endloop
  endfacet
  facet normal 0.947066 0.321039 0
    outer loop
      vertex -29.9239 -12.3827 3
      vertex -29.9659 -12.2588 0
      vertex -29.9659 -12.2588 3
    endloop
  endfacet
  facet normal 0.947066 0.321039 0
    outer loop
      vertex -29.9659 -12.2588 0
      vertex -29.9239 -12.3827 3
      vertex -29.9239 -12.3827 0
    endloop
  endfacet
  facet normal -0.980815 0.19494 0
    outer loop
      vertex 29.9659 -12.2588 0
      vertex 29.9914 -12.1305 3
      vertex 29.9914 -12.1305 0
    endloop
  endfacet
  facet normal -0.980815 0.19494 0
    outer loop
      vertex 29.9914 -12.1305 3
      vertex 29.9659 -12.2588 0
      vertex 29.9659 -12.2588 3
    endloop
  endfacet
  facet normal 0 0 -1
    outer loop
      vertex -39 -6 15
      vertex -37 6 15
      vertex -37 -6 15
    endloop
  endfacet
  facet normal -0 0 -1
    outer loop
      vertex -37 6 15
      vertex -39 -6 15
      vertex -39 6 15
    endloop
  endfacet
  facet normal -0 0 1
    outer loop
      vertex -39 6 7
      vertex -37 -6 7
      vertex -37 6 7
    endloop
  endfacet
  facet normal 0 0 1
    outer loop
      vertex -37 -6 7
      vertex -39 6 7
      vertex -39 -6 7
    endloop
  endfacet
  facet normal 0 -1 0
    outer loop
      vertex -39 6 7
      vertex -37 6 15
      vertex -39 6 15
    endloop
  endfacet
  facet normal 0 -1 -0
    outer loop
      vertex -37 6 15
      vertex -39 6 7
      vertex -37 6 7
    endloop
  endfacet
  facet normal 0 1 -0
    outer loop
      vertex -37 -6 7
      vertex -39 -6 15
      vertex -37 -6 15
    endloop
  endfacet
  facet normal 0 1 0
    outer loop
      vertex -39 -6 15
      vertex -37 -6 7
      vertex -39 -6 7
    endloop
  endfacet
  facet normal 0.751913 0.659262 0
    outer loop
      vertex -31.2166 -10.6781 4.5
      vertex -31.4322 -10.4322 3
      vertex -31.4322 -10.4322 4.5
    endloop
  endfacet
  facet normal 0.751913 0.659262 0
    outer loop
      vertex -31.4322 -10.4322 3
      vertex -31.2166 -10.6781 4.5
      vertex -31.2166 -10.6781 3
    endloop
  endfacet
  facet normal -0.32136 -0.946957 0
    outer loop
      vertex -34.1567 -14.5097 3
      vertex -33.847 -14.6148 4.5
      vertex -34.1567 -14.5097 4.5
    endloop
  endfacet
  facet normal -0.32136 -0.946957 -0
    outer loop
      vertex -33.847 -14.6148 4.5
      vertex -34.1567 -14.5097 3
      vertex -33.847 -14.6148 3
    endloop
  endfacet
  facet normal 0.751913 -0.659262 0
    outer loop
      vertex -31.4322 -13.9678 4.5
      vertex -31.2166 -13.7219 3
      vertex -31.2166 -13.7219 4.5
    endloop
  endfacet
  facet normal 0.751913 -0.659262 0
    outer loop
      vertex -31.2166 -13.7219 3
      vertex -31.4322 -13.9678 4.5
      vertex -31.4322 -13.9678 3
    endloop
  endfacet
  facet normal -0.98078 0.195116 0
    outer loop
      vertex -35.6786 -11.8737 3
      vertex -35.6148 -11.553 4.5
      vertex -35.6148 -11.553 3
    endloop
  endfacet
  facet normal -0.98078 0.195116 0
    outer loop
      vertex -35.6148 -11.553 4.5
      vertex -35.6786 -11.8737 3
      vertex -35.6786 -11.8737 4.5
    endloop
  endfacet
  facet normal 0.0654432 -0.997856 0
    outer loop
      vertex -33.2 -14.7 3
      vertex -32.8737 -14.6786 4.5
      vertex -33.2 -14.7 4.5
    endloop
  endfacet
  facet normal 0.0654432 -0.997856 0
    outer loop
      vertex -32.8737 -14.6786 4.5
      vertex -33.2 -14.7 3
      vertex -32.8737 -14.6786 3
    endloop
  endfacet
  facet normal 0.195116 -0.98078 0
    outer loop
      vertex -32.8737 -14.6786 3
      vertex -32.553 -14.6148 4.5
      vertex -32.8737 -14.6786 4.5
    endloop
  endfacet
  facet normal 0.195116 -0.98078 0
    outer loop
      vertex -32.553 -14.6148 4.5
      vertex -32.8737 -14.6786 3
      vertex -32.553 -14.6148 3
    endloop
  endfacet
  facet normal -0.442191 0.896921 0
    outer loop
      vertex -34.1567 -9.8903 3
      vertex -34.45 -10.0349 4.5
      vertex -34.1567 -9.8903 4.5
    endloop
  endfacet
  facet normal -0.442191 0.896921 0
    outer loop
      vertex -34.45 -10.0349 4.5
      vertex -34.1567 -9.8903 3
      vertex -34.45 -10.0349 3
    endloop
  endfacet
  facet normal 0.946957 -0.32136 0
    outer loop
      vertex -30.8903 -13.1567 4.5
      vertex -30.7852 -12.847 3
      vertex -30.7852 -12.847 4.5
    endloop
  endfacet
  facet normal 0.946957 -0.32136 0
    outer loop
      vertex -30.7852 -12.847 3
      vertex -30.8903 -13.1567 4.5
      vertex -30.8903 -13.1567 3
    endloop
  endfacet
  facet normal 0.831438 -0.555617 0
    outer loop
      vertex -31.2166 -13.7219 4.5
      vertex -31.0349 -13.45 3
      vertex -31.0349 -13.45 4.5
    endloop
  endfacet
  facet normal 0.831438 -0.555617 0
    outer loop
      vertex -31.0349 -13.45 3
      vertex -31.2166 -13.7219 4.5
      vertex -31.2166 -13.7219 3
    endloop
  endfacet
  facet normal 0.946957 0.32136 0
    outer loop
      vertex -30.7852 -11.553 4.5
      vertex -30.8903 -11.2433 3
      vertex -30.8903 -11.2433 4.5
    endloop
  endfacet
  facet normal 0.946957 0.32136 0
    outer loop
      vertex -30.8903 -11.2433 3
      vertex -30.7852 -11.553 4.5
      vertex -30.7852 -11.553 3
    endloop
  endfacet
  facet normal -0.555617 -0.831438 0
    outer loop
      vertex -34.7219 -14.1834 3
      vertex -34.45 -14.3651 4.5
      vertex -34.7219 -14.1834 4.5
    endloop
  endfacet
  facet normal -0.555617 -0.831438 -0
    outer loop
      vertex -34.45 -14.3651 4.5
      vertex -34.7219 -14.1834 3
      vertex -34.45 -14.3651 3
    endloop
  endfacet
  facet normal -0.0654128 0.997858 0
    outer loop
      vertex -33.2 -9.7 3
      vertex -33.5263 -9.72139 4.5
      vertex -33.2 -9.7 4.5
    endloop
  endfacet
  facet normal -0.0654128 0.997858 0
    outer loop
      vertex -33.5263 -9.72139 4.5
      vertex -33.2 -9.7 3
      vertex -33.5263 -9.72139 3
    endloop
  endfacet
  facet normal -0.997856 -0.0654432 0
    outer loop
      vertex -35.6786 -12.5263 3
      vertex -35.7 -12.2 4.5
      vertex -35.7 -12.2 3
    endloop
  endfacet
  facet normal -0.997856 -0.0654432 0
    outer loop
      vertex -35.7 -12.2 4.5
      vertex -35.6786 -12.5263 3
      vertex -35.6786 -12.5263 4.5
    endloop
  endfacet
  facet normal 0.896921 0.442191 0
    outer loop
      vertex -30.8903 -11.2433 4.5
      vertex -31.0349 -10.95 3
      vertex -31.0349 -10.95 4.5
    endloop
  endfacet
  facet normal 0.896921 0.442191 0
    outer loop
      vertex -31.0349 -10.95 3
      vertex -30.8903 -11.2433 4.5
      vertex -30.8903 -11.2433 3
    endloop
  endfacet
  facet normal -0.195087 0.980786 0
    outer loop
      vertex -33.5263 -9.72139 3
      vertex -33.847 -9.78518 4.5
      vertex -33.5263 -9.72139 4.5
    endloop
  endfacet
  facet normal -0.195087 0.980786 0
    outer loop
      vertex -33.847 -9.78518 4.5
      vertex -33.5263 -9.72139 3
      vertex -33.847 -9.78518 3
    endloop
  endfacet
  facet normal -0.195116 -0.98078 0
    outer loop
      vertex -33.847 -14.6148 3
      vertex -33.5263 -14.6786 4.5
      vertex -33.847 -14.6148 4.5
    endloop
  endfacet
  facet normal -0.195116 -0.98078 -0
    outer loop
      vertex -33.5263 -14.6786 4.5
      vertex -33.847 -14.6148 3
      vertex -33.5263 -14.6786 3
    endloop
  endfacet
  facet normal 0.321415 0.946938 -0
    outer loop
      vertex -32.2433 -9.8903 3
      vertex -32.553 -9.78518 4.5
      vertex -32.2433 -9.8903 4.5
    endloop
  endfacet
  facet normal 0.321415 0.946938 0
    outer loop
      vertex -32.553 -9.78518 4.5
      vertex -32.2433 -9.8903 3
      vertex -32.553 -9.78518 3
    endloop
  endfacet
  facet normal -0.98078 -0.195116 0
    outer loop
      vertex -35.6148 -12.847 3
      vertex -35.6786 -12.5263 4.5
      vertex -35.6786 -12.5263 3
    endloop
  endfacet
  facet normal -0.98078 -0.195116 0
    outer loop
      vertex -35.6786 -12.5263 4.5
      vertex -35.6148 -12.847 3
      vertex -35.6148 -12.847 4.5
    endloop
  endfacet
  facet normal 0.0654128 0.997858 -0
    outer loop
      vertex -32.8737 -9.72139 3
      vertex -33.2 -9.7 4.5
      vertex -32.8737 -9.72139 4.5
    endloop
  endfacet
  facet normal 0.0654128 0.997858 0
    outer loop
      vertex -33.2 -9.7 4.5
      vertex -32.8737 -9.72139 3
      vertex -33.2 -9.7 3
    endloop
  endfacet
  facet normal 0.997856 0.0654432 0
    outer loop
      vertex -30.7 -12.2 4.5
      vertex -30.7214 -11.8737 3
      vertex -30.7214 -11.8737 4.5
    endloop
  endfacet
  facet normal 0.997856 0.0654432 0
    outer loop
      vertex -30.7214 -11.8737 3
      vertex -30.7 -12.2 4.5
      vertex -30.7 -12.2 3
    endloop
  endfacet
  facet normal 0.555617 0.831438 -0
    outer loop
      vertex -31.6781 -10.2166 3
      vertex -31.95 -10.0349 4.5
      vertex -31.6781 -10.2166 4.5
    endloop
  endfacet
  facet normal 0.555617 0.831438 0
    outer loop
      vertex -31.95 -10.0349 4.5
      vertex -31.6781 -10.2166 3
      vertex -31.95 -10.0349 3
    endloop
  endfacet
  facet normal -0.751913 0.659262 0
    outer loop
      vertex -35.1834 -10.6781 3
      vertex -34.9678 -10.4322 4.5
      vertex -34.9678 -10.4322 3
    endloop
  endfacet
  facet normal -0.751913 0.659262 0
    outer loop
      vertex -34.9678 -10.4322 4.5
      vertex -35.1834 -10.6781 3
      vertex -35.1834 -10.6781 4.5
    endloop
  endfacet
  facet normal 0.831438 0.555617 0
    outer loop
      vertex -31.0349 -10.95 4.5
      vertex -31.2166 -10.6781 3
      vertex -31.2166 -10.6781 4.5
    endloop
  endfacet
  facet normal 0.831438 0.555617 0
    outer loop
      vertex -31.2166 -10.6781 3
      vertex -31.0349 -10.95 4.5
      vertex -31.0349 -10.95 3
    endloop
  endfacet
  facet normal 0.98078 0.195116 0
    outer loop
      vertex -30.7214 -11.8737 4.5
      vertex -30.7852 -11.553 3
      vertex -30.7852 -11.553 4.5
    endloop
  endfacet
  facet normal 0.98078 0.195116 0
    outer loop
      vertex -30.7852 -11.553 3
      vertex -30.7214 -11.8737 4.5
      vertex -30.7214 -11.8737 3
    endloop
  endfacet
  facet normal 0.32136 -0.946957 0
    outer loop
      vertex -32.553 -14.6148 3
      vertex -32.2433 -14.5097 4.5
      vertex -32.553 -14.6148 4.5
    endloop
  endfacet
  facet normal 0.32136 -0.946957 0
    outer loop
      vertex -32.2433 -14.5097 4.5
      vertex -32.553 -14.6148 3
      vertex -32.2433 -14.5097 3
    endloop
  endfacet
  facet normal 0.442191 -0.896921 0
    outer loop
      vertex -32.2433 -14.5097 3
      vertex -31.95 -14.3651 4.5
      vertex -32.2433 -14.5097 4.5
    endloop
  endfacet
  facet normal 0.442191 -0.896921 0
    outer loop
      vertex -31.95 -14.3651 4.5
      vertex -32.2433 -14.5097 3
      vertex -31.95 -14.3651 3
    endloop
  endfacet
  facet normal -0.831438 0.555617 0
    outer loop
      vertex -35.3651 -10.95 3
      vertex -35.1834 -10.6781 4.5
      vertex -35.1834 -10.6781 3
    endloop
  endfacet
  facet normal -0.831438 0.555617 0
    outer loop
      vertex -35.1834 -10.6781 4.5
      vertex -35.3651 -10.95 3
      vertex -35.3651 -10.95 4.5
    endloop
  endfacet
  facet normal -0.946957 -0.32136 0
    outer loop
      vertex -35.5097 -13.1567 3
      vertex -35.6148 -12.847 4.5
      vertex -35.6148 -12.847 3
    endloop
  endfacet
  facet normal -0.946957 -0.32136 0
    outer loop
      vertex -35.6148 -12.847 4.5
      vertex -35.5097 -13.1567 3
      vertex -35.5097 -13.1567 4.5
    endloop
  endfacet
  facet normal 0.997856 -0.0654432 0
    outer loop
      vertex -30.7214 -12.5263 4.5
      vertex -30.7 -12.2 3
      vertex -30.7 -12.2 4.5
    endloop
  endfacet
  facet normal 0.997856 -0.0654432 0
    outer loop
      vertex -30.7 -12.2 3
      vertex -30.7214 -12.5263 4.5
      vertex -30.7214 -12.5263 3
    endloop
  endfacet
  facet normal -0.659262 -0.751913 0
    outer loop
      vertex -34.9678 -13.9678 3
      vertex -34.7219 -14.1834 4.5
      vertex -34.9678 -13.9678 4.5
    endloop
  endfacet
  facet normal -0.659262 -0.751913 -0
    outer loop
      vertex -34.7219 -14.1834 4.5
      vertex -34.9678 -13.9678 3
      vertex -34.7219 -14.1834 3
    endloop
  endfacet
  facet normal -0.321415 0.946938 0
    outer loop
      vertex -33.847 -9.78518 3
      vertex -34.1567 -9.8903 4.5
      vertex -33.847 -9.78518 4.5
    endloop
  endfacet
  facet normal -0.321415 0.946938 0
    outer loop
      vertex -34.1567 -9.8903 4.5
      vertex -33.847 -9.78518 3
      vertex -34.1567 -9.8903 3
    endloop
  endfacet
  facet normal 0.896921 -0.442191 0
    outer loop
      vertex -31.0349 -13.45 4.5
      vertex -30.8903 -13.1567 3
      vertex -30.8903 -13.1567 4.5
    endloop
  endfacet
  facet normal 0.896921 -0.442191 0
    outer loop
      vertex -30.8903 -13.1567 3
      vertex -31.0349 -13.45 4.5
      vertex -31.0349 -13.45 3
    endloop
  endfacet
  facet normal 0.195087 0.980786 -0
    outer loop
      vertex -32.553 -9.78518 3
      vertex -32.8737 -9.72139 4.5
      vertex -32.553 -9.78518 4.5
    endloop
  endfacet
  facet normal 0.195087 0.980786 0
    outer loop
      vertex -32.8737 -9.72139 4.5
      vertex -32.553 -9.78518 3
      vertex -32.8737 -9.72139 3
    endloop
  endfacet
  facet normal -0.896921 -0.442191 0
    outer loop
      vertex -35.3651 -13.45 3
      vertex -35.5097 -13.1567 4.5
      vertex -35.5097 -13.1567 3
    endloop
  endfacet
  facet normal -0.896921 -0.442191 0
    outer loop
      vertex -35.5097 -13.1567 4.5
      vertex -35.3651 -13.45 3
      vertex -35.3651 -13.45 4.5
    endloop
  endfacet
  facet normal 0.659262 -0.751913 0
    outer loop
      vertex -31.6781 -14.1834 3
      vertex -31.4322 -13.9678 4.5
      vertex -31.6781 -14.1834 4.5
    endloop
  endfacet
  facet normal 0.659262 -0.751913 0
    outer loop
      vertex -31.4322 -13.9678 4.5
      vertex -31.6781 -14.1834 3
      vertex -31.4322 -13.9678 3
    endloop
  endfacet
  facet normal -0.997856 0.0654432 0
    outer loop
      vertex -35.7 -12.2 3
      vertex -35.6786 -11.8737 4.5
      vertex -35.6786 -11.8737 3
    endloop
  endfacet
  facet normal -0.997856 0.0654432 0
    outer loop
      vertex -35.6786 -11.8737 4.5
      vertex -35.7 -12.2 3
      vertex -35.7 -12.2 4.5
    endloop
  endfacet
  facet normal 0.659262 0.751913 -0
    outer loop
      vertex -31.4322 -10.4322 3
      vertex -31.6781 -10.2166 4.5
      vertex -31.4322 -10.4322 4.5
    endloop
  endfacet
  facet normal 0.659262 0.751913 0
    outer loop
      vertex -31.6781 -10.2166 4.5
      vertex -31.4322 -10.4322 3
      vertex -31.6781 -10.2166 3
    endloop
  endfacet
  facet normal 0.555617 -0.831438 0
    outer loop
      vertex -31.95 -14.3651 3
      vertex -31.6781 -14.1834 4.5
      vertex -31.95 -14.3651 4.5
    endloop
  endfacet
  facet normal 0.555617 -0.831438 0
    outer loop
      vertex -31.6781 -14.1834 4.5
      vertex -31.95 -14.3651 3
      vertex -31.6781 -14.1834 3
    endloop
  endfacet
  facet normal 0.98078 -0.195116 0
    outer loop
      vertex -30.7852 -12.847 4.5
      vertex -30.7214 -12.5263 3
      vertex -30.7214 -12.5263 4.5
    endloop
  endfacet
  facet normal 0.98078 -0.195116 0
    outer loop
      vertex -30.7214 -12.5263 3
      vertex -30.7852 -12.847 4.5
      vertex -30.7852 -12.847 3
    endloop
  endfacet
  facet normal 0 0 1
    outer loop
      vertex -32.4 -12.2 4.5
      vertex -30.7 -12.2 4.5
      vertex -30.7214 -11.8737 4.5
    endloop
  endfacet
  facet normal 0 0 1
    outer loop
      vertex -32.4068 -12.0956 4.5
      vertex -30.7214 -11.8737 4.5
      vertex -30.7852 -11.553 4.5
    endloop
  endfacet
  facet normal 0 0 1
    outer loop
      vertex -30.7 -12.2 4.5
      vertex -32.4 -12.2 4.5
      vertex -30.7214 -12.5263 4.5
    endloop
  endfacet
  facet normal 0 0 1
    outer loop
      vertex -32.4273 -11.9929 4.5
      vertex -30.7852 -11.553 4.5
      vertex -30.8903 -11.2433 4.5
    endloop
  endfacet
  facet normal -0 0 1
    outer loop
      vertex -32.4068 -12.3044 4.5
      vertex -30.7214 -12.5263 4.5
      vertex -32.4 -12.2 4.5
    endloop
  endfacet
  facet normal 0 0 1
    outer loop
      vertex -32.4609 -11.8939 4.5
      vertex -30.8903 -11.2433 4.5
      vertex -31.0349 -10.95 4.5
    endloop
  endfacet
  facet normal 0 0 1
    outer loop
      vertex -30.7214 -12.5263 4.5
      vertex -32.4068 -12.3044 4.5
      vertex -30.7852 -12.847 4.5
    endloop
  endfacet
  facet normal 0 0 1
    outer loop
      vertex -32.5072 -11.8 4.5
      vertex -31.0349 -10.95 4.5
      vertex -31.2166 -10.6781 4.5
    endloop
  endfacet
  facet normal -0 0 1
    outer loop
      vertex -32.4273 -12.4071 4.5
      vertex -30.7852 -12.847 4.5
      vertex -32.4068 -12.3044 4.5
    endloop
  endfacet
  facet normal 0 0 1
    outer loop
      vertex -32.5653 -11.713 4.5
      vertex -31.2166 -10.6781 4.5
      vertex -31.4322 -10.4322 4.5
    endloop
  endfacet
  facet normal 0 0 1
    outer loop
      vertex -30.7852 -12.847 4.5
      vertex -32.4273 -12.4071 4.5
      vertex -30.8903 -13.1567 4.5
    endloop
  endfacet
  facet normal 0 0 1
    outer loop
      vertex -32.6343 -11.6343 4.5
      vertex -31.4322 -10.4322 4.5
      vertex -31.6781 -10.2166 4.5
    endloop
  endfacet
  facet normal -0 0 1
    outer loop
      vertex -32.4609 -12.5061 4.5
      vertex -30.8903 -13.1567 4.5
      vertex -32.4273 -12.4071 4.5
    endloop
  endfacet
  facet normal 0 0 1
    outer loop
      vertex -32.713 -11.5653 4.5
      vertex -31.6781 -10.2166 4.5
      vertex -31.95 -10.0349 4.5
    endloop
  endfacet
  facet normal 0 0 1
    outer loop
      vertex -30.8903 -13.1567 4.5
      vertex -32.4609 -12.5061 4.5
      vertex -31.0349 -13.45 4.5
    endloop
  endfacet
  facet normal 0 0 1
    outer loop
      vertex -32.8 -11.5072 4.5
      vertex -31.95 -10.0349 4.5
      vertex -32.2433 -9.8903 4.5
    endloop
  endfacet
  facet normal -0 0 1
    outer loop
      vertex -32.5072 -12.6 4.5
      vertex -31.0349 -13.45 4.5
      vertex -32.4609 -12.5061 4.5
    endloop
  endfacet
  facet normal 0 0 1
    outer loop
      vertex -31.0349 -13.45 4.5
      vertex -32.5072 -12.6 4.5
      vertex -31.2166 -13.7219 4.5
    endloop
  endfacet
  facet normal 0 0 1
    outer loop
      vertex -30.7214 -11.8737 4.5
      vertex -32.4068 -12.0956 4.5
      vertex -32.4 -12.2 4.5
    endloop
  endfacet
  facet normal 0 0 1
    outer loop
      vertex -30.7852 -11.553 4.5
      vertex -32.4273 -11.9929 4.5
      vertex -32.4068 -12.0956 4.5
    endloop
  endfacet
  facet normal 0 0 1
    outer loop
      vertex -30.8903 -11.2433 4.5
      vertex -32.4609 -11.8939 4.5
      vertex -32.4273 -11.9929 4.5
    endloop
  endfacet
  facet normal 0 0 1
    outer loop
      vertex -31.0349 -10.95 4.5
      vertex -32.5072 -11.8 4.5
      vertex -32.4609 -11.8939 4.5
    endloop
  endfacet
  facet normal 0 0 1
    outer loop
      vertex -32.8939 -11.4609 4.5
      vertex -32.2433 -9.8903 4.5
      vertex -32.553 -9.78518 4.5
    endloop
  endfacet
  facet normal 0 0 1
    outer loop
      vertex -31.2166 -10.6781 4.5
      vertex -32.5653 -11.713 4.5
      vertex -32.5072 -11.8 4.5
    endloop
  endfacet
  facet normal 0 0 1
    outer loop
      vertex -31.4322 -10.4322 4.5
      vertex -32.6343 -11.6343 4.5
      vertex -32.5653 -11.713 4.5
    endloop
  endfacet
  facet normal 0 0 1
    outer loop
      vertex -31.6781 -10.2166 4.5
      vertex -32.713 -11.5653 4.5
      vertex -32.6343 -11.6343 4.5
    endloop
  endfacet
  facet normal 0 0 1
    outer loop
      vertex -31.95 -10.0349 4.5
      vertex -32.8 -11.5072 4.5
      vertex -32.713 -11.5653 4.5
    endloop
  endfacet
  facet normal 0 0 1
    outer loop
      vertex -32.9929 -11.4273 4.5
      vertex -32.553 -9.78518 4.5
      vertex -32.8737 -9.72139 4.5
    endloop
  endfacet
  facet normal 0 0 1
    outer loop
      vertex -32.2433 -9.8903 4.5
      vertex -32.8939 -11.4609 4.5
      vertex -32.8 -11.5072 4.5
    endloop
  endfacet
  facet normal 0 0 1
    outer loop
      vertex -32.553 -9.78518 4.5
      vertex -32.9929 -11.4273 4.5
      vertex -32.8939 -11.4609 4.5
    endloop
  endfacet
  facet normal 0 0 1
    outer loop
      vertex -32.8737 -9.72139 4.5
      vertex -33.0956 -11.4068 4.5
      vertex -32.9929 -11.4273 4.5
    endloop
  endfacet
  facet normal 0 0 1
    outer loop
      vertex -33.2 -9.7 4.5
      vertex -33.0956 -11.4068 4.5
      vertex -32.8737 -9.72139 4.5
    endloop
  endfacet
  facet normal 0 0 1
    outer loop
      vertex -33.2 -9.7 4.5
      vertex -33.2 -11.4 4.5
      vertex -33.0956 -11.4068 4.5
    endloop
  endfacet
  facet normal 0 0 1
    outer loop
      vertex -33.2 -9.7 4.5
      vertex -33.3044 -11.4068 4.5
      vertex -33.2 -11.4 4.5
    endloop
  endfacet
  facet normal -0 0 1
    outer loop
      vertex -33.5263 -9.72139 4.5
      vertex -33.3044 -11.4068 4.5
      vertex -33.2 -9.7 4.5
    endloop
  endfacet
  facet normal 0 0 1
    outer loop
      vertex -33.3044 -11.4068 4.5
      vertex -33.5263 -9.72139 4.5
      vertex -33.4071 -11.4273 4.5
    endloop
  endfacet
  facet normal -0 0 1
    outer loop
      vertex -33.847 -9.78518 4.5
      vertex -33.4071 -11.4273 4.5
      vertex -33.5263 -9.72139 4.5
    endloop
  endfacet
  facet normal 0 0 1
    outer loop
      vertex -33.4071 -11.4273 4.5
      vertex -33.847 -9.78518 4.5
      vertex -33.5061 -11.4609 4.5
    endloop
  endfacet
  facet normal -0 0 1
    outer loop
      vertex -34.1567 -9.8903 4.5
      vertex -33.5061 -11.4609 4.5
      vertex -33.847 -9.78518 4.5
    endloop
  endfacet
  facet normal 0 0 1
    outer loop
      vertex -33.5061 -11.4609 4.5
      vertex -34.1567 -9.8903 4.5
      vertex -33.6 -11.5072 4.5
    endloop
  endfacet
  facet normal -0 0 1
    outer loop
      vertex -34.45 -10.0349 4.5
      vertex -33.6 -11.5072 4.5
      vertex -34.1567 -9.8903 4.5
    endloop
  endfacet
  facet normal 0 0 1
    outer loop
      vertex -33.6 -11.5072 4.5
      vertex -34.45 -10.0349 4.5
      vertex -33.687 -11.5653 4.5
    endloop
  endfacet
  facet normal -0 0 1
    outer loop
      vertex -34.7219 -10.2166 4.5
      vertex -33.687 -11.5653 4.5
      vertex -34.45 -10.0349 4.5
    endloop
  endfacet
  facet normal 0 0 1
    outer loop
      vertex -33.687 -11.5653 4.5
      vertex -34.7219 -10.2166 4.5
      vertex -33.7657 -11.6343 4.5
    endloop
  endfacet
  facet normal -0 0 1
    outer loop
      vertex -34.9678 -10.4322 4.5
      vertex -33.7657 -11.6343 4.5
      vertex -34.7219 -10.2166 4.5
    endloop
  endfacet
  facet normal 0 0 1
    outer loop
      vertex -33.7657 -11.6343 4.5
      vertex -34.9678 -10.4322 4.5
      vertex -33.8347 -11.713 4.5
    endloop
  endfacet
  facet normal -0 0 1
    outer loop
      vertex -35.1834 -10.6781 4.5
      vertex -33.8347 -11.713 4.5
      vertex -34.9678 -10.4322 4.5
    endloop
  endfacet
  facet normal 0 0 1
    outer loop
      vertex -33.8347 -11.713 4.5
      vertex -35.1834 -10.6781 4.5
      vertex -33.8928 -11.8 4.5
    endloop
  endfacet
  facet normal -0 0 1
    outer loop
      vertex -32.5653 -12.687 4.5
      vertex -31.2166 -13.7219 4.5
      vertex -32.5072 -12.6 4.5
    endloop
  endfacet
  facet normal 0 0 1
    outer loop
      vertex -31.2166 -13.7219 4.5
      vertex -32.5653 -12.687 4.5
      vertex -31.4322 -13.9678 4.5
    endloop
  endfacet
  facet normal -0 0 1
    outer loop
      vertex -32.6343 -12.7657 4.5
      vertex -31.4322 -13.9678 4.5
      vertex -32.5653 -12.687 4.5
    endloop
  endfacet
  facet normal 0 0 1
    outer loop
      vertex -31.4322 -13.9678 4.5
      vertex -32.6343 -12.7657 4.5
      vertex -31.6781 -14.1834 4.5
    endloop
  endfacet
  facet normal -0 0 1
    outer loop
      vertex -32.713 -12.8347 4.5
      vertex -31.6781 -14.1834 4.5
      vertex -32.6343 -12.7657 4.5
    endloop
  endfacet
  facet normal 0 0 1
    outer loop
      vertex -31.6781 -14.1834 4.5
      vertex -32.713 -12.8347 4.5
      vertex -31.95 -14.3651 4.5
    endloop
  endfacet
  facet normal -0 0 1
    outer loop
      vertex -32.8 -12.8928 4.5
      vertex -31.95 -14.3651 4.5
      vertex -32.713 -12.8347 4.5
    endloop
  endfacet
  facet normal 0 0 1
    outer loop
      vertex -31.95 -14.3651 4.5
      vertex -32.8 -12.8928 4.5
      vertex -32.2433 -14.5097 4.5
    endloop
  endfacet
  facet normal -0 0 1
    outer loop
      vertex -32.8939 -12.9391 4.5
      vertex -32.2433 -14.5097 4.5
      vertex -32.8 -12.8928 4.5
    endloop
  endfacet
  facet normal 0 0 1
    outer loop
      vertex -32.2433 -14.5097 4.5
      vertex -32.8939 -12.9391 4.5
      vertex -32.553 -14.6148 4.5
    endloop
  endfacet
  facet normal -0 0 1
    outer loop
      vertex -32.9929 -12.9727 4.5
      vertex -32.553 -14.6148 4.5
      vertex -32.8939 -12.9391 4.5
    endloop
  endfacet
  facet normal 0 0 1
    outer loop
      vertex -32.553 -14.6148 4.5
      vertex -32.9929 -12.9727 4.5
      vertex -32.8737 -14.6786 4.5
    endloop
  endfacet
  facet normal -0 0 1
    outer loop
      vertex -33.0956 -12.9932 4.5
      vertex -32.8737 -14.6786 4.5
      vertex -32.9929 -12.9727 4.5
    endloop
  endfacet
  facet normal -0 0 1
    outer loop
      vertex -33.2 -13 4.5
      vertex -32.8737 -14.6786 4.5
      vertex -33.0956 -12.9932 4.5
    endloop
  endfacet
  facet normal 0 0 1
    outer loop
      vertex -33.2 -13 4.5
      vertex -33.2 -14.7 4.5
      vertex -32.8737 -14.6786 4.5
    endloop
  endfacet
  facet normal 0 0 1
    outer loop
      vertex -33.3044 -12.9932 4.5
      vertex -33.2 -14.7 4.5
      vertex -33.2 -13 4.5
    endloop
  endfacet
  facet normal 0 0 1
    outer loop
      vertex -33.5263 -14.6786 4.5
      vertex -33.3044 -12.9932 4.5
      vertex -33.4071 -12.9727 4.5
    endloop
  endfacet
  facet normal 0 0 1
    outer loop
      vertex -33.847 -14.6148 4.5
      vertex -33.4071 -12.9727 4.5
      vertex -33.5061 -12.9391 4.5
    endloop
  endfacet
  facet normal 0 0 1
    outer loop
      vertex -33.3044 -12.9932 4.5
      vertex -33.5263 -14.6786 4.5
      vertex -33.2 -14.7 4.5
    endloop
  endfacet
  facet normal 0 0 1
    outer loop
      vertex -34.1567 -14.5097 4.5
      vertex -33.5061 -12.9391 4.5
      vertex -33.6 -12.8928 4.5
    endloop
  endfacet
  facet normal 0 0 1
    outer loop
      vertex -34.45 -14.3651 4.5
      vertex -33.6 -12.8928 4.5
      vertex -33.687 -12.8347 4.5
    endloop
  endfacet
  facet normal 0 0 1
    outer loop
      vertex -34.7219 -14.1834 4.5
      vertex -33.687 -12.8347 4.5
      vertex -33.7657 -12.7657 4.5
    endloop
  endfacet
  facet normal 0 0 1
    outer loop
      vertex -34.9678 -13.9678 4.5
      vertex -33.7657 -12.7657 4.5
      vertex -33.8347 -12.687 4.5
    endloop
  endfacet
  facet normal 0 0 1
    outer loop
      vertex -33.4071 -12.9727 4.5
      vertex -33.847 -14.6148 4.5
      vertex -33.5263 -14.6786 4.5
    endloop
  endfacet
  facet normal 0 0 1
    outer loop
      vertex -35.1834 -13.7219 4.5
      vertex -33.8347 -12.687 4.5
      vertex -33.8928 -12.6 4.5
    endloop
  endfacet
  facet normal 0 0 1
    outer loop
      vertex -35.3651 -13.45 4.5
      vertex -33.8928 -12.6 4.5
      vertex -33.9391 -12.5061 4.5
    endloop
  endfacet
  facet normal 0 0 1
    outer loop
      vertex -35.5097 -13.1567 4.5
      vertex -33.9391 -12.5061 4.5
      vertex -33.9727 -12.4071 4.5
    endloop
  endfacet
  facet normal 0 0 1
    outer loop
      vertex -35.6148 -12.847 4.5
      vertex -33.9727 -12.4071 4.5
      vertex -33.9932 -12.3044 4.5
    endloop
  endfacet
  facet normal 0 0 1
    outer loop
      vertex -35.6786 -12.5263 4.5
      vertex -33.9932 -12.3044 4.5
      vertex -34 -12.2 4.5
    endloop
  endfacet
  facet normal -0 0 1
    outer loop
      vertex -35.3651 -10.95 4.5
      vertex -33.8928 -11.8 4.5
      vertex -35.1834 -10.6781 4.5
    endloop
  endfacet
  facet normal 0 0 1
    outer loop
      vertex -33.5061 -12.9391 4.5
      vertex -34.1567 -14.5097 4.5
      vertex -33.847 -14.6148 4.5
    endloop
  endfacet
  facet normal 0 0 1
    outer loop
      vertex -33.8928 -11.8 4.5
      vertex -35.3651 -10.95 4.5
      vertex -33.9391 -11.8939 4.5
    endloop
  endfacet
  facet normal 0 0 1
    outer loop
      vertex -33.6 -12.8928 4.5
      vertex -34.45 -14.3651 4.5
      vertex -34.1567 -14.5097 4.5
    endloop
  endfacet
  facet normal -0 0 1
    outer loop
      vertex -35.5097 -11.2433 4.5
      vertex -33.9391 -11.8939 4.5
      vertex -35.3651 -10.95 4.5
    endloop
  endfacet
  facet normal 0 0 1
    outer loop
      vertex -33.687 -12.8347 4.5
      vertex -34.7219 -14.1834 4.5
      vertex -34.45 -14.3651 4.5
    endloop
  endfacet
  facet normal 0 0 1
    outer loop
      vertex -33.9391 -11.8939 4.5
      vertex -35.5097 -11.2433 4.5
      vertex -33.9727 -11.9929 4.5
    endloop
  endfacet
  facet normal 0 0 1
    outer loop
      vertex -33.7657 -12.7657 4.5
      vertex -34.9678 -13.9678 4.5
      vertex -34.7219 -14.1834 4.5
    endloop
  endfacet
  facet normal -0 0 1
    outer loop
      vertex -35.6148 -11.553 4.5
      vertex -33.9727 -11.9929 4.5
      vertex -35.5097 -11.2433 4.5
    endloop
  endfacet
  facet normal 0 0 1
    outer loop
      vertex -33.8347 -12.687 4.5
      vertex -35.1834 -13.7219 4.5
      vertex -34.9678 -13.9678 4.5
    endloop
  endfacet
  facet normal 0 0 1
    outer loop
      vertex -33.9727 -11.9929 4.5
      vertex -35.6148 -11.553 4.5
      vertex -33.9932 -12.0956 4.5
    endloop
  endfacet
  facet normal 0 0 1
    outer loop
      vertex -33.8928 -12.6 4.5
      vertex -35.3651 -13.45 4.5
      vertex -35.1834 -13.7219 4.5
    endloop
  endfacet
  facet normal -0 0 1
    outer loop
      vertex -35.6786 -11.8737 4.5
      vertex -33.9932 -12.0956 4.5
      vertex -35.6148 -11.553 4.5
    endloop
  endfacet
  facet normal 0 0 1
    outer loop
      vertex -33.9391 -12.5061 4.5
      vertex -35.5097 -13.1567 4.5
      vertex -35.3651 -13.45 4.5
    endloop
  endfacet
  facet normal 0 0 1
    outer loop
      vertex -33.9932 -12.0956 4.5
      vertex -35.6786 -11.8737 4.5
      vertex -34 -12.2 4.5
    endloop
  endfacet
  facet normal 0 0 1
    outer loop
      vertex -33.9727 -12.4071 4.5
      vertex -35.6148 -12.847 4.5
      vertex -35.5097 -13.1567 4.5
    endloop
  endfacet
  facet normal 0 0 1
    outer loop
      vertex -35.7 -12.2 4.5
      vertex -34 -12.2 4.5
      vertex -35.6786 -11.8737 4.5
    endloop
  endfacet
  facet normal 0 0 1
    outer loop
      vertex -33.9932 -12.3044 4.5
      vertex -35.6786 -12.5263 4.5
      vertex -35.6148 -12.847 4.5
    endloop
  endfacet
  facet normal 0 0 1
    outer loop
      vertex -34 -12.2 4.5
      vertex -35.7 -12.2 4.5
      vertex -35.6786 -12.5263 4.5
    endloop
  endfacet
  facet normal 0.442191 0.896921 -0
    outer loop
      vertex -31.95 -10.0349 3
      vertex -32.2433 -9.8903 4.5
      vertex -31.95 -10.0349 4.5
    endloop
  endfacet
  facet normal 0.442191 0.896921 0
    outer loop
      vertex -32.2433 -9.8903 4.5
      vertex -31.95 -10.0349 3
      vertex -32.2433 -9.8903 3
    endloop
  endfacet
  facet normal -0.555617 0.831438 0
    outer loop
      vertex -34.45 -10.0349 3
      vertex -34.7219 -10.2166 4.5
      vertex -34.45 -10.0349 4.5
    endloop
  endfacet
  facet normal -0.555617 0.831438 0
    outer loop
      vertex -34.7219 -10.2166 4.5
      vertex -34.45 -10.0349 3
      vertex -34.7219 -10.2166 3
    endloop
  endfacet
  facet normal -0.659262 0.751913 0
    outer loop
      vertex -34.7219 -10.2166 3
      vertex -34.9678 -10.4322 4.5
      vertex -34.7219 -10.2166 4.5
    endloop
  endfacet
  facet normal -0.659262 0.751913 0
    outer loop
      vertex -34.9678 -10.4322 4.5
      vertex -34.7219 -10.2166 3
      vertex -34.9678 -10.4322 3
    endloop
  endfacet
  facet normal -0.946957 0.32136 0
    outer loop
      vertex -35.6148 -11.553 3
      vertex -35.5097 -11.2433 4.5
      vertex -35.5097 -11.2433 3
    endloop
  endfacet
  facet normal -0.946957 0.32136 0
    outer loop
      vertex -35.5097 -11.2433 4.5
      vertex -35.6148 -11.553 3
      vertex -35.6148 -11.553 4.5
    endloop
  endfacet
  facet normal -0.0654432 -0.997856 0
    outer loop
      vertex -33.5263 -14.6786 3
      vertex -33.2 -14.7 4.5
      vertex -33.5263 -14.6786 4.5
    endloop
  endfacet
  facet normal -0.0654432 -0.997856 -0
    outer loop
      vertex -33.2 -14.7 4.5
      vertex -33.5263 -14.6786 3
      vertex -33.2 -14.7 3
    endloop
  endfacet
  facet normal -0.831438 -0.555617 0
    outer loop
      vertex -35.1834 -13.7219 3
      vertex -35.3651 -13.45 4.5
      vertex -35.3651 -13.45 3
    endloop
  endfacet
  facet normal -0.831438 -0.555617 0
    outer loop
      vertex -35.3651 -13.45 4.5
      vertex -35.1834 -13.7219 3
      vertex -35.1834 -13.7219 4.5
    endloop
  endfacet
  facet normal -0.751913 -0.659262 0
    outer loop
      vertex -34.9678 -13.9678 3
      vertex -35.1834 -13.7219 4.5
      vertex -35.1834 -13.7219 3
    endloop
  endfacet
  facet normal -0.751913 -0.659262 0
    outer loop
      vertex -35.1834 -13.7219 4.5
      vertex -34.9678 -13.9678 3
      vertex -34.9678 -13.9678 4.5
    endloop
  endfacet
  facet normal -0.442191 -0.896921 0
    outer loop
      vertex -34.45 -14.3651 3
      vertex -34.1567 -14.5097 4.5
      vertex -34.45 -14.3651 4.5
    endloop
  endfacet
  facet normal -0.442191 -0.896921 -0
    outer loop
      vertex -34.1567 -14.5097 4.5
      vertex -34.45 -14.3651 3
      vertex -34.1567 -14.5097 3
    endloop
  endfacet
  facet normal -0.896921 0.442191 0
    outer loop
      vertex -35.5097 -11.2433 3
      vertex -35.3651 -10.95 4.5
      vertex -35.3651 -10.95 3
    endloop
  endfacet
  facet normal -0.896921 0.442191 0
    outer loop
      vertex -35.3651 -10.95 4.5
      vertex -35.5097 -11.2433 3
      vertex -35.5097 -11.2433 4.5
    endloop
  endfacet
  facet normal -0.321415 -0.946938 0
    outer loop
      vertex -34.1567 9.8903 3
      vertex -33.847 9.78518 4.5
      vertex -34.1567 9.8903 4.5
    endloop
  endfacet
  facet normal -0.321415 -0.946938 -0
    outer loop
      vertex -33.847 9.78518 4.5
      vertex -34.1567 9.8903 3
      vertex -33.847 9.78518 3
    endloop
  endfacet
  facet normal 0.751913 -0.659262 0
    outer loop
      vertex -31.4322 10.4322 4.5
      vertex -31.2166 10.6781 3
      vertex -31.2166 10.6781 4.5
    endloop
  endfacet
  facet normal 0.751913 -0.659262 0
    outer loop
      vertex -31.2166 10.6781 3
      vertex -31.4322 10.4322 4.5
      vertex -31.4322 10.4322 3
    endloop
  endfacet
  facet normal -0.0654128 -0.997858 0
    outer loop
      vertex -33.5263 9.72139 3
      vertex -33.2 9.7 4.5
      vertex -33.5263 9.72139 4.5
    endloop
  endfacet
  facet normal -0.0654128 -0.997858 -0
    outer loop
      vertex -33.2 9.7 4.5
      vertex -33.5263 9.72139 3
      vertex -33.2 9.7 3
    endloop
  endfacet
  facet normal -0.442191 0.896921 0
    outer loop
      vertex -34.1567 14.5097 3
      vertex -34.45 14.3651 4.5
      vertex -34.1567 14.5097 4.5
    endloop
  endfacet
  facet normal -0.442191 0.896921 0
    outer loop
      vertex -34.45 14.3651 4.5
      vertex -34.1567 14.5097 3
      vertex -34.45 14.3651 3
    endloop
  endfacet
  facet normal 0.321415 -0.946938 0
    outer loop
      vertex -32.553 9.78518 3
      vertex -32.2433 9.8903 4.5
      vertex -32.553 9.78518 4.5
    endloop
  endfacet
  facet normal 0.321415 -0.946938 0
    outer loop
      vertex -32.2433 9.8903 4.5
      vertex -32.553 9.78518 3
      vertex -32.2433 9.8903 3
    endloop
  endfacet
  facet normal 0.442191 -0.896921 0
    outer loop
      vertex -32.2433 9.8903 3
      vertex -31.95 10.0349 4.5
      vertex -32.2433 9.8903 4.5
    endloop
  endfacet
  facet normal 0.442191 -0.896921 0
    outer loop
      vertex -31.95 10.0349 4.5
      vertex -32.2433 9.8903 3
      vertex -31.95 10.0349 3
    endloop
  endfacet
  facet normal -0.98078 0.195116 0
    outer loop
      vertex -35.6786 12.5263 3
      vertex -35.6148 12.847 4.5
      vertex -35.6148 12.847 3
    endloop
  endfacet
  facet normal -0.98078 0.195116 0
    outer loop
      vertex -35.6148 12.847 4.5
      vertex -35.6786 12.5263 3
      vertex -35.6786 12.5263 4.5
    endloop
  endfacet
  facet normal 0.831438 0.555617 0
    outer loop
      vertex -31.0349 13.45 4.5
      vertex -31.2166 13.7219 3
      vertex -31.2166 13.7219 4.5
    endloop
  endfacet
  facet normal 0.831438 0.555617 0
    outer loop
      vertex -31.2166 13.7219 3
      vertex -31.0349 13.45 4.5
      vertex -31.0349 13.45 3
    endloop
  endfacet
  facet normal -0.195116 0.98078 0
    outer loop
      vertex -33.5263 14.6786 3
      vertex -33.847 14.6148 4.5
      vertex -33.5263 14.6786 4.5
    endloop
  endfacet
  facet normal -0.195116 0.98078 0
    outer loop
      vertex -33.847 14.6148 4.5
      vertex -33.5263 14.6786 3
      vertex -33.847 14.6148 3
    endloop
  endfacet
  facet normal 0.0654432 0.997856 -0
    outer loop
      vertex -32.8737 14.6786 3
      vertex -33.2 14.7 4.5
      vertex -32.8737 14.6786 4.5
    endloop
  endfacet
  facet normal 0.0654432 0.997856 0
    outer loop
      vertex -33.2 14.7 4.5
      vertex -32.8737 14.6786 3
      vertex -33.2 14.7 3
    endloop
  endfacet
  facet normal 0.98078 0.195116 0
    outer loop
      vertex -30.7214 12.5263 4.5
      vertex -30.7852 12.847 3
      vertex -30.7852 12.847 4.5
    endloop
  endfacet
  facet normal 0.98078 0.195116 0
    outer loop
      vertex -30.7852 12.847 3
      vertex -30.7214 12.5263 4.5
      vertex -30.7214 12.5263 3
    endloop
  endfacet
  facet normal 0.195116 0.98078 -0
    outer loop
      vertex -32.553 14.6148 3
      vertex -32.8737 14.6786 4.5
      vertex -32.553 14.6148 4.5
    endloop
  endfacet
  facet normal 0.195116 0.98078 0
    outer loop
      vertex -32.8737 14.6786 4.5
      vertex -32.553 14.6148 3
      vertex -32.8737 14.6786 3
    endloop
  endfacet
  facet normal 0.659262 -0.751913 0
    outer loop
      vertex -31.6781 10.2166 3
      vertex -31.4322 10.4322 4.5
      vertex -31.6781 10.2166 4.5
    endloop
  endfacet
  facet normal 0.659262 -0.751913 0
    outer loop
      vertex -31.4322 10.4322 4.5
      vertex -31.6781 10.2166 3
      vertex -31.4322 10.4322 3
    endloop
  endfacet
  facet normal 0.946957 0.32136 0
    outer loop
      vertex -30.7852 12.847 4.5
      vertex -30.8903 13.1567 3
      vertex -30.8903 13.1567 4.5
    endloop
  endfacet
  facet normal 0.946957 0.32136 0
    outer loop
      vertex -30.8903 13.1567 3
      vertex -30.7852 12.847 4.5
      vertex -30.7852 12.847 3
    endloop
  endfacet
  facet normal 0.997856 0.0654432 0
    outer loop
      vertex -30.7 12.2 4.5
      vertex -30.7214 12.5263 3
      vertex -30.7214 12.5263 4.5
    endloop
  endfacet
  facet normal 0.997856 0.0654432 0
    outer loop
      vertex -30.7214 12.5263 3
      vertex -30.7 12.2 4.5
      vertex -30.7 12.2 3
    endloop
  endfacet
  facet normal -0.32136 0.946957 0
    outer loop
      vertex -33.847 14.6148 3
      vertex -34.1567 14.5097 4.5
      vertex -33.847 14.6148 4.5
    endloop
  endfacet
  facet normal -0.32136 0.946957 0
    outer loop
      vertex -34.1567 14.5097 4.5
      vertex -33.847 14.6148 3
      vertex -34.1567 14.5097 3
    endloop
  endfacet
  facet normal 0.442191 0.896921 -0
    outer loop
      vertex -31.95 14.3651 3
      vertex -32.2433 14.5097 4.5
      vertex -31.95 14.3651 4.5
    endloop
  endfacet
  facet normal 0.442191 0.896921 0
    outer loop
      vertex -32.2433 14.5097 4.5
      vertex -31.95 14.3651 3
      vertex -32.2433 14.5097 3
    endloop
  endfacet
  facet normal -0.896921 -0.442191 0
    outer loop
      vertex -35.3651 10.95 3
      vertex -35.5097 11.2433 4.5
      vertex -35.5097 11.2433 3
    endloop
  endfacet
  facet normal -0.896921 -0.442191 0
    outer loop
      vertex -35.5097 11.2433 4.5
      vertex -35.3651 10.95 3
      vertex -35.3651 10.95 4.5
    endloop
  endfacet
  facet normal -0.997856 0.0654432 0
    outer loop
      vertex -35.7 12.2 3
      vertex -35.6786 12.5263 4.5
      vertex -35.6786 12.5263 3
    endloop
  endfacet
  facet normal -0.997856 0.0654432 0
    outer loop
      vertex -35.6786 12.5263 4.5
      vertex -35.7 12.2 3
      vertex -35.7 12.2 4.5
    endloop
  endfacet
  facet normal -0.946957 -0.32136 0
    outer loop
      vertex -35.5097 11.2433 3
      vertex -35.6148 11.553 4.5
      vertex -35.6148 11.553 3
    endloop
  endfacet
  facet normal -0.946957 -0.32136 0
    outer loop
      vertex -35.6148 11.553 4.5
      vertex -35.5097 11.2433 3
      vertex -35.5097 11.2433 4.5
    endloop
  endfacet
  facet normal 0.659262 0.751913 -0
    outer loop
      vertex -31.4322 13.9678 3
      vertex -31.6781 14.1834 4.5
      vertex -31.4322 13.9678 4.5
    endloop
  endfacet
  facet normal 0.659262 0.751913 0
    outer loop
      vertex -31.6781 14.1834 4.5
      vertex -31.4322 13.9678 3
      vertex -31.6781 14.1834 3
    endloop
  endfacet
  facet normal 0.997856 -0.0654432 0
    outer loop
      vertex -30.7214 11.8737 4.5
      vertex -30.7 12.2 3
      vertex -30.7 12.2 4.5
    endloop
  endfacet
  facet normal 0.997856 -0.0654432 0
    outer loop
      vertex -30.7 12.2 3
      vertex -30.7214 11.8737 4.5
      vertex -30.7214 11.8737 3
    endloop
  endfacet
  facet normal 0.98078 -0.195116 0
    outer loop
      vertex -30.7852 11.553 4.5
      vertex -30.7214 11.8737 3
      vertex -30.7214 11.8737 4.5
    endloop
  endfacet
  facet normal 0.98078 -0.195116 0
    outer loop
      vertex -30.7214 11.8737 3
      vertex -30.7852 11.553 4.5
      vertex -30.7852 11.553 3
    endloop
  endfacet
  facet normal -0.0654432 0.997856 0
    outer loop
      vertex -33.2 14.7 3
      vertex -33.5263 14.6786 4.5
      vertex -33.2 14.7 4.5
    endloop
  endfacet
  facet normal -0.0654432 0.997856 0
    outer loop
      vertex -33.5263 14.6786 4.5
      vertex -33.2 14.7 3
      vertex -33.5263 14.6786 3
    endloop
  endfacet
  facet normal -0.555617 0.831438 0
    outer loop
      vertex -34.45 14.3651 3
      vertex -34.7219 14.1834 4.5
      vertex -34.45 14.3651 4.5
    endloop
  endfacet
  facet normal -0.555617 0.831438 0
    outer loop
      vertex -34.7219 14.1834 4.5
      vertex -34.45 14.3651 3
      vertex -34.7219 14.1834 3
    endloop
  endfacet
  facet normal -0.659262 -0.751913 0
    outer loop
      vertex -34.9678 10.4322 3
      vertex -34.7219 10.2166 4.5
      vertex -34.9678 10.4322 4.5
    endloop
  endfacet
  facet normal -0.659262 -0.751913 -0
    outer loop
      vertex -34.7219 10.2166 4.5
      vertex -34.9678 10.4322 3
      vertex -34.7219 10.2166 3
    endloop
  endfacet
  facet normal -0.195087 -0.980786 0
    outer loop
      vertex -33.847 9.78518 3
      vertex -33.5263 9.72139 4.5
      vertex -33.847 9.78518 4.5
    endloop
  endfacet
  facet normal -0.195087 -0.980786 -0
    outer loop
      vertex -33.5263 9.72139 4.5
      vertex -33.847 9.78518 3
      vertex -33.5263 9.72139 3
    endloop
  endfacet
  facet normal 0.555617 0.831438 -0
    outer loop
      vertex -31.6781 14.1834 3
      vertex -31.95 14.3651 4.5
      vertex -31.6781 14.1834 4.5
    endloop
  endfacet
  facet normal 0.555617 0.831438 0
    outer loop
      vertex -31.95 14.3651 4.5
      vertex -31.6781 14.1834 3
      vertex -31.95 14.3651 3
    endloop
  endfacet
  facet normal -0.442191 -0.896921 0
    outer loop
      vertex -34.45 10.0349 3
      vertex -34.1567 9.8903 4.5
      vertex -34.45 10.0349 4.5
    endloop
  endfacet
  facet normal -0.442191 -0.896921 -0
    outer loop
      vertex -34.1567 9.8903 4.5
      vertex -34.45 10.0349 3
      vertex -34.1567 9.8903 3
    endloop
  endfacet
  facet normal 0.32136 0.946957 -0
    outer loop
      vertex -32.2433 14.5097 3
      vertex -32.553 14.6148 4.5
      vertex -32.2433 14.5097 4.5
    endloop
  endfacet
  facet normal 0.32136 0.946957 0
    outer loop
      vertex -32.553 14.6148 4.5
      vertex -32.2433 14.5097 3
      vertex -32.553 14.6148 3
    endloop
  endfacet
  facet normal 0 0 1
    outer loop
      vertex -32.4 12.2 4.5
      vertex -30.7 12.2 4.5
      vertex -30.7214 12.5263 4.5
    endloop
  endfacet
  facet normal 0 0 1
    outer loop
      vertex -32.4068 12.3044 4.5
      vertex -30.7214 12.5263 4.5
      vertex -30.7852 12.847 4.5
    endloop
  endfacet
  facet normal 0 0 1
    outer loop
      vertex -30.7 12.2 4.5
      vertex -32.4 12.2 4.5
      vertex -30.7214 11.8737 4.5
    endloop
  endfacet
  facet normal 0 0 1
    outer loop
      vertex -32.4273 12.4071 4.5
      vertex -30.7852 12.847 4.5
      vertex -30.8903 13.1567 4.5
    endloop
  endfacet
  facet normal -0 0 1
    outer loop
      vertex -32.4068 12.0956 4.5
      vertex -30.7214 11.8737 4.5
      vertex -32.4 12.2 4.5
    endloop
  endfacet
  facet normal 0 0 1
    outer loop
      vertex -32.4609 12.5061 4.5
      vertex -30.8903 13.1567 4.5
      vertex -31.0349 13.45 4.5
    endloop
  endfacet
  facet normal 0 0 1
    outer loop
      vertex -30.7214 11.8737 4.5
      vertex -32.4068 12.0956 4.5
      vertex -30.7852 11.553 4.5
    endloop
  endfacet
  facet normal 0 0 1
    outer loop
      vertex -32.5072 12.6 4.5
      vertex -31.0349 13.45 4.5
      vertex -31.2166 13.7219 4.5
    endloop
  endfacet
  facet normal -0 0 1
    outer loop
      vertex -32.4273 11.9929 4.5
      vertex -30.7852 11.553 4.5
      vertex -32.4068 12.0956 4.5
    endloop
  endfacet
  facet normal 0 0 1
    outer loop
      vertex -32.5653 12.687 4.5
      vertex -31.2166 13.7219 4.5
      vertex -31.4322 13.9678 4.5
    endloop
  endfacet
  facet normal 0 0 1
    outer loop
      vertex -30.7852 11.553 4.5
      vertex -32.4273 11.9929 4.5
      vertex -30.8903 11.2433 4.5
    endloop
  endfacet
  facet normal 0 0 1
    outer loop
      vertex -32.6343 12.7657 4.5
      vertex -31.4322 13.9678 4.5
      vertex -31.6781 14.1834 4.5
    endloop
  endfacet
  facet normal -0 0 1
    outer loop
      vertex -32.4609 11.8939 4.5
      vertex -30.8903 11.2433 4.5
      vertex -32.4273 11.9929 4.5
    endloop
  endfacet
  facet normal 0 0 1
    outer loop
      vertex -32.713 12.8347 4.5
      vertex -31.6781 14.1834 4.5
      vertex -31.95 14.3651 4.5
    endloop
  endfacet
  facet normal 0 0 1
    outer loop
      vertex -30.8903 11.2433 4.5
      vertex -32.4609 11.8939 4.5
      vertex -31.0349 10.95 4.5
    endloop
  endfacet
  facet normal 0 0 1
    outer loop
      vertex -32.8 12.8928 4.5
      vertex -31.95 14.3651 4.5
      vertex -32.2433 14.5097 4.5
    endloop
  endfacet
  facet normal -0 0 1
    outer loop
      vertex -32.5072 11.8 4.5
      vertex -31.0349 10.95 4.5
      vertex -32.4609 11.8939 4.5
    endloop
  endfacet
  facet normal 0 0 1
    outer loop
      vertex -31.0349 10.95 4.5
      vertex -32.5072 11.8 4.5
      vertex -31.2166 10.6781 4.5
    endloop
  endfacet
  facet normal 0 0 1
    outer loop
      vertex -30.7214 12.5263 4.5
      vertex -32.4068 12.3044 4.5
      vertex -32.4 12.2 4.5
    endloop
  endfacet
  facet normal 0 0 1
    outer loop
      vertex -30.7852 12.847 4.5
      vertex -32.4273 12.4071 4.5
      vertex -32.4068 12.3044 4.5
    endloop
  endfacet
  facet normal 0 0 1
    outer loop
      vertex -30.8903 13.1567 4.5
      vertex -32.4609 12.5061 4.5
      vertex -32.4273 12.4071 4.5
    endloop
  endfacet
  facet normal 0 0 1
    outer loop
      vertex -31.0349 13.45 4.5
      vertex -32.5072 12.6 4.5
      vertex -32.4609 12.5061 4.5
    endloop
  endfacet
  facet normal 0 0 1
    outer loop
      vertex -32.8939 12.9391 4.5
      vertex -32.2433 14.5097 4.5
      vertex -32.553 14.6148 4.5
    endloop
  endfacet
  facet normal 0 0 1
    outer loop
      vertex -31.2166 13.7219 4.5
      vertex -32.5653 12.687 4.5
      vertex -32.5072 12.6 4.5
    endloop
  endfacet
  facet normal 0 0 1
    outer loop
      vertex -31.4322 13.9678 4.5
      vertex -32.6343 12.7657 4.5
      vertex -32.5653 12.687 4.5
    endloop
  endfacet
  facet normal 0 0 1
    outer loop
      vertex -31.6781 14.1834 4.5
      vertex -32.713 12.8347 4.5
      vertex -32.6343 12.7657 4.5
    endloop
  endfacet
  facet normal 0 0 1
    outer loop
      vertex -31.95 14.3651 4.5
      vertex -32.8 12.8928 4.5
      vertex -32.713 12.8347 4.5
    endloop
  endfacet
  facet normal 0 0 1
    outer loop
      vertex -32.9929 12.9727 4.5
      vertex -32.553 14.6148 4.5
      vertex -32.8737 14.6786 4.5
    endloop
  endfacet
  facet normal 0 0 1
    outer loop
      vertex -32.2433 14.5097 4.5
      vertex -32.8939 12.9391 4.5
      vertex -32.8 12.8928 4.5
    endloop
  endfacet
  facet normal 0 0 1
    outer loop
      vertex -32.553 14.6148 4.5
      vertex -32.9929 12.9727 4.5
      vertex -32.8939 12.9391 4.5
    endloop
  endfacet
  facet normal 0 0 1
    outer loop
      vertex -32.8737 14.6786 4.5
      vertex -33.0956 12.9932 4.5
      vertex -32.9929 12.9727 4.5
    endloop
  endfacet
  facet normal 0 0 1
    outer loop
      vertex -33.2 14.7 4.5
      vertex -33.0956 12.9932 4.5
      vertex -32.8737 14.6786 4.5
    endloop
  endfacet
  facet normal 0 0 1
    outer loop
      vertex -33.2 14.7 4.5
      vertex -33.2 13 4.5
      vertex -33.0956 12.9932 4.5
    endloop
  endfacet
  facet normal 0 0 1
    outer loop
      vertex -33.2 14.7 4.5
      vertex -33.3044 12.9932 4.5
      vertex -33.2 13 4.5
    endloop
  endfacet
  facet normal -0 0 1
    outer loop
      vertex -33.5263 14.6786 4.5
      vertex -33.3044 12.9932 4.5
      vertex -33.2 14.7 4.5
    endloop
  endfacet
  facet normal 0 0 1
    outer loop
      vertex -33.3044 12.9932 4.5
      vertex -33.5263 14.6786 4.5
      vertex -33.4071 12.9727 4.5
    endloop
  endfacet
  facet normal -0 0 1
    outer loop
      vertex -33.847 14.6148 4.5
      vertex -33.4071 12.9727 4.5
      vertex -33.5263 14.6786 4.5
    endloop
  endfacet
  facet normal 0 0 1
    outer loop
      vertex -33.4071 12.9727 4.5
      vertex -33.847 14.6148 4.5
      vertex -33.5061 12.9391 4.5
    endloop
  endfacet
  facet normal -0 0 1
    outer loop
      vertex -34.1567 14.5097 4.5
      vertex -33.5061 12.9391 4.5
      vertex -33.847 14.6148 4.5
    endloop
  endfacet
  facet normal 0 0 1
    outer loop
      vertex -33.5061 12.9391 4.5
      vertex -34.1567 14.5097 4.5
      vertex -33.6 12.8928 4.5
    endloop
  endfacet
  facet normal -0 0 1
    outer loop
      vertex -34.45 14.3651 4.5
      vertex -33.6 12.8928 4.5
      vertex -34.1567 14.5097 4.5
    endloop
  endfacet
  facet normal 0 0 1
    outer loop
      vertex -33.6 12.8928 4.5
      vertex -34.45 14.3651 4.5
      vertex -33.687 12.8347 4.5
    endloop
  endfacet
  facet normal -0 0 1
    outer loop
      vertex -34.7219 14.1834 4.5
      vertex -33.687 12.8347 4.5
      vertex -34.45 14.3651 4.5
    endloop
  endfacet
  facet normal 0 0 1
    outer loop
      vertex -33.687 12.8347 4.5
      vertex -34.7219 14.1834 4.5
      vertex -33.7657 12.7657 4.5
    endloop
  endfacet
  facet normal -0 0 1
    outer loop
      vertex -34.9678 13.9678 4.5
      vertex -33.7657 12.7657 4.5
      vertex -34.7219 14.1834 4.5
    endloop
  endfacet
  facet normal 0 0 1
    outer loop
      vertex -33.7657 12.7657 4.5
      vertex -34.9678 13.9678 4.5
      vertex -33.8347 12.687 4.5
    endloop
  endfacet
  facet normal -0 0 1
    outer loop
      vertex -35.1834 13.7219 4.5
      vertex -33.8347 12.687 4.5
      vertex -34.9678 13.9678 4.5
    endloop
  endfacet
  facet normal 0 0 1
    outer loop
      vertex -33.8347 12.687 4.5
      vertex -35.1834 13.7219 4.5
      vertex -33.8928 12.6 4.5
    endloop
  endfacet
  facet normal -0 0 1
    outer loop
      vertex -32.5653 11.713 4.5
      vertex -31.2166 10.6781 4.5
      vertex -32.5072 11.8 4.5
    endloop
  endfacet
  facet normal 0 0 1
    outer loop
      vertex -31.2166 10.6781 4.5
      vertex -32.5653 11.713 4.5
      vertex -31.4322 10.4322 4.5
    endloop
  endfacet
  facet normal -0 0 1
    outer loop
      vertex -32.6343 11.6343 4.5
      vertex -31.4322 10.4322 4.5
      vertex -32.5653 11.713 4.5
    endloop
  endfacet
  facet normal 0 0 1
    outer loop
      vertex -31.4322 10.4322 4.5
      vertex -32.6343 11.6343 4.5
      vertex -31.6781 10.2166 4.5
    endloop
  endfacet
  facet normal -0 0 1
    outer loop
      vertex -32.713 11.5653 4.5
      vertex -31.6781 10.2166 4.5
      vertex -32.6343 11.6343 4.5
    endloop
  endfacet
  facet normal 0 0 1
    outer loop
      vertex -31.6781 10.2166 4.5
      vertex -32.713 11.5653 4.5
      vertex -31.95 10.0349 4.5
    endloop
  endfacet
  facet normal -0 0 1
    outer loop
      vertex -32.8 11.5072 4.5
      vertex -31.95 10.0349 4.5
      vertex -32.713 11.5653 4.5
    endloop
  endfacet
  facet normal 0 0 1
    outer loop
      vertex -31.95 10.0349 4.5
      vertex -32.8 11.5072 4.5
      vertex -32.2433 9.8903 4.5
    endloop
  endfacet
  facet normal -0 0 1
    outer loop
      vertex -32.8939 11.4609 4.5
      vertex -32.2433 9.8903 4.5
      vertex -32.8 11.5072 4.5
    endloop
  endfacet
  facet normal 0 0 1
    outer loop
      vertex -32.2433 9.8903 4.5
      vertex -32.8939 11.4609 4.5
      vertex -32.553 9.78518 4.5
    endloop
  endfacet
  facet normal -0 0 1
    outer loop
      vertex -32.9929 11.4273 4.5
      vertex -32.553 9.78518 4.5
      vertex -32.8939 11.4609 4.5
    endloop
  endfacet
  facet normal 0 0 1
    outer loop
      vertex -32.553 9.78518 4.5
      vertex -32.9929 11.4273 4.5
      vertex -32.8737 9.72139 4.5
    endloop
  endfacet
  facet normal -0 0 1
    outer loop
      vertex -33.0956 11.4068 4.5
      vertex -32.8737 9.72139 4.5
      vertex -32.9929 11.4273 4.5
    endloop
  endfacet
  facet normal -0 0 1
    outer loop
      vertex -33.2 11.4 4.5
      vertex -32.8737 9.72139 4.5
      vertex -33.0956 11.4068 4.5
    endloop
  endfacet
  facet normal 0 0 1
    outer loop
      vertex -33.2 11.4 4.5
      vertex -33.2 9.7 4.5
      vertex -32.8737 9.72139 4.5
    endloop
  endfacet
  facet normal 0 0 1
    outer loop
      vertex -33.3044 11.4068 4.5
      vertex -33.2 9.7 4.5
      vertex -33.2 11.4 4.5
    endloop
  endfacet
  facet normal 0 0 1
    outer loop
      vertex -33.5263 9.72139 4.5
      vertex -33.3044 11.4068 4.5
      vertex -33.4071 11.4273 4.5
    endloop
  endfacet
  facet normal 0 0 1
    outer loop
      vertex -33.847 9.78518 4.5
      vertex -33.4071 11.4273 4.5
      vertex -33.5061 11.4609 4.5
    endloop
  endfacet
  facet normal 0 0 1
    outer loop
      vertex -33.3044 11.4068 4.5
      vertex -33.5263 9.72139 4.5
      vertex -33.2 9.7 4.5
    endloop
  endfacet
  facet normal 0 0 1
    outer loop
      vertex -34.1567 9.8903 4.5
      vertex -33.5061 11.4609 4.5
      vertex -33.6 11.5072 4.5
    endloop
  endfacet
  facet normal 0 0 1
    outer loop
      vertex -34.45 10.0349 4.5
      vertex -33.6 11.5072 4.5
      vertex -33.687 11.5653 4.5
    endloop
  endfacet
  facet normal 0 0 1
    outer loop
      vertex -34.7219 10.2166 4.5
      vertex -33.687 11.5653 4.5
      vertex -33.7657 11.6343 4.5
    endloop
  endfacet
  facet normal 0 0 1
    outer loop
      vertex -34.9678 10.4322 4.5
      vertex -33.7657 11.6343 4.5
      vertex -33.8347 11.713 4.5
    endloop
  endfacet
  facet normal 0 0 1
    outer loop
      vertex -33.4071 11.4273 4.5
      vertex -33.847 9.78518 4.5
      vertex -33.5263 9.72139 4.5
    endloop
  endfacet
  facet normal 0 0 1
    outer loop
      vertex -35.1834 10.6781 4.5
      vertex -33.8347 11.713 4.5
      vertex -33.8928 11.8 4.5
    endloop
  endfacet
  facet normal 0 0 1
    outer loop
      vertex -35.3651 10.95 4.5
      vertex -33.8928 11.8 4.5
      vertex -33.9391 11.8939 4.5
    endloop
  endfacet
  facet normal 0 0 1
    outer loop
      vertex -35.5097 11.2433 4.5
      vertex -33.9391 11.8939 4.5
      vertex -33.9727 11.9929 4.5
    endloop
  endfacet
  facet normal 0 0 1
    outer loop
      vertex -35.6148 11.553 4.5
      vertex -33.9727 11.9929 4.5
      vertex -33.9932 12.0956 4.5
    endloop
  endfacet
  facet normal 0 0 1
    outer loop
      vertex -35.6786 11.8737 4.5
      vertex -33.9932 12.0956 4.5
      vertex -34 12.2 4.5
    endloop
  endfacet
  facet normal -0 0 1
    outer loop
      vertex -35.3651 13.45 4.5
      vertex -33.8928 12.6 4.5
      vertex -35.1834 13.7219 4.5
    endloop
  endfacet
  facet normal 0 0 1
    outer loop
      vertex -33.5061 11.4609 4.5
      vertex -34.1567 9.8903 4.5
      vertex -33.847 9.78518 4.5
    endloop
  endfacet
  facet normal 0 0 1
    outer loop
      vertex -33.8928 12.6 4.5
      vertex -35.3651 13.45 4.5
      vertex -33.9391 12.5061 4.5
    endloop
  endfacet
  facet normal 0 0 1
    outer loop
      vertex -33.6 11.5072 4.5
      vertex -34.45 10.0349 4.5
      vertex -34.1567 9.8903 4.5
    endloop
  endfacet
  facet normal -0 0 1
    outer loop
      vertex -35.5097 13.1567 4.5
      vertex -33.9391 12.5061 4.5
      vertex -35.3651 13.45 4.5
    endloop
  endfacet
  facet normal 0 0 1
    outer loop
      vertex -33.687 11.5653 4.5
      vertex -34.7219 10.2166 4.5
      vertex -34.45 10.0349 4.5
    endloop
  endfacet
  facet normal 0 0 1
    outer loop
      vertex -33.9391 12.5061 4.5
      vertex -35.5097 13.1567 4.5
      vertex -33.9727 12.4071 4.5
    endloop
  endfacet
  facet normal 0 0 1
    outer loop
      vertex -33.7657 11.6343 4.5
      vertex -34.9678 10.4322 4.5
      vertex -34.7219 10.2166 4.5
    endloop
  endfacet
  facet normal -0 0 1
    outer loop
      vertex -35.6148 12.847 4.5
      vertex -33.9727 12.4071 4.5
      vertex -35.5097 13.1567 4.5
    endloop
  endfacet
  facet normal 0 0 1
    outer loop
      vertex -33.8347 11.713 4.5
      vertex -35.1834 10.6781 4.5
      vertex -34.9678 10.4322 4.5
    endloop
  endfacet
  facet normal 0 0 1
    outer loop
      vertex -33.9727 12.4071 4.5
      vertex -35.6148 12.847 4.5
      vertex -33.9932 12.3044 4.5
    endloop
  endfacet
  facet normal 0 0 1
    outer loop
      vertex -33.8928 11.8 4.5
      vertex -35.3651 10.95 4.5
      vertex -35.1834 10.6781 4.5
    endloop
  endfacet
  facet normal -0 0 1
    outer loop
      vertex -35.6786 12.5263 4.5
      vertex -33.9932 12.3044 4.5
      vertex -35.6148 12.847 4.5
    endloop
  endfacet
  facet normal 0 0 1
    outer loop
      vertex -33.9391 11.8939 4.5
      vertex -35.5097 11.2433 4.5
      vertex -35.3651 10.95 4.5
    endloop
  endfacet
  facet normal 0 0 1
    outer loop
      vertex -33.9932 12.3044 4.5
      vertex -35.6786 12.5263 4.5
      vertex -34 12.2 4.5
    endloop
  endfacet
  facet normal 0 0 1
    outer loop
      vertex -33.9727 11.9929 4.5
      vertex -35.6148 11.553 4.5
      vertex -35.5097 11.2433 4.5
    endloop
  endfacet
  facet normal 0 0 1
    outer loop
      vertex -35.7 12.2 4.5
      vertex -34 12.2 4.5
      vertex -35.6786 12.5263 4.5
    endloop
  endfacet
  facet normal 0 0 1
    outer loop
      vertex -33.9932 12.0956 4.5
      vertex -35.6786 11.8737 4.5
      vertex -35.6148 11.553 4.5
    endloop
  endfacet
  facet normal 0 0 1
    outer loop
      vertex -34 12.2 4.5
      vertex -35.7 12.2 4.5
      vertex -35.6786 11.8737 4.5
    endloop
  endfacet
  facet normal 0.751913 0.659262 0
    outer loop
      vertex -31.2166 13.7219 4.5
      vertex -31.4322 13.9678 3
      vertex -31.4322 13.9678 4.5
    endloop
  endfacet
  facet normal 0.751913 0.659262 0
    outer loop
      vertex -31.4322 13.9678 3
      vertex -31.2166 13.7219 4.5
      vertex -31.2166 13.7219 3
    endloop
  endfacet
  facet normal -0.555617 -0.831438 0
    outer loop
      vertex -34.7219 10.2166 3
      vertex -34.45 10.0349 4.5
      vertex -34.7219 10.2166 4.5
    endloop
  endfacet
  facet normal -0.555617 -0.831438 -0
    outer loop
      vertex -34.45 10.0349 4.5
      vertex -34.7219 10.2166 3
      vertex -34.45 10.0349 3
    endloop
  endfacet
  facet normal 0.831438 -0.555617 0
    outer loop
      vertex -31.2166 10.6781 4.5
      vertex -31.0349 10.95 3
      vertex -31.0349 10.95 4.5
    endloop
  endfacet
  facet normal 0.831438 -0.555617 0
    outer loop
      vertex -31.0349 10.95 3
      vertex -31.2166 10.6781 4.5
      vertex -31.2166 10.6781 3
    endloop
  endfacet
  facet normal -0.831438 0.555617 0
    outer loop
      vertex -35.3651 13.45 3
      vertex -35.1834 13.7219 4.5
      vertex -35.1834 13.7219 3
    endloop
  endfacet
  facet normal -0.831438 0.555617 0
    outer loop
      vertex -35.1834 13.7219 4.5
      vertex -35.3651 13.45 3
      vertex -35.3651 13.45 4.5
    endloop
  endfacet
  facet normal 0.896921 -0.442191 0
    outer loop
      vertex -31.0349 10.95 4.5
      vertex -30.8903 11.2433 3
      vertex -30.8903 11.2433 4.5
    endloop
  endfacet
  facet normal 0.896921 -0.442191 0
    outer loop
      vertex -30.8903 11.2433 3
      vertex -31.0349 10.95 4.5
      vertex -31.0349 10.95 3
    endloop
  endfacet
  facet normal -0.751913 -0.659262 0
    outer loop
      vertex -34.9678 10.4322 3
      vertex -35.1834 10.6781 4.5
      vertex -35.1834 10.6781 3
    endloop
  endfacet
  facet normal -0.751913 -0.659262 0
    outer loop
      vertex -35.1834 10.6781 4.5
      vertex -34.9678 10.4322 3
      vertex -34.9678 10.4322 4.5
    endloop
  endfacet
  facet normal 0.946957 -0.32136 0
    outer loop
      vertex -30.8903 11.2433 4.5
      vertex -30.7852 11.553 3
      vertex -30.7852 11.553 4.5
    endloop
  endfacet
  facet normal 0.946957 -0.32136 0
    outer loop
      vertex -30.7852 11.553 3
      vertex -30.8903 11.2433 4.5
      vertex -30.8903 11.2433 3
    endloop
  endfacet
  facet normal 0.195087 -0.980786 0
    outer loop
      vertex -32.8737 9.72139 3
      vertex -32.553 9.78518 4.5
      vertex -32.8737 9.72139 4.5
    endloop
  endfacet
  facet normal 0.195087 -0.980786 0
    outer loop
      vertex -32.553 9.78518 4.5
      vertex -32.8737 9.72139 3
      vertex -32.553 9.78518 3
    endloop
  endfacet
  facet normal -0.997856 -0.0654432 0
    outer loop
      vertex -35.6786 11.8737 3
      vertex -35.7 12.2 4.5
      vertex -35.7 12.2 3
    endloop
  endfacet
  facet normal -0.997856 -0.0654432 0
    outer loop
      vertex -35.7 12.2 4.5
      vertex -35.6786 11.8737 3
      vertex -35.6786 11.8737 4.5
    endloop
  endfacet
  facet normal 0.896921 0.442191 0
    outer loop
      vertex -30.8903 13.1567 4.5
      vertex -31.0349 13.45 3
      vertex -31.0349 13.45 4.5
    endloop
  endfacet
  facet normal 0.896921 0.442191 0
    outer loop
      vertex -31.0349 13.45 3
      vertex -30.8903 13.1567 4.5
      vertex -30.8903 13.1567 3
    endloop
  endfacet
  facet normal -0.831438 -0.555617 0
    outer loop
      vertex -35.1834 10.6781 3
      vertex -35.3651 10.95 4.5
      vertex -35.3651 10.95 3
    endloop
  endfacet
  facet normal -0.831438 -0.555617 0
    outer loop
      vertex -35.3651 10.95 4.5
      vertex -35.1834 10.6781 3
      vertex -35.1834 10.6781 4.5
    endloop
  endfacet
  facet normal 0.0654128 -0.997858 0
    outer loop
      vertex -33.2 9.7 3
      vertex -32.8737 9.72139 4.5
      vertex -33.2 9.7 4.5
    endloop
  endfacet
  facet normal 0.0654128 -0.997858 0
    outer loop
      vertex -32.8737 9.72139 4.5
      vertex -33.2 9.7 3
      vertex -32.8737 9.72139 3
    endloop
  endfacet
  facet normal -0.659262 0.751913 0
    outer loop
      vertex -34.7219 14.1834 3
      vertex -34.9678 13.9678 4.5
      vertex -34.7219 14.1834 4.5
    endloop
  endfacet
  facet normal -0.659262 0.751913 0
    outer loop
      vertex -34.9678 13.9678 4.5
      vertex -34.7219 14.1834 3
      vertex -34.9678 13.9678 3
    endloop
  endfacet
  facet normal -0.946957 0.32136 0
    outer loop
      vertex -35.6148 12.847 3
      vertex -35.5097 13.1567 4.5
      vertex -35.5097 13.1567 3
    endloop
  endfacet
  facet normal -0.946957 0.32136 0
    outer loop
      vertex -35.5097 13.1567 4.5
      vertex -35.6148 12.847 3
      vertex -35.6148 12.847 4.5
    endloop
  endfacet
  facet normal -0.98078 -0.195116 0
    outer loop
      vertex -35.6148 11.553 3
      vertex -35.6786 11.8737 4.5
      vertex -35.6786 11.8737 3
    endloop
  endfacet
  facet normal -0.98078 -0.195116 0
    outer loop
      vertex -35.6786 11.8737 4.5
      vertex -35.6148 11.553 3
      vertex -35.6148 11.553 4.5
    endloop
  endfacet
  facet normal -0.896921 0.442191 0
    outer loop
      vertex -35.5097 13.1567 3
      vertex -35.3651 13.45 4.5
      vertex -35.3651 13.45 3
    endloop
  endfacet
  facet normal -0.896921 0.442191 0
    outer loop
      vertex -35.3651 13.45 4.5
      vertex -35.5097 13.1567 3
      vertex -35.5097 13.1567 4.5
    endloop
  endfacet
  facet normal 0.555617 -0.831438 0
    outer loop
      vertex -31.95 10.0349 3
      vertex -31.6781 10.2166 4.5
      vertex -31.95 10.0349 4.5
    endloop
  endfacet
  facet normal 0.555617 -0.831438 0
    outer loop
      vertex -31.6781 10.2166 4.5
      vertex -31.95 10.0349 3
      vertex -31.6781 10.2166 3
    endloop
  endfacet
  facet normal -0.751913 0.659262 0
    outer loop
      vertex -35.1834 13.7219 3
      vertex -34.9678 13.9678 4.5
      vertex -34.9678 13.9678 3
    endloop
  endfacet
  facet normal -0.751913 0.659262 0
    outer loop
      vertex -34.9678 13.9678 4.5
      vertex -35.1834 13.7219 3
      vertex -35.1834 13.7219 4.5
    endloop
  endfacet
  facet normal 0.98078 0.195116 0
    outer loop
      vertex 35.6786 -11.8737 4.5
      vertex 35.6148 -11.553 3
      vertex 35.6148 -11.553 4.5
    endloop
  endfacet
  facet normal 0.98078 0.195116 0
    outer loop
      vertex 35.6148 -11.553 3
      vertex 35.6786 -11.8737 4.5
      vertex 35.6786 -11.8737 3
    endloop
  endfacet
  facet normal 0.997856 0.0654432 0
    outer loop
      vertex 35.7 -12.2 4.5
      vertex 35.6786 -11.8737 3
      vertex 35.6786 -11.8737 4.5
    endloop
  endfacet
  facet normal 0.997856 0.0654432 0
    outer loop
      vertex 35.6786 -11.8737 3
      vertex 35.7 -12.2 4.5
      vertex 35.7 -12.2 3
    endloop
  endfacet
  facet normal 0.946957 0.32136 0
    outer loop
      vertex 35.6148 -11.553 4.5
      vertex 35.5097 -11.2433 3
      vertex 35.5097 -11.2433 4.5
    endloop
  endfacet
  facet normal 0.946957 0.32136 0
    outer loop
      vertex 35.5097 -11.2433 3
      vertex 35.6148 -11.553 4.5
      vertex 35.6148 -11.553 3
    endloop
  endfacet
  facet normal -0.659262 -0.751913 0
    outer loop
      vertex 31.4322 -13.9678 3
      vertex 31.6781 -14.1834 4.5
      vertex 31.4322 -13.9678 4.5
    endloop
  endfacet
  facet normal -0.659262 -0.751913 -0
    outer loop
      vertex 31.6781 -14.1834 4.5
      vertex 31.4322 -13.9678 3
      vertex 31.6781 -14.1834 3
    endloop
  endfacet
  facet normal -0.195087 0.980786 0
    outer loop
      vertex 32.8737 -9.72139 3
      vertex 32.553 -9.78518 4.5
      vertex 32.8737 -9.72139 4.5
    endloop
  endfacet
  facet normal -0.195087 0.980786 0
    outer loop
      vertex 32.553 -9.78518 4.5
      vertex 32.8737 -9.72139 3
      vertex 32.553 -9.78518 3
    endloop
  endfacet
  facet normal 0.751913 0.659262 0
    outer loop
      vertex 35.1834 -10.6781 4.5
      vertex 34.9678 -10.4322 3
      vertex 34.9678 -10.4322 4.5
    endloop
  endfacet
  facet normal 0.751913 0.659262 0
    outer loop
      vertex 34.9678 -10.4322 3
      vertex 35.1834 -10.6781 4.5
      vertex 35.1834 -10.6781 3
    endloop
  endfacet
  facet normal 0.946957 -0.32136 0
    outer loop
      vertex 35.5097 -13.1567 4.5
      vertex 35.6148 -12.847 3
      vertex 35.6148 -12.847 4.5
    endloop
  endfacet
  facet normal 0.946957 -0.32136 0
    outer loop
      vertex 35.6148 -12.847 3
      vertex 35.5097 -13.1567 4.5
      vertex 35.5097 -13.1567 3
    endloop
  endfacet
  facet normal 0.442191 0.896921 -0
    outer loop
      vertex 34.45 -10.0349 3
      vertex 34.1567 -9.8903 4.5
      vertex 34.45 -10.0349 4.5
    endloop
  endfacet
  facet normal 0.442191 0.896921 0
    outer loop
      vertex 34.1567 -9.8903 4.5
      vertex 34.45 -10.0349 3
      vertex 34.1567 -9.8903 3
    endloop
  endfacet
  facet normal -0.442191 0.896921 0
    outer loop
      vertex 32.2433 -9.8903 3
      vertex 31.95 -10.0349 4.5
      vertex 32.2433 -9.8903 4.5
    endloop
  endfacet
  facet normal -0.442191 0.896921 0
    outer loop
      vertex 31.95 -10.0349 4.5
      vertex 32.2433 -9.8903 3
      vertex 31.95 -10.0349 3
    endloop
  endfacet
  facet normal -0.321415 0.946938 0
    outer loop
      vertex 32.553 -9.78518 3
      vertex 32.2433 -9.8903 4.5
      vertex 32.553 -9.78518 4.5
    endloop
  endfacet
  facet normal -0.321415 0.946938 0
    outer loop
      vertex 32.2433 -9.8903 4.5
      vertex 32.553 -9.78518 3
      vertex 32.2433 -9.8903 3
    endloop
  endfacet
  facet normal 0.831438 0.555617 0
    outer loop
      vertex 35.3651 -10.95 4.5
      vertex 35.1834 -10.6781 3
      vertex 35.1834 -10.6781 4.5
    endloop
  endfacet
  facet normal 0.831438 0.555617 0
    outer loop
      vertex 35.1834 -10.6781 3
      vertex 35.3651 -10.95 4.5
      vertex 35.3651 -10.95 3
    endloop
  endfacet
  facet normal 0.896921 0.442191 0
    outer loop
      vertex 35.5097 -11.2433 4.5
      vertex 35.3651 -10.95 3
      vertex 35.3651 -10.95 4.5
    endloop
  endfacet
  facet normal 0.896921 0.442191 0
    outer loop
      vertex 35.3651 -10.95 3
      vertex 35.5097 -11.2433 4.5
      vertex 35.5097 -11.2433 3
    endloop
  endfacet
  facet normal 0.659262 0.751913 -0
    outer loop
      vertex 34.9678 -10.4322 3
      vertex 34.7219 -10.2166 4.5
      vertex 34.9678 -10.4322 4.5
    endloop
  endfacet
  facet normal 0.659262 0.751913 0
    outer loop
      vertex 34.7219 -10.2166 4.5
      vertex 34.9678 -10.4322 3
      vertex 34.7219 -10.2166 3
    endloop
  endfacet
  facet normal -0.195116 -0.98078 0
    outer loop
      vertex 32.553 -14.6148 3
      vertex 32.8737 -14.6786 4.5
      vertex 32.553 -14.6148 4.5
    endloop
  endfacet
  facet normal -0.195116 -0.98078 -0
    outer loop
      vertex 32.8737 -14.6786 4.5
      vertex 32.553 -14.6148 3
      vertex 32.8737 -14.6786 3
    endloop
  endfacet
  facet normal 0.32136 -0.946957 0
    outer loop
      vertex 33.847 -14.6148 3
      vertex 34.1567 -14.5097 4.5
      vertex 33.847 -14.6148 4.5
    endloop
  endfacet
  facet normal 0.32136 -0.946957 0
    outer loop
      vertex 34.1567 -14.5097 4.5
      vertex 33.847 -14.6148 3
      vertex 34.1567 -14.5097 3
    endloop
  endfacet
  facet normal 0.659262 -0.751913 0
    outer loop
      vertex 34.7219 -14.1834 3
      vertex 34.9678 -13.9678 4.5
      vertex 34.7219 -14.1834 4.5
    endloop
  endfacet
  facet normal 0.659262 -0.751913 0
    outer loop
      vertex 34.9678 -13.9678 4.5
      vertex 34.7219 -14.1834 3
      vertex 34.9678 -13.9678 3
    endloop
  endfacet
  facet normal -0.946957 -0.32136 0
    outer loop
      vertex 30.8903 -13.1567 3
      vertex 30.7852 -12.847 4.5
      vertex 30.7852 -12.847 3
    endloop
  endfacet
  facet normal -0.946957 -0.32136 0
    outer loop
      vertex 30.7852 -12.847 4.5
      vertex 30.8903 -13.1567 3
      vertex 30.8903 -13.1567 4.5
    endloop
  endfacet
  facet normal 0.555617 -0.831438 0
    outer loop
      vertex 34.45 -14.3651 3
      vertex 34.7219 -14.1834 4.5
      vertex 34.45 -14.3651 4.5
    endloop
  endfacet
  facet normal 0.555617 -0.831438 0
    outer loop
      vertex 34.7219 -14.1834 4.5
      vertex 34.45 -14.3651 3
      vertex 34.7219 -14.1834 3
    endloop
  endfacet
  facet normal 0.98078 -0.195116 0
    outer loop
      vertex 35.6148 -12.847 4.5
      vertex 35.6786 -12.5263 3
      vertex 35.6786 -12.5263 4.5
    endloop
  endfacet
  facet normal 0.98078 -0.195116 0
    outer loop
      vertex 35.6786 -12.5263 3
      vertex 35.6148 -12.847 4.5
      vertex 35.6148 -12.847 3
    endloop
  endfacet
  facet normal -0.831438 -0.555617 0
    outer loop
      vertex 31.2166 -13.7219 3
      vertex 31.0349 -13.45 4.5
      vertex 31.0349 -13.45 3
    endloop
  endfacet
  facet normal -0.831438 -0.555617 0
    outer loop
      vertex 31.0349 -13.45 4.5
      vertex 31.2166 -13.7219 3
      vertex 31.2166 -13.7219 4.5
    endloop
  endfacet
  facet normal 0.555617 0.831438 -0
    outer loop
      vertex 34.7219 -10.2166 3
      vertex 34.45 -10.0349 4.5
      vertex 34.7219 -10.2166 4.5
    endloop
  endfacet
  facet normal 0.555617 0.831438 0
    outer loop
      vertex 34.45 -10.0349 4.5
      vertex 34.7219 -10.2166 3
      vertex 34.45 -10.0349 3
    endloop
  endfacet
  facet normal 0.831438 -0.555617 0
    outer loop
      vertex 35.1834 -13.7219 4.5
      vertex 35.3651 -13.45 3
      vertex 35.3651 -13.45 4.5
    endloop
  endfacet
  facet normal 0.831438 -0.555617 0
    outer loop
      vertex 35.3651 -13.45 3
      vertex 35.1834 -13.7219 4.5
      vertex 35.1834 -13.7219 3
    endloop
  endfacet
  facet normal -0.659262 0.751913 0
    outer loop
      vertex 31.6781 -10.2166 3
      vertex 31.4322 -10.4322 4.5
      vertex 31.6781 -10.2166 4.5
    endloop
  endfacet
  facet normal -0.659262 0.751913 0
    outer loop
      vertex 31.4322 -10.4322 4.5
      vertex 31.6781 -10.2166 3
      vertex 31.4322 -10.4322 3
    endloop
  endfacet
  facet normal 0.442191 -0.896921 0
    outer loop
      vertex 34.1567 -14.5097 3
      vertex 34.45 -14.3651 4.5
      vertex 34.1567 -14.5097 4.5
    endloop
  endfacet
  facet normal 0.442191 -0.896921 0
    outer loop
      vertex 34.45 -14.3651 4.5
      vertex 34.1567 -14.5097 3
      vertex 34.45 -14.3651 3
    endloop
  endfacet
  facet normal 0.195087 0.980786 -0
    outer loop
      vertex 33.847 -9.78518 3
      vertex 33.5263 -9.72139 4.5
      vertex 33.847 -9.78518 4.5
    endloop
  endfacet
  facet normal 0.195087 0.980786 0
    outer loop
      vertex 33.5263 -9.72139 4.5
      vertex 33.847 -9.78518 3
      vertex 33.5263 -9.72139 3
    endloop
  endfacet
  facet normal 0.0654128 0.997858 -0
    outer loop
      vertex 33.5263 -9.72139 3
      vertex 33.2 -9.7 4.5
      vertex 33.5263 -9.72139 4.5
    endloop
  endfacet
  facet normal 0.0654128 0.997858 0
    outer loop
      vertex 33.2 -9.7 4.5
      vertex 33.5263 -9.72139 3
      vertex 33.2 -9.7 3
    endloop
  endfacet
  facet normal -0.997856 0.0654432 0
    outer loop
      vertex 30.7 -12.2 3
      vertex 30.7214 -11.8737 4.5
      vertex 30.7214 -11.8737 3
    endloop
  endfacet
  facet normal -0.997856 0.0654432 0
    outer loop
      vertex 30.7214 -11.8737 4.5
      vertex 30.7 -12.2 3
      vertex 30.7 -12.2 4.5
    endloop
  endfacet
  facet normal -0.997856 -0.0654432 0
    outer loop
      vertex 30.7214 -12.5263 3
      vertex 30.7 -12.2 4.5
      vertex 30.7 -12.2 3
    endloop
  endfacet
  facet normal -0.997856 -0.0654432 0
    outer loop
      vertex 30.7 -12.2 4.5
      vertex 30.7214 -12.5263 3
      vertex 30.7214 -12.5263 4.5
    endloop
  endfacet
  facet normal -0.555617 0.831438 0
    outer loop
      vertex 31.95 -10.0349 3
      vertex 31.6781 -10.2166 4.5
      vertex 31.95 -10.0349 4.5
    endloop
  endfacet
  facet normal -0.555617 0.831438 0
    outer loop
      vertex 31.6781 -10.2166 4.5
      vertex 31.95 -10.0349 3
      vertex 31.6781 -10.2166 3
    endloop
  endfacet
  facet normal -0.751913 -0.659262 0
    outer loop
      vertex 31.4322 -13.9678 3
      vertex 31.2166 -13.7219 4.5
      vertex 31.2166 -13.7219 3
    endloop
  endfacet
  facet normal -0.751913 -0.659262 0
    outer loop
      vertex 31.2166 -13.7219 4.5
      vertex 31.4322 -13.9678 3
      vertex 31.4322 -13.9678 4.5
    endloop
  endfacet
  facet normal 0.321415 0.946938 -0
    outer loop
      vertex 34.1567 -9.8903 3
      vertex 33.847 -9.78518 4.5
      vertex 34.1567 -9.8903 4.5
    endloop
  endfacet
  facet normal 0.321415 0.946938 0
    outer loop
      vertex 33.847 -9.78518 4.5
      vertex 34.1567 -9.8903 3
      vertex 33.847 -9.78518 3
    endloop
  endfacet
  facet normal -0.0654432 -0.997856 0
    outer loop
      vertex 32.8737 -14.6786 3
      vertex 33.2 -14.7 4.5
      vertex 32.8737 -14.6786 4.5
    endloop
  endfacet
  facet normal -0.0654432 -0.997856 -0
    outer loop
      vertex 33.2 -14.7 4.5
      vertex 32.8737 -14.6786 3
      vertex 33.2 -14.7 3
    endloop
  endfacet
  facet normal 0.997856 -0.0654432 0
    outer loop
      vertex 35.6786 -12.5263 4.5
      vertex 35.7 -12.2 3
      vertex 35.7 -12.2 4.5
    endloop
  endfacet
  facet normal 0.997856 -0.0654432 0
    outer loop
      vertex 35.7 -12.2 3
      vertex 35.6786 -12.5263 4.5
      vertex 35.6786 -12.5263 3
    endloop
  endfacet
  facet normal -0.896921 -0.442191 0
    outer loop
      vertex 31.0349 -13.45 3
      vertex 30.8903 -13.1567 4.5
      vertex 30.8903 -13.1567 3
    endloop
  endfacet
  facet normal -0.896921 -0.442191 0
    outer loop
      vertex 30.8903 -13.1567 4.5
      vertex 31.0349 -13.45 3
      vertex 31.0349 -13.45 4.5
    endloop
  endfacet
  facet normal 0.195116 -0.98078 0
    outer loop
      vertex 33.5263 -14.6786 3
      vertex 33.847 -14.6148 4.5
      vertex 33.5263 -14.6786 4.5
    endloop
  endfacet
  facet normal 0.195116 -0.98078 0
    outer loop
      vertex 33.847 -14.6148 4.5
      vertex 33.5263 -14.6786 3
      vertex 33.847 -14.6148 3
    endloop
  endfacet
  facet normal 0.896921 -0.442191 0
    outer loop
      vertex 35.3651 -13.45 4.5
      vertex 35.5097 -13.1567 3
      vertex 35.5097 -13.1567 4.5
    endloop
  endfacet
  facet normal 0.896921 -0.442191 0
    outer loop
      vertex 35.5097 -13.1567 3
      vertex 35.3651 -13.45 4.5
      vertex 35.3651 -13.45 3
    endloop
  endfacet
  facet normal 0.0654432 -0.997856 0
    outer loop
      vertex 33.2 -14.7 3
      vertex 33.5263 -14.6786 4.5
      vertex 33.2 -14.7 4.5
    endloop
  endfacet
  facet normal 0.0654432 -0.997856 0
    outer loop
      vertex 33.5263 -14.6786 4.5
      vertex 33.2 -14.7 3
      vertex 33.5263 -14.6786 3
    endloop
  endfacet
  facet normal -0.98078 0.195116 0
    outer loop
      vertex 30.7214 -11.8737 3
      vertex 30.7852 -11.553 4.5
      vertex 30.7852 -11.553 3
    endloop
  endfacet
  facet normal -0.98078 0.195116 0
    outer loop
      vertex 30.7852 -11.553 4.5
      vertex 30.7214 -11.8737 3
      vertex 30.7214 -11.8737 4.5
    endloop
  endfacet
  facet normal -0.831438 0.555617 0
    outer loop
      vertex 31.0349 -10.95 3
      vertex 31.2166 -10.6781 4.5
      vertex 31.2166 -10.6781 3
    endloop
  endfacet
  facet normal -0.831438 0.555617 0
    outer loop
      vertex 31.2166 -10.6781 4.5
      vertex 31.0349 -10.95 3
      vertex 31.0349 -10.95 4.5
    endloop
  endfacet
  facet normal -0.98078 -0.195116 0
    outer loop
      vertex 30.7852 -12.847 3
      vertex 30.7214 -12.5263 4.5
      vertex 30.7214 -12.5263 3
    endloop
  endfacet
  facet normal -0.98078 -0.195116 0
    outer loop
      vertex 30.7214 -12.5263 4.5
      vertex 30.7852 -12.847 3
      vertex 30.7852 -12.847 4.5
    endloop
  endfacet
  facet normal 0 0 1
    outer loop
      vertex 34 -12.2 4.5
      vertex 35.7 -12.2 4.5
      vertex 35.6786 -11.8737 4.5
    endloop
  endfacet
  facet normal 0 0 1
    outer loop
      vertex 33.9932 -12.0956 4.5
      vertex 35.6786 -11.8737 4.5
      vertex 35.6148 -11.553 4.5
    endloop
  endfacet
  facet normal 0 0 1
    outer loop
      vertex 35.7 -12.2 4.5
      vertex 34 -12.2 4.5
      vertex 35.6786 -12.5263 4.5
    endloop
  endfacet
  facet normal 0 0 1
    outer loop
      vertex 33.9727 -11.9929 4.5
      vertex 35.6148 -11.553 4.5
      vertex 35.5097 -11.2433 4.5
    endloop
  endfacet
  facet normal -0 0 1
    outer loop
      vertex 33.9932 -12.3044 4.5
      vertex 35.6786 -12.5263 4.5
      vertex 34 -12.2 4.5
    endloop
  endfacet
  facet normal 0 0 1
    outer loop
      vertex 33.9391 -11.8939 4.5
      vertex 35.5097 -11.2433 4.5
      vertex 35.3651 -10.95 4.5
    endloop
  endfacet
  facet normal 0 0 1
    outer loop
      vertex 35.6786 -12.5263 4.5
      vertex 33.9932 -12.3044 4.5
      vertex 35.6148 -12.847 4.5
    endloop
  endfacet
  facet normal 0 0 1
    outer loop
      vertex 33.8928 -11.8 4.5
      vertex 35.3651 -10.95 4.5
      vertex 35.1834 -10.6781 4.5
    endloop
  endfacet
  facet normal -0 0 1
    outer loop
      vertex 33.9727 -12.4071 4.5
      vertex 35.6148 -12.847 4.5
      vertex 33.9932 -12.3044 4.5
    endloop
  endfacet
  facet normal 0 0 1
    outer loop
      vertex 33.8347 -11.713 4.5
      vertex 35.1834 -10.6781 4.5
      vertex 34.9678 -10.4322 4.5
    endloop
  endfacet
  facet normal 0 0 1
    outer loop
      vertex 35.6148 -12.847 4.5
      vertex 33.9727 -12.4071 4.5
      vertex 35.5097 -13.1567 4.5
    endloop
  endfacet
  facet normal 0 0 1
    outer loop
      vertex 33.7657 -11.6343 4.5
      vertex 34.9678 -10.4322 4.5
      vertex 34.7219 -10.2166 4.5
    endloop
  endfacet
  facet normal -0 0 1
    outer loop
      vertex 33.9391 -12.5061 4.5
      vertex 35.5097 -13.1567 4.5
      vertex 33.9727 -12.4071 4.5
    endloop
  endfacet
  facet normal 0 0 1
    outer loop
      vertex 33.687 -11.5653 4.5
      vertex 34.7219 -10.2166 4.5
      vertex 34.45 -10.0349 4.5
    endloop
  endfacet
  facet normal 0 0 1
    outer loop
      vertex 35.5097 -13.1567 4.5
      vertex 33.9391 -12.5061 4.5
      vertex 35.3651 -13.45 4.5
    endloop
  endfacet
  facet normal 0 0 1
    outer loop
      vertex 33.6 -11.5072 4.5
      vertex 34.45 -10.0349 4.5
      vertex 34.1567 -9.8903 4.5
    endloop
  endfacet
  facet normal -0 0 1
    outer loop
      vertex 33.8928 -12.6 4.5
      vertex 35.3651 -13.45 4.5
      vertex 33.9391 -12.5061 4.5
    endloop
  endfacet
  facet normal 0 0 1
    outer loop
      vertex 35.3651 -13.45 4.5
      vertex 33.8928 -12.6 4.5
      vertex 35.1834 -13.7219 4.5
    endloop
  endfacet
  facet normal 0 0 1
    outer loop
      vertex 35.6786 -11.8737 4.5
      vertex 33.9932 -12.0956 4.5
      vertex 34 -12.2 4.5
    endloop
  endfacet
  facet normal 0 0 1
    outer loop
      vertex 35.6148 -11.553 4.5
      vertex 33.9727 -11.9929 4.5
      vertex 33.9932 -12.0956 4.5
    endloop
  endfacet
  facet normal 0 0 1
    outer loop
      vertex 35.5097 -11.2433 4.5
      vertex 33.9391 -11.8939 4.5
      vertex 33.9727 -11.9929 4.5
    endloop
  endfacet
  facet normal 0 0 1
    outer loop
      vertex 35.3651 -10.95 4.5
      vertex 33.8928 -11.8 4.5
      vertex 33.9391 -11.8939 4.5
    endloop
  endfacet
  facet normal 0 0 1
    outer loop
      vertex 33.5061 -11.4609 4.5
      vertex 34.1567 -9.8903 4.5
      vertex 33.847 -9.78518 4.5
    endloop
  endfacet
  facet normal 0 0 1
    outer loop
      vertex 35.1834 -10.6781 4.5
      vertex 33.8347 -11.713 4.5
      vertex 33.8928 -11.8 4.5
    endloop
  endfacet
  facet normal 0 0 1
    outer loop
      vertex 34.9678 -10.4322 4.5
      vertex 33.7657 -11.6343 4.5
      vertex 33.8347 -11.713 4.5
    endloop
  endfacet
  facet normal 0 0 1
    outer loop
      vertex 34.7219 -10.2166 4.5
      vertex 33.687 -11.5653 4.5
      vertex 33.7657 -11.6343 4.5
    endloop
  endfacet
  facet normal 0 0 1
    outer loop
      vertex 34.45 -10.0349 4.5
      vertex 33.6 -11.5072 4.5
      vertex 33.687 -11.5653 4.5
    endloop
  endfacet
  facet normal 0 0 1
    outer loop
      vertex 33.4071 -11.4273 4.5
      vertex 33.847 -9.78518 4.5
      vertex 33.5263 -9.72139 4.5
    endloop
  endfacet
  facet normal 0 0 1
    outer loop
      vertex 34.1567 -9.8903 4.5
      vertex 33.5061 -11.4609 4.5
      vertex 33.6 -11.5072 4.5
    endloop
  endfacet
  facet normal 0 0 1
    outer loop
      vertex 33.847 -9.78518 4.5
      vertex 33.4071 -11.4273 4.5
      vertex 33.5061 -11.4609 4.5
    endloop
  endfacet
  facet normal 0 0 1
    outer loop
      vertex 33.5263 -9.72139 4.5
      vertex 33.3044 -11.4068 4.5
      vertex 33.4071 -11.4273 4.5
    endloop
  endfacet
  facet normal 0 0 1
    outer loop
      vertex 33.2 -9.7 4.5
      vertex 33.3044 -11.4068 4.5
      vertex 33.5263 -9.72139 4.5
    endloop
  endfacet
  facet normal 0 0 1
    outer loop
      vertex 33.2 -9.7 4.5
      vertex 33.2 -11.4 4.5
      vertex 33.3044 -11.4068 4.5
    endloop
  endfacet
  facet normal 0 0 1
    outer loop
      vertex 33.2 -9.7 4.5
      vertex 33.0956 -11.4068 4.5
      vertex 33.2 -11.4 4.5
    endloop
  endfacet
  facet normal -0 0 1
    outer loop
      vertex 32.8737 -9.72139 4.5
      vertex 33.0956 -11.4068 4.5
      vertex 33.2 -9.7 4.5
    endloop
  endfacet
  facet normal 0 0 1
    outer loop
      vertex 33.0956 -11.4068 4.5
      vertex 32.8737 -9.72139 4.5
      vertex 32.9929 -11.4273 4.5
    endloop
  endfacet
  facet normal -0 0 1
    outer loop
      vertex 32.553 -9.78518 4.5
      vertex 32.9929 -11.4273 4.5
      vertex 32.8737 -9.72139 4.5
    endloop
  endfacet
  facet normal 0 0 1
    outer loop
      vertex 32.9929 -11.4273 4.5
      vertex 32.553 -9.78518 4.5
      vertex 32.8939 -11.4609 4.5
    endloop
  endfacet
  facet normal -0 0 1
    outer loop
      vertex 32.2433 -9.8903 4.5
      vertex 32.8939 -11.4609 4.5
      vertex 32.553 -9.78518 4.5
    endloop
  endfacet
  facet normal 0 0 1
    outer loop
      vertex 32.8939 -11.4609 4.5
      vertex 32.2433 -9.8903 4.5
      vertex 32.8 -11.5072 4.5
    endloop
  endfacet
  facet normal -0 0 1
    outer loop
      vertex 31.95 -10.0349 4.5
      vertex 32.8 -11.5072 4.5
      vertex 32.2433 -9.8903 4.5
    endloop
  endfacet
  facet normal 0 0 1
    outer loop
      vertex 32.8 -11.5072 4.5
      vertex 31.95 -10.0349 4.5
      vertex 32.713 -11.5653 4.5
    endloop
  endfacet
  facet normal -0 0 1
    outer loop
      vertex 31.6781 -10.2166 4.5
      vertex 32.713 -11.5653 4.5
      vertex 31.95 -10.0349 4.5
    endloop
  endfacet
  facet normal 0 0 1
    outer loop
      vertex 32.713 -11.5653 4.5
      vertex 31.6781 -10.2166 4.5
      vertex 32.6343 -11.6343 4.5
    endloop
  endfacet
  facet normal -0 0 1
    outer loop
      vertex 31.4322 -10.4322 4.5
      vertex 32.6343 -11.6343 4.5
      vertex 31.6781 -10.2166 4.5
    endloop
  endfacet
  facet normal 0 0 1
    outer loop
      vertex 32.6343 -11.6343 4.5
      vertex 31.4322 -10.4322 4.5
      vertex 32.5653 -11.713 4.5
    endloop
  endfacet
  facet normal -0 0 1
    outer loop
      vertex 31.2166 -10.6781 4.5
      vertex 32.5653 -11.713 4.5
      vertex 31.4322 -10.4322 4.5
    endloop
  endfacet
  facet normal 0 0 1
    outer loop
      vertex 32.5653 -11.713 4.5
      vertex 31.2166 -10.6781 4.5
      vertex 32.5072 -11.8 4.5
    endloop
  endfacet
  facet normal -0 0 1
    outer loop
      vertex 33.8347 -12.687 4.5
      vertex 35.1834 -13.7219 4.5
      vertex 33.8928 -12.6 4.5
    endloop
  endfacet
  facet normal 0 0 1
    outer loop
      vertex 35.1834 -13.7219 4.5
      vertex 33.8347 -12.687 4.5
      vertex 34.9678 -13.9678 4.5
    endloop
  endfacet
  facet normal -0 0 1
    outer loop
      vertex 33.7657 -12.7657 4.5
      vertex 34.9678 -13.9678 4.5
      vertex 33.8347 -12.687 4.5
    endloop
  endfacet
  facet normal 0 0 1
    outer loop
      vertex 34.9678 -13.9678 4.5
      vertex 33.7657 -12.7657 4.5
      vertex 34.7219 -14.1834 4.5
    endloop
  endfacet
  facet normal -0 0 1
    outer loop
      vertex 33.687 -12.8347 4.5
      vertex 34.7219 -14.1834 4.5
      vertex 33.7657 -12.7657 4.5
    endloop
  endfacet
  facet normal 0 0 1
    outer loop
      vertex 34.7219 -14.1834 4.5
      vertex 33.687 -12.8347 4.5
      vertex 34.45 -14.3651 4.5
    endloop
  endfacet
  facet normal -0 0 1
    outer loop
      vertex 33.6 -12.8928 4.5
      vertex 34.45 -14.3651 4.5
      vertex 33.687 -12.8347 4.5
    endloop
  endfacet
  facet normal 0 0 1
    outer loop
      vertex 34.45 -14.3651 4.5
      vertex 33.6 -12.8928 4.5
      vertex 34.1567 -14.5097 4.5
    endloop
  endfacet
  facet normal -0 0 1
    outer loop
      vertex 33.5061 -12.9391 4.5
      vertex 34.1567 -14.5097 4.5
      vertex 33.6 -12.8928 4.5
    endloop
  endfacet
  facet normal 0 0 1
    outer loop
      vertex 34.1567 -14.5097 4.5
      vertex 33.5061 -12.9391 4.5
      vertex 33.847 -14.6148 4.5
    endloop
  endfacet
  facet normal -0 0 1
    outer loop
      vertex 33.4071 -12.9727 4.5
      vertex 33.847 -14.6148 4.5
      vertex 33.5061 -12.9391 4.5
    endloop
  endfacet
  facet normal 0 0 1
    outer loop
      vertex 33.847 -14.6148 4.5
      vertex 33.4071 -12.9727 4.5
      vertex 33.5263 -14.6786 4.5
    endloop
  endfacet
  facet normal -0 0 1
    outer loop
      vertex 33.3044 -12.9932 4.5
      vertex 33.5263 -14.6786 4.5
      vertex 33.4071 -12.9727 4.5
    endloop
  endfacet
  facet normal -0 0 1
    outer loop
      vertex 33.2 -13 4.5
      vertex 33.5263 -14.6786 4.5
      vertex 33.3044 -12.9932 4.5
    endloop
  endfacet
  facet normal 0 0 1
    outer loop
      vertex 33.2 -13 4.5
      vertex 33.2 -14.7 4.5
      vertex 33.5263 -14.6786 4.5
    endloop
  endfacet
  facet normal 0 0 1
    outer loop
      vertex 33.0956 -12.9932 4.5
      vertex 33.2 -14.7 4.5
      vertex 33.2 -13 4.5
    endloop
  endfacet
  facet normal 0 0 1
    outer loop
      vertex 32.8737 -14.6786 4.5
      vertex 33.0956 -12.9932 4.5
      vertex 32.9929 -12.9727 4.5
    endloop
  endfacet
  facet normal 0 0 1
    outer loop
      vertex 32.553 -14.6148 4.5
      vertex 32.9929 -12.9727 4.5
      vertex 32.8939 -12.9391 4.5
    endloop
  endfacet
  facet normal 0 0 1
    outer loop
      vertex 33.0956 -12.9932 4.5
      vertex 32.8737 -14.6786 4.5
      vertex 33.2 -14.7 4.5
    endloop
  endfacet
  facet normal 0 0 1
    outer loop
      vertex 32.2433 -14.5097 4.5
      vertex 32.8939 -12.9391 4.5
      vertex 32.8 -12.8928 4.5
    endloop
  endfacet
  facet normal 0 0 1
    outer loop
      vertex 31.95 -14.3651 4.5
      vertex 32.8 -12.8928 4.5
      vertex 32.713 -12.8347 4.5
    endloop
  endfacet
  facet normal 0 0 1
    outer loop
      vertex 31.6781 -14.1834 4.5
      vertex 32.713 -12.8347 4.5
      vertex 32.6343 -12.7657 4.5
    endloop
  endfacet
  facet normal 0 0 1
    outer loop
      vertex 31.4322 -13.9678 4.5
      vertex 32.6343 -12.7657 4.5
      vertex 32.5653 -12.687 4.5
    endloop
  endfacet
  facet normal 0 0 1
    outer loop
      vertex 32.9929 -12.9727 4.5
      vertex 32.553 -14.6148 4.5
      vertex 32.8737 -14.6786 4.5
    endloop
  endfacet
  facet normal 0 0 1
    outer loop
      vertex 31.2166 -13.7219 4.5
      vertex 32.5653 -12.687 4.5
      vertex 32.5072 -12.6 4.5
    endloop
  endfacet
  facet normal 0 0 1
    outer loop
      vertex 31.0349 -13.45 4.5
      vertex 32.5072 -12.6 4.5
      vertex 32.4609 -12.5061 4.5
    endloop
  endfacet
  facet normal 0 0 1
    outer loop
      vertex 30.8903 -13.1567 4.5
      vertex 32.4609 -12.5061 4.5
      vertex 32.4273 -12.4071 4.5
    endloop
  endfacet
  facet normal 0 0 1
    outer loop
      vertex 30.7852 -12.847 4.5
      vertex 32.4273 -12.4071 4.5
      vertex 32.4068 -12.3044 4.5
    endloop
  endfacet
  facet normal 0 0 1
    outer loop
      vertex 30.7214 -12.5263 4.5
      vertex 32.4068 -12.3044 4.5
      vertex 32.4 -12.2 4.5
    endloop
  endfacet
  facet normal -0 0 1
    outer loop
      vertex 31.0349 -10.95 4.5
      vertex 32.5072 -11.8 4.5
      vertex 31.2166 -10.6781 4.5
    endloop
  endfacet
  facet normal 0 0 1
    outer loop
      vertex 32.8939 -12.9391 4.5
      vertex 32.2433 -14.5097 4.5
      vertex 32.553 -14.6148 4.5
    endloop
  endfacet
  facet normal 0 0 1
    outer loop
      vertex 32.5072 -11.8 4.5
      vertex 31.0349 -10.95 4.5
      vertex 32.4609 -11.8939 4.5
    endloop
  endfacet
  facet normal 0 0 1
    outer loop
      vertex 32.8 -12.8928 4.5
      vertex 31.95 -14.3651 4.5
      vertex 32.2433 -14.5097 4.5
    endloop
  endfacet
  facet normal -0 0 1
    outer loop
      vertex 30.8903 -11.2433 4.5
      vertex 32.4609 -11.8939 4.5
      vertex 31.0349 -10.95 4.5
    endloop
  endfacet
  facet normal 0 0 1
    outer loop
      vertex 32.713 -12.8347 4.5
      vertex 31.6781 -14.1834 4.5
      vertex 31.95 -14.3651 4.5
    endloop
  endfacet
  facet normal 0 0 1
    outer loop
      vertex 32.4609 -11.8939 4.5
      vertex 30.8903 -11.2433 4.5
      vertex 32.4273 -11.9929 4.5
    endloop
  endfacet
  facet normal 0 0 1
    outer loop
      vertex 32.6343 -12.7657 4.5
      vertex 31.4322 -13.9678 4.5
      vertex 31.6781 -14.1834 4.5
    endloop
  endfacet
  facet normal -0 0 1
    outer loop
      vertex 30.7852 -11.553 4.5
      vertex 32.4273 -11.9929 4.5
      vertex 30.8903 -11.2433 4.5
    endloop
  endfacet
  facet normal 0 0 1
    outer loop
      vertex 32.5653 -12.687 4.5
      vertex 31.2166 -13.7219 4.5
      vertex 31.4322 -13.9678 4.5
    endloop
  endfacet
  facet normal 0 0 1
    outer loop
      vertex 32.4273 -11.9929 4.5
      vertex 30.7852 -11.553 4.5
      vertex 32.4068 -12.0956 4.5
    endloop
  endfacet
  facet normal 0 0 1
    outer loop
      vertex 32.5072 -12.6 4.5
      vertex 31.0349 -13.45 4.5
      vertex 31.2166 -13.7219 4.5
    endloop
  endfacet
  facet normal -0 0 1
    outer loop
      vertex 30.7214 -11.8737 4.5
      vertex 32.4068 -12.0956 4.5
      vertex 30.7852 -11.553 4.5
    endloop
  endfacet
  facet normal 0 0 1
    outer loop
      vertex 32.4609 -12.5061 4.5
      vertex 30.8903 -13.1567 4.5
      vertex 31.0349 -13.45 4.5
    endloop
  endfacet
  facet normal 0 0 1
    outer loop
      vertex 32.4068 -12.0956 4.5
      vertex 30.7214 -11.8737 4.5
      vertex 32.4 -12.2 4.5
    endloop
  endfacet
  facet normal 0 0 1
    outer loop
      vertex 32.4273 -12.4071 4.5
      vertex 30.7852 -12.847 4.5
      vertex 30.8903 -13.1567 4.5
    endloop
  endfacet
  facet normal 0 0 1
    outer loop
      vertex 30.7 -12.2 4.5
      vertex 32.4 -12.2 4.5
      vertex 30.7214 -11.8737 4.5
    endloop
  endfacet
  facet normal 0 0 1
    outer loop
      vertex 32.4068 -12.3044 4.5
      vertex 30.7214 -12.5263 4.5
      vertex 30.7852 -12.847 4.5
    endloop
  endfacet
  facet normal 0 0 1
    outer loop
      vertex 32.4 -12.2 4.5
      vertex 30.7 -12.2 4.5
      vertex 30.7214 -12.5263 4.5
    endloop
  endfacet
  facet normal -0.751913 0.659262 0
    outer loop
      vertex 31.2166 -10.6781 3
      vertex 31.4322 -10.4322 4.5
      vertex 31.4322 -10.4322 3
    endloop
  endfacet
  facet normal -0.751913 0.659262 0
    outer loop
      vertex 31.4322 -10.4322 4.5
      vertex 31.2166 -10.6781 3
      vertex 31.2166 -10.6781 4.5
    endloop
  endfacet
  facet normal -0.555617 -0.831438 0
    outer loop
      vertex 31.6781 -14.1834 3
      vertex 31.95 -14.3651 4.5
      vertex 31.6781 -14.1834 4.5
    endloop
  endfacet
  facet normal -0.555617 -0.831438 -0
    outer loop
      vertex 31.95 -14.3651 4.5
      vertex 31.6781 -14.1834 3
      vertex 31.95 -14.3651 3
    endloop
  endfacet
  facet normal -0.32136 -0.946957 0
    outer loop
      vertex 32.2433 -14.5097 3
      vertex 32.553 -14.6148 4.5
      vertex 32.2433 -14.5097 4.5
    endloop
  endfacet
  facet normal -0.32136 -0.946957 -0
    outer loop
      vertex 32.553 -14.6148 4.5
      vertex 32.2433 -14.5097 3
      vertex 32.553 -14.6148 3
    endloop
  endfacet
  facet normal -0.442191 -0.896921 0
    outer loop
      vertex 31.95 -14.3651 3
      vertex 32.2433 -14.5097 4.5
      vertex 31.95 -14.3651 4.5
    endloop
  endfacet
  facet normal -0.442191 -0.896921 -0
    outer loop
      vertex 32.2433 -14.5097 4.5
      vertex 31.95 -14.3651 3
      vertex 32.2433 -14.5097 3
    endloop
  endfacet
  facet normal -0.946957 0.32136 0
    outer loop
      vertex 30.7852 -11.553 3
      vertex 30.8903 -11.2433 4.5
      vertex 30.8903 -11.2433 3
    endloop
  endfacet
  facet normal -0.946957 0.32136 0
    outer loop
      vertex 30.8903 -11.2433 4.5
      vertex 30.7852 -11.553 3
      vertex 30.7852 -11.553 4.5
    endloop
  endfacet
  facet normal 0.751913 -0.659262 0
    outer loop
      vertex 34.9678 -13.9678 4.5
      vertex 35.1834 -13.7219 3
      vertex 35.1834 -13.7219 4.5
    endloop
  endfacet
  facet normal 0.751913 -0.659262 0
    outer loop
      vertex 35.1834 -13.7219 3
      vertex 34.9678 -13.9678 4.5
      vertex 34.9678 -13.9678 3
    endloop
  endfacet
  facet normal -0.0654128 0.997858 0
    outer loop
      vertex 33.2 -9.7 3
      vertex 32.8737 -9.72139 4.5
      vertex 33.2 -9.7 4.5
    endloop
  endfacet
  facet normal -0.0654128 0.997858 0
    outer loop
      vertex 32.8737 -9.72139 4.5
      vertex 33.2 -9.7 3
      vertex 32.8737 -9.72139 3
    endloop
  endfacet
  facet normal -0.896921 0.442191 0
    outer loop
      vertex 30.8903 -11.2433 3
      vertex 31.0349 -10.95 4.5
      vertex 31.0349 -10.95 3
    endloop
  endfacet
  facet normal -0.896921 0.442191 0
    outer loop
      vertex 31.0349 -10.95 4.5
      vertex 30.8903 -11.2433 3
      vertex 30.8903 -11.2433 4.5
    endloop
  endfacet
  facet normal 0.98078 -0.195116 0
    outer loop
      vertex 35.6148 11.553 4.5
      vertex 35.6786 11.8737 3
      vertex 35.6786 11.8737 4.5
    endloop
  endfacet
  facet normal 0.98078 -0.195116 0
    outer loop
      vertex 35.6786 11.8737 3
      vertex 35.6148 11.553 4.5
      vertex 35.6148 11.553 3
    endloop
  endfacet
  facet normal 0.98078 0.195116 0
    outer loop
      vertex 35.6786 12.5263 4.5
      vertex 35.6148 12.847 3
      vertex 35.6148 12.847 4.5
    endloop
  endfacet
  facet normal 0.98078 0.195116 0
    outer loop
      vertex 35.6148 12.847 3
      vertex 35.6786 12.5263 4.5
      vertex 35.6786 12.5263 3
    endloop
  endfacet
  facet normal 0.997856 -0.0654432 0
    outer loop
      vertex 35.6786 11.8737 4.5
      vertex 35.7 12.2 3
      vertex 35.7 12.2 4.5
    endloop
  endfacet
  facet normal 0.997856 -0.0654432 0
    outer loop
      vertex 35.7 12.2 3
      vertex 35.6786 11.8737 4.5
      vertex 35.6786 11.8737 3
    endloop
  endfacet
  facet normal 0.32136 0.946957 -0
    outer loop
      vertex 34.1567 14.5097 3
      vertex 33.847 14.6148 4.5
      vertex 34.1567 14.5097 4.5
    endloop
  endfacet
  facet normal 0.32136 0.946957 0
    outer loop
      vertex 33.847 14.6148 4.5
      vertex 34.1567 14.5097 3
      vertex 33.847 14.6148 3
    endloop
  endfacet
  facet normal 0.195087 -0.980786 0
    outer loop
      vertex 33.5263 9.72139 3
      vertex 33.847 9.78518 4.5
      vertex 33.5263 9.72139 4.5
    endloop
  endfacet
  facet normal 0.195087 -0.980786 0
    outer loop
      vertex 33.847 9.78518 4.5
      vertex 33.5263 9.72139 3
      vertex 33.847 9.78518 3
    endloop
  endfacet
  facet normal -0.98078 0.195116 0
    outer loop
      vertex 30.7214 12.5263 3
      vertex 30.7852 12.847 4.5
      vertex 30.7852 12.847 3
    endloop
  endfacet
  facet normal -0.98078 0.195116 0
    outer loop
      vertex 30.7852 12.847 4.5
      vertex 30.7214 12.5263 3
      vertex 30.7214 12.5263 4.5
    endloop
  endfacet
  facet normal -0.831438 -0.555617 0
    outer loop
      vertex 31.2166 10.6781 3
      vertex 31.0349 10.95 4.5
      vertex 31.0349 10.95 3
    endloop
  endfacet
  facet normal -0.831438 -0.555617 0
    outer loop
      vertex 31.0349 10.95 4.5
      vertex 31.2166 10.6781 3
      vertex 31.2166 10.6781 4.5
    endloop
  endfacet
  facet normal -0.997856 0.0654432 0
    outer loop
      vertex 30.7 12.2 3
      vertex 30.7214 12.5263 4.5
      vertex 30.7214 12.5263 3
    endloop
  endfacet
  facet normal -0.997856 0.0654432 0
    outer loop
      vertex 30.7214 12.5263 4.5
      vertex 30.7 12.2 3
      vertex 30.7 12.2 4.5
    endloop
  endfacet
  facet normal 0.997856 0.0654432 0
    outer loop
      vertex 35.7 12.2 4.5
      vertex 35.6786 12.5263 3
      vertex 35.6786 12.5263 4.5
    endloop
  endfacet
  facet normal 0.997856 0.0654432 0
    outer loop
      vertex 35.6786 12.5263 3
      vertex 35.7 12.2 4.5
      vertex 35.7 12.2 3
    endloop
  endfacet
  facet normal 0.659262 0.751913 -0
    outer loop
      vertex 34.9678 13.9678 3
      vertex 34.7219 14.1834 4.5
      vertex 34.9678 13.9678 4.5
    endloop
  endfacet
  facet normal 0.659262 0.751913 0
    outer loop
      vertex 34.7219 14.1834 4.5
      vertex 34.9678 13.9678 3
      vertex 34.7219 14.1834 3
    endloop
  endfacet
  facet normal 0.831438 -0.555617 0
    outer loop
      vertex 35.1834 10.6781 4.5
      vertex 35.3651 10.95 3
      vertex 35.3651 10.95 4.5
    endloop
  endfacet
  facet normal 0.831438 -0.555617 0
    outer loop
      vertex 35.3651 10.95 3
      vertex 35.1834 10.6781 4.5
      vertex 35.1834 10.6781 3
    endloop
  endfacet
  facet normal -0.195116 0.98078 0
    outer loop
      vertex 32.8737 14.6786 3
      vertex 32.553 14.6148 4.5
      vertex 32.8737 14.6786 4.5
    endloop
  endfacet
  facet normal -0.195116 0.98078 0
    outer loop
      vertex 32.553 14.6148 4.5
      vertex 32.8737 14.6786 3
      vertex 32.553 14.6148 3
    endloop
  endfacet
  facet normal -0.751913 0.659262 0
    outer loop
      vertex 31.2166 13.7219 3
      vertex 31.4322 13.9678 4.5
      vertex 31.4322 13.9678 3
    endloop
  endfacet
  facet normal -0.751913 0.659262 0
    outer loop
      vertex 31.4322 13.9678 4.5
      vertex 31.2166 13.7219 3
      vertex 31.2166 13.7219 4.5
    endloop
  endfacet
  facet normal 0.946957 -0.32136 0
    outer loop
      vertex 35.5097 11.2433 4.5
      vertex 35.6148 11.553 3
      vertex 35.6148 11.553 4.5
    endloop
  endfacet
  facet normal 0.946957 -0.32136 0
    outer loop
      vertex 35.6148 11.553 3
      vertex 35.5097 11.2433 4.5
      vertex 35.5097 11.2433 3
    endloop
  endfacet
  facet normal -0.997856 -0.0654432 0
    outer loop
      vertex 30.7214 11.8737 3
      vertex 30.7 12.2 4.5
      vertex 30.7 12.2 3
    endloop
  endfacet
  facet normal -0.997856 -0.0654432 0
    outer loop
      vertex 30.7 12.2 4.5
      vertex 30.7214 11.8737 3
      vertex 30.7214 11.8737 4.5
    endloop
  endfacet
  facet normal 0.555617 -0.831438 0
    outer loop
      vertex 34.45 10.0349 3
      vertex 34.7219 10.2166 4.5
      vertex 34.45 10.0349 4.5
    endloop
  endfacet
  facet normal 0.555617 -0.831438 0
    outer loop
      vertex 34.7219 10.2166 4.5
      vertex 34.45 10.0349 3
      vertex 34.7219 10.2166 3
    endloop
  endfacet
  facet normal -0.98078 -0.195116 0
    outer loop
      vertex 30.7852 11.553 3
      vertex 30.7214 11.8737 4.5
      vertex 30.7214 11.8737 3
    endloop
  endfacet
  facet normal -0.98078 -0.195116 0
    outer loop
      vertex 30.7214 11.8737 4.5
      vertex 30.7852 11.553 3
      vertex 30.7852 11.553 4.5
    endloop
  endfacet
  facet normal -0.32136 0.946957 0
    outer loop
      vertex 32.553 14.6148 3
      vertex 32.2433 14.5097 4.5
      vertex 32.553 14.6148 4.5
    endloop
  endfacet
  facet normal -0.32136 0.946957 0
    outer loop
      vertex 32.2433 14.5097 4.5
      vertex 32.553 14.6148 3
      vertex 32.2433 14.5097 3
    endloop
  endfacet
  facet normal 0.946957 0.32136 0
    outer loop
      vertex 35.6148 12.847 4.5
      vertex 35.5097 13.1567 3
      vertex 35.5097 13.1567 4.5
    endloop
  endfacet
  facet normal 0.946957 0.32136 0
    outer loop
      vertex 35.5097 13.1567 3
      vertex 35.6148 12.847 4.5
      vertex 35.6148 12.847 3
    endloop
  endfacet
  facet normal -0.831438 0.555617 0
    outer loop
      vertex 31.0349 13.45 3
      vertex 31.2166 13.7219 4.5
      vertex 31.2166 13.7219 3
    endloop
  endfacet
  facet normal -0.831438 0.555617 0
    outer loop
      vertex 31.2166 13.7219 4.5
      vertex 31.0349 13.45 3
      vertex 31.0349 13.45 4.5
    endloop
  endfacet
  facet normal -0.555617 0.831438 0
    outer loop
      vertex 31.95 14.3651 3
      vertex 31.6781 14.1834 4.5
      vertex 31.95 14.3651 4.5
    endloop
  endfacet
  facet normal -0.555617 0.831438 0
    outer loop
      vertex 31.6781 14.1834 4.5
      vertex 31.95 14.3651 3
      vertex 31.6781 14.1834 3
    endloop
  endfacet
  facet normal -0.946957 -0.32136 0
    outer loop
      vertex 30.8903 11.2433 3
      vertex 30.7852 11.553 4.5
      vertex 30.7852 11.553 3
    endloop
  endfacet
  facet normal -0.946957 -0.32136 0
    outer loop
      vertex 30.7852 11.553 4.5
      vertex 30.8903 11.2433 3
      vertex 30.8903 11.2433 4.5
    endloop
  endfacet
  facet normal -0.896921 0.442191 0
    outer loop
      vertex 30.8903 13.1567 3
      vertex 31.0349 13.45 4.5
      vertex 31.0349 13.45 3
    endloop
  endfacet
  facet normal -0.896921 0.442191 0
    outer loop
      vertex 31.0349 13.45 4.5
      vertex 30.8903 13.1567 3
      vertex 30.8903 13.1567 4.5
    endloop
  endfacet
  facet normal 0.442191 0.896921 -0
    outer loop
      vertex 34.45 14.3651 3
      vertex 34.1567 14.5097 4.5
      vertex 34.45 14.3651 4.5
    endloop
  endfacet
  facet normal 0.442191 0.896921 0
    outer loop
      vertex 34.1567 14.5097 4.5
      vertex 34.45 14.3651 3
      vertex 34.1567 14.5097 3
    endloop
  endfacet
  facet normal -0.751913 -0.659262 0
    outer loop
      vertex 31.4322 10.4322 3
      vertex 31.2166 10.6781 4.5
      vertex 31.2166 10.6781 3
    endloop
  endfacet
  facet normal -0.751913 -0.659262 0
    outer loop
      vertex 31.2166 10.6781 4.5
      vertex 31.4322 10.4322 3
      vertex 31.4322 10.4322 4.5
    endloop
  endfacet
  facet normal 0 0 1
    outer loop
      vertex 34 12.2 4.5
      vertex 35.7 12.2 4.5
      vertex 35.6786 12.5263 4.5
    endloop
  endfacet
  facet normal 0 0 1
    outer loop
      vertex 33.9932 12.3044 4.5
      vertex 35.6786 12.5263 4.5
      vertex 35.6148 12.847 4.5
    endloop
  endfacet
  facet normal 0 0 1
    outer loop
      vertex 35.7 12.2 4.5
      vertex 34 12.2 4.5
      vertex 35.6786 11.8737 4.5
    endloop
  endfacet
  facet normal 0 0 1
    outer loop
      vertex 33.9727 12.4071 4.5
      vertex 35.6148 12.847 4.5
      vertex 35.5097 13.1567 4.5
    endloop
  endfacet
  facet normal -0 0 1
    outer loop
      vertex 33.9932 12.0956 4.5
      vertex 35.6786 11.8737 4.5
      vertex 34 12.2 4.5
    endloop
  endfacet
  facet normal 0 0 1
    outer loop
      vertex 33.9391 12.5061 4.5
      vertex 35.5097 13.1567 4.5
      vertex 35.3651 13.45 4.5
    endloop
  endfacet
  facet normal 0 0 1
    outer loop
      vertex 35.6786 11.8737 4.5
      vertex 33.9932 12.0956 4.5
      vertex 35.6148 11.553 4.5
    endloop
  endfacet
  facet normal 0 0 1
    outer loop
      vertex 33.8928 12.6 4.5
      vertex 35.3651 13.45 4.5
      vertex 35.1834 13.7219 4.5
    endloop
  endfacet
  facet normal -0 0 1
    outer loop
      vertex 33.9727 11.9929 4.5
      vertex 35.6148 11.553 4.5
      vertex 33.9932 12.0956 4.5
    endloop
  endfacet
  facet normal 0 0 1
    outer loop
      vertex 33.8347 12.687 4.5
      vertex 35.1834 13.7219 4.5
      vertex 34.9678 13.9678 4.5
    endloop
  endfacet
  facet normal 0 0 1
    outer loop
      vertex 35.6148 11.553 4.5
      vertex 33.9727 11.9929 4.5
      vertex 35.5097 11.2433 4.5
    endloop
  endfacet
  facet normal 0 0 1
    outer loop
      vertex 33.7657 12.7657 4.5
      vertex 34.9678 13.9678 4.5
      vertex 34.7219 14.1834 4.5
    endloop
  endfacet
  facet normal -0 0 1
    outer loop
      vertex 33.9391 11.8939 4.5
      vertex 35.5097 11.2433 4.5
      vertex 33.9727 11.9929 4.5
    endloop
  endfacet
  facet normal 0 0 1
    outer loop
      vertex 33.687 12.8347 4.5
      vertex 34.7219 14.1834 4.5
      vertex 34.45 14.3651 4.5
    endloop
  endfacet
  facet normal 0 0 1
    outer loop
      vertex 35.5097 11.2433 4.5
      vertex 33.9391 11.8939 4.5
      vertex 35.3651 10.95 4.5
    endloop
  endfacet
  facet normal 0 0 1
    outer loop
      vertex 33.6 12.8928 4.5
      vertex 34.45 14.3651 4.5
      vertex 34.1567 14.5097 4.5
    endloop
  endfacet
  facet normal -0 0 1
    outer loop
      vertex 33.8928 11.8 4.5
      vertex 35.3651 10.95 4.5
      vertex 33.9391 11.8939 4.5
    endloop
  endfacet
  facet normal 0 0 1
    outer loop
      vertex 35.3651 10.95 4.5
      vertex 33.8928 11.8 4.5
      vertex 35.1834 10.6781 4.5
    endloop
  endfacet
  facet normal 0 0 1
    outer loop
      vertex 35.6786 12.5263 4.5
      vertex 33.9932 12.3044 4.5
      vertex 34 12.2 4.5
    endloop
  endfacet
  facet normal 0 0 1
    outer loop
      vertex 35.6148 12.847 4.5
      vertex 33.9727 12.4071 4.5
      vertex 33.9932 12.3044 4.5
    endloop
  endfacet
  facet normal 0 0 1
    outer loop
      vertex 35.5097 13.1567 4.5
      vertex 33.9391 12.5061 4.5
      vertex 33.9727 12.4071 4.5
    endloop
  endfacet
  facet normal 0 0 1
    outer loop
      vertex 35.3651 13.45 4.5
      vertex 33.8928 12.6 4.5
      vertex 33.9391 12.5061 4.5
    endloop
  endfacet
  facet normal 0 0 1
    outer loop
      vertex 33.5061 12.9391 4.5
      vertex 34.1567 14.5097 4.5
      vertex 33.847 14.6148 4.5
    endloop
  endfacet
  facet normal 0 0 1
    outer loop
      vertex 35.1834 13.7219 4.5
      vertex 33.8347 12.687 4.5
      vertex 33.8928 12.6 4.5
    endloop
  endfacet
  facet normal 0 0 1
    outer loop
      vertex 34.9678 13.9678 4.5
      vertex 33.7657 12.7657 4.5
      vertex 33.8347 12.687 4.5
    endloop
  endfacet
  facet normal 0 0 1
    outer loop
      vertex 34.7219 14.1834 4.5
      vertex 33.687 12.8347 4.5
      vertex 33.7657 12.7657 4.5
    endloop
  endfacet
  facet normal 0 0 1
    outer loop
      vertex 34.45 14.3651 4.5
      vertex 33.6 12.8928 4.5
      vertex 33.687 12.8347 4.5
    endloop
  endfacet
  facet normal 0 0 1
    outer loop
      vertex 33.4071 12.9727 4.5
      vertex 33.847 14.6148 4.5
      vertex 33.5263 14.6786 4.5
    endloop
  endfacet
  facet normal 0 0 1
    outer loop
      vertex 34.1567 14.5097 4.5
      vertex 33.5061 12.9391 4.5
      vertex 33.6 12.8928 4.5
    endloop
  endfacet
  facet normal 0 0 1
    outer loop
      vertex 33.847 14.6148 4.5
      vertex 33.4071 12.9727 4.5
      vertex 33.5061 12.9391 4.5
    endloop
  endfacet
  facet normal 0 0 1
    outer loop
      vertex 33.5263 14.6786 4.5
      vertex 33.3044 12.9932 4.5
      vertex 33.4071 12.9727 4.5
    endloop
  endfacet
  facet normal 0 0 1
    outer loop
      vertex 33.2 14.7 4.5
      vertex 33.3044 12.9932 4.5
      vertex 33.5263 14.6786 4.5
    endloop
  endfacet
  facet normal 0 0 1
    outer loop
      vertex 33.2 14.7 4.5
      vertex 33.2 13 4.5
      vertex 33.3044 12.9932 4.5
    endloop
  endfacet
  facet normal 0 0 1
    outer loop
      vertex 33.2 14.7 4.5
      vertex 33.0956 12.9932 4.5
      vertex 33.2 13 4.5
    endloop
  endfacet
  facet normal -0 0 1
    outer loop
      vertex 32.8737 14.6786 4.5
      vertex 33.0956 12.9932 4.5
      vertex 33.2 14.7 4.5
    endloop
  endfacet
  facet normal 0 0 1
    outer loop
      vertex 33.0956 12.9932 4.5
      vertex 32.8737 14.6786 4.5
      vertex 32.9929 12.9727 4.5
    endloop
  endfacet
  facet normal -0 0 1
    outer loop
      vertex 32.553 14.6148 4.5
      vertex 32.9929 12.9727 4.5
      vertex 32.8737 14.6786 4.5
    endloop
  endfacet
  facet normal 0 0 1
    outer loop
      vertex 32.9929 12.9727 4.5
      vertex 32.553 14.6148 4.5
      vertex 32.8939 12.9391 4.5
    endloop
  endfacet
  facet normal -0 0 1
    outer loop
      vertex 32.2433 14.5097 4.5
      vertex 32.8939 12.9391 4.5
      vertex 32.553 14.6148 4.5
    endloop
  endfacet
  facet normal 0 0 1
    outer loop
      vertex 32.8939 12.9391 4.5
      vertex 32.2433 14.5097 4.5
      vertex 32.8 12.8928 4.5
    endloop
  endfacet
  facet normal -0 0 1
    outer loop
      vertex 31.95 14.3651 4.5
      vertex 32.8 12.8928 4.5
      vertex 32.2433 14.5097 4.5
    endloop
  endfacet
  facet normal 0 0 1
    outer loop
      vertex 32.8 12.8928 4.5
      vertex 31.95 14.3651 4.5
      vertex 32.713 12.8347 4.5
    endloop
  endfacet
  facet normal -0 0 1
    outer loop
      vertex 31.6781 14.1834 4.5
      vertex 32.713 12.8347 4.5
      vertex 31.95 14.3651 4.5
    endloop
  endfacet
  facet normal 0 0 1
    outer loop
      vertex 32.713 12.8347 4.5
      vertex 31.6781 14.1834 4.5
      vertex 32.6343 12.7657 4.5
    endloop
  endfacet
  facet normal -0 0 1
    outer loop
      vertex 31.4322 13.9678 4.5
      vertex 32.6343 12.7657 4.5
      vertex 31.6781 14.1834 4.5
    endloop
  endfacet
  facet normal 0 0 1
    outer loop
      vertex 32.6343 12.7657 4.5
      vertex 31.4322 13.9678 4.5
      vertex 32.5653 12.687 4.5
    endloop
  endfacet
  facet normal -0 0 1
    outer loop
      vertex 31.2166 13.7219 4.5
      vertex 32.5653 12.687 4.5
      vertex 31.4322 13.9678 4.5
    endloop
  endfacet
  facet normal 0 0 1
    outer loop
      vertex 32.5653 12.687 4.5
      vertex 31.2166 13.7219 4.5
      vertex 32.5072 12.6 4.5
    endloop
  endfacet
  facet normal -0 0 1
    outer loop
      vertex 33.8347 11.713 4.5
      vertex 35.1834 10.6781 4.5
      vertex 33.8928 11.8 4.5
    endloop
  endfacet
  facet normal 0 0 1
    outer loop
      vertex 35.1834 10.6781 4.5
      vertex 33.8347 11.713 4.5
      vertex 34.9678 10.4322 4.5
    endloop
  endfacet
  facet normal -0 0 1
    outer loop
      vertex 33.7657 11.6343 4.5
      vertex 34.9678 10.4322 4.5
      vertex 33.8347 11.713 4.5
    endloop
  endfacet
  facet normal 0 0 1
    outer loop
      vertex 34.9678 10.4322 4.5
      vertex 33.7657 11.6343 4.5
      vertex 34.7219 10.2166 4.5
    endloop
  endfacet
  facet normal -0 0 1
    outer loop
      vertex 33.687 11.5653 4.5
      vertex 34.7219 10.2166 4.5
      vertex 33.7657 11.6343 4.5
    endloop
  endfacet
  facet normal 0 0 1
    outer loop
      vertex 34.7219 10.2166 4.5
      vertex 33.687 11.5653 4.5
      vertex 34.45 10.0349 4.5
    endloop
  endfacet
  facet normal -0 0 1
    outer loop
      vertex 33.6 11.5072 4.5
      vertex 34.45 10.0349 4.5
      vertex 33.687 11.5653 4.5
    endloop
  endfacet
  facet normal 0 0 1
    outer loop
      vertex 34.45 10.0349 4.5
      vertex 33.6 11.5072 4.5
      vertex 34.1567 9.8903 4.5
    endloop
  endfacet
  facet normal -0 0 1
    outer loop
      vertex 33.5061 11.4609 4.5
      vertex 34.1567 9.8903 4.5
      vertex 33.6 11.5072 4.5
    endloop
  endfacet
  facet normal 0 0 1
    outer loop
      vertex 34.1567 9.8903 4.5
      vertex 33.5061 11.4609 4.5
      vertex 33.847 9.78518 4.5
    endloop
  endfacet
  facet normal -0 0 1
    outer loop
      vertex 33.4071 11.4273 4.5
      vertex 33.847 9.78518 4.5
      vertex 33.5061 11.4609 4.5
    endloop
  endfacet
  facet normal 0 0 1
    outer loop
      vertex 33.847 9.78518 4.5
      vertex 33.4071 11.4273 4.5
      vertex 33.5263 9.72139 4.5
    endloop
  endfacet
  facet normal -0 0 1
    outer loop
      vertex 33.3044 11.4068 4.5
      vertex 33.5263 9.72139 4.5
      vertex 33.4071 11.4273 4.5
    endloop
  endfacet
  facet normal -0 0 1
    outer loop
      vertex 33.2 11.4 4.5
      vertex 33.5263 9.72139 4.5
      vertex 33.3044 11.4068 4.5
    endloop
  endfacet
  facet normal 0 0 1
    outer loop
      vertex 33.2 11.4 4.5
      vertex 33.2 9.7 4.5
      vertex 33.5263 9.72139 4.5
    endloop
  endfacet
  facet normal 0 0 1
    outer loop
      vertex 33.0956 11.4068 4.5
      vertex 33.2 9.7 4.5
      vertex 33.2 11.4 4.5
    endloop
  endfacet
  facet normal 0 0 1
    outer loop
      vertex 32.8737 9.72139 4.5
      vertex 33.0956 11.4068 4.5
      vertex 32.9929 11.4273 4.5
    endloop
  endfacet
  facet normal 0 0 1
    outer loop
      vertex 32.553 9.78518 4.5
      vertex 32.9929 11.4273 4.5
      vertex 32.8939 11.4609 4.5
    endloop
  endfacet
  facet normal 0 0 1
    outer loop
      vertex 33.0956 11.4068 4.5
      vertex 32.8737 9.72139 4.5
      vertex 33.2 9.7 4.5
    endloop
  endfacet
  facet normal 0 0 1
    outer loop
      vertex 32.2433 9.8903 4.5
      vertex 32.8939 11.4609 4.5
      vertex 32.8 11.5072 4.5
    endloop
  endfacet
  facet normal 0 0 1
    outer loop
      vertex 31.95 10.0349 4.5
      vertex 32.8 11.5072 4.5
      vertex 32.713 11.5653 4.5
    endloop
  endfacet
  facet normal 0 0 1
    outer loop
      vertex 31.6781 10.2166 4.5
      vertex 32.713 11.5653 4.5
      vertex 32.6343 11.6343 4.5
    endloop
  endfacet
  facet normal 0 0 1
    outer loop
      vertex 31.4322 10.4322 4.5
      vertex 32.6343 11.6343 4.5
      vertex 32.5653 11.713 4.5
    endloop
  endfacet
  facet normal 0 0 1
    outer loop
      vertex 32.9929 11.4273 4.5
      vertex 32.553 9.78518 4.5
      vertex 32.8737 9.72139 4.5
    endloop
  endfacet
  facet normal 0 0 1
    outer loop
      vertex 31.2166 10.6781 4.5
      vertex 32.5653 11.713 4.5
      vertex 32.5072 11.8 4.5
    endloop
  endfacet
  facet normal 0 0 1
    outer loop
      vertex 31.0349 10.95 4.5
      vertex 32.5072 11.8 4.5
      vertex 32.4609 11.8939 4.5
    endloop
  endfacet
  facet normal 0 0 1
    outer loop
      vertex 30.8903 11.2433 4.5
      vertex 32.4609 11.8939 4.5
      vertex 32.4273 11.9929 4.5
    endloop
  endfacet
  facet normal 0 0 1
    outer loop
      vertex 30.7852 11.553 4.5
      vertex 32.4273 11.9929 4.5
      vertex 32.4068 12.0956 4.5
    endloop
  endfacet
  facet normal 0 0 1
    outer loop
      vertex 30.7214 11.8737 4.5
      vertex 32.4068 12.0956 4.5
      vertex 32.4 12.2 4.5
    endloop
  endfacet
  facet normal -0 0 1
    outer loop
      vertex 31.0349 13.45 4.5
      vertex 32.5072 12.6 4.5
      vertex 31.2166 13.7219 4.5
    endloop
  endfacet
  facet normal 0 0 1
    outer loop
      vertex 32.8939 11.4609 4.5
      vertex 32.2433 9.8903 4.5
      vertex 32.553 9.78518 4.5
    endloop
  endfacet
  facet normal 0 0 1
    outer loop
      vertex 32.5072 12.6 4.5
      vertex 31.0349 13.45 4.5
      vertex 32.4609 12.5061 4.5
    endloop
  endfacet
  facet normal 0 0 1
    outer loop
      vertex 32.8 11.5072 4.5
      vertex 31.95 10.0349 4.5
      vertex 32.2433 9.8903 4.5
    endloop
  endfacet
  facet normal -0 0 1
    outer loop
      vertex 30.8903 13.1567 4.5
      vertex 32.4609 12.5061 4.5
      vertex 31.0349 13.45 4.5
    endloop
  endfacet
  facet normal 0 0 1
    outer loop
      vertex 32.713 11.5653 4.5
      vertex 31.6781 10.2166 4.5
      vertex 31.95 10.0349 4.5
    endloop
  endfacet
  facet normal 0 0 1
    outer loop
      vertex 32.4609 12.5061 4.5
      vertex 30.8903 13.1567 4.5
      vertex 32.4273 12.4071 4.5
    endloop
  endfacet
  facet normal 0 0 1
    outer loop
      vertex 32.6343 11.6343 4.5
      vertex 31.4322 10.4322 4.5
      vertex 31.6781 10.2166 4.5
    endloop
  endfacet
  facet normal -0 0 1
    outer loop
      vertex 30.7852 12.847 4.5
      vertex 32.4273 12.4071 4.5
      vertex 30.8903 13.1567 4.5
    endloop
  endfacet
  facet normal 0 0 1
    outer loop
      vertex 32.5653 11.713 4.5
      vertex 31.2166 10.6781 4.5
      vertex 31.4322 10.4322 4.5
    endloop
  endfacet
  facet normal 0 0 1
    outer loop
      vertex 32.4273 12.4071 4.5
      vertex 30.7852 12.847 4.5
      vertex 32.4068 12.3044 4.5
    endloop
  endfacet
  facet normal 0 0 1
    outer loop
      vertex 32.5072 11.8 4.5
      vertex 31.0349 10.95 4.5
      vertex 31.2166 10.6781 4.5
    endloop
  endfacet
  facet normal -0 0 1
    outer loop
      vertex 30.7214 12.5263 4.5
      vertex 32.4068 12.3044 4.5
      vertex 30.7852 12.847 4.5
    endloop
  endfacet
  facet normal 0 0 1
    outer loop
      vertex 32.4609 11.8939 4.5
      vertex 30.8903 11.2433 4.5
      vertex 31.0349 10.95 4.5
    endloop
  endfacet
  facet normal 0 0 1
    outer loop
      vertex 32.4068 12.3044 4.5
      vertex 30.7214 12.5263 4.5
      vertex 32.4 12.2 4.5
    endloop
  endfacet
  facet normal 0 0 1
    outer loop
      vertex 32.4273 11.9929 4.5
      vertex 30.7852 11.553 4.5
      vertex 30.8903 11.2433 4.5
    endloop
  endfacet
  facet normal 0 0 1
    outer loop
      vertex 30.7 12.2 4.5
      vertex 32.4 12.2 4.5
      vertex 30.7214 12.5263 4.5
    endloop
  endfacet
  facet normal 0 0 1
    outer loop
      vertex 32.4068 12.0956 4.5
      vertex 30.7214 11.8737 4.5
      vertex 30.7852 11.553 4.5
    endloop
  endfacet
  facet normal 0 0 1
    outer loop
      vertex 32.4 12.2 4.5
      vertex 30.7 12.2 4.5
      vertex 30.7214 11.8737 4.5
    endloop
  endfacet
  facet normal 0.0654128 -0.997858 0
    outer loop
      vertex 33.2 9.7 3
      vertex 33.5263 9.72139 4.5
      vertex 33.2 9.7 4.5
    endloop
  endfacet
  facet normal 0.0654128 -0.997858 0
    outer loop
      vertex 33.5263 9.72139 4.5
      vertex 33.2 9.7 3
      vertex 33.5263 9.72139 3
    endloop
  endfacet
  facet normal 0.555617 0.831438 -0
    outer loop
      vertex 34.7219 14.1834 3
      vertex 34.45 14.3651 4.5
      vertex 34.7219 14.1834 4.5
    endloop
  endfacet
  facet normal 0.555617 0.831438 0
    outer loop
      vertex 34.45 14.3651 4.5
      vertex 34.7219 14.1834 3
      vertex 34.45 14.3651 3
    endloop
  endfacet
  facet normal -0.442191 0.896921 0
    outer loop
      vertex 32.2433 14.5097 3
      vertex 31.95 14.3651 4.5
      vertex 32.2433 14.5097 4.5
    endloop
  endfacet
  facet normal -0.442191 0.896921 0
    outer loop
      vertex 31.95 14.3651 4.5
      vertex 32.2433 14.5097 3
      vertex 31.95 14.3651 3
    endloop
  endfacet
  facet normal -0.0654432 0.997856 0
    outer loop
      vertex 33.2 14.7 3
      vertex 32.8737 14.6786 4.5
      vertex 33.2 14.7 4.5
    endloop
  endfacet
  facet normal -0.0654432 0.997856 0
    outer loop
      vertex 32.8737 14.6786 4.5
      vertex 33.2 14.7 3
      vertex 32.8737 14.6786 3
    endloop
  endfacet
  facet normal -0.659262 0.751913 0
    outer loop
      vertex 31.6781 14.1834 3
      vertex 31.4322 13.9678 4.5
      vertex 31.6781 14.1834 4.5
    endloop
  endfacet
  facet normal -0.659262 0.751913 0
    outer loop
      vertex 31.4322 13.9678 4.5
      vertex 31.6781 14.1834 3
      vertex 31.4322 13.9678 3
    endloop
  endfacet
  facet normal -0.195087 -0.980786 0
    outer loop
      vertex 32.553 9.78518 3
      vertex 32.8737 9.72139 4.5
      vertex 32.553 9.78518 4.5
    endloop
  endfacet
  facet normal -0.195087 -0.980786 -0
    outer loop
      vertex 32.8737 9.72139 4.5
      vertex 32.553 9.78518 3
      vertex 32.8737 9.72139 3
    endloop
  endfacet
  facet normal -0.442191 -0.896921 0
    outer loop
      vertex 31.95 10.0349 3
      vertex 32.2433 9.8903 4.5
      vertex 31.95 10.0349 4.5
    endloop
  endfacet
  facet normal -0.442191 -0.896921 -0
    outer loop
      vertex 32.2433 9.8903 4.5
      vertex 31.95 10.0349 3
      vertex 32.2433 9.8903 3
    endloop
  endfacet
  facet normal -0.896921 -0.442191 0
    outer loop
      vertex 31.0349 10.95 3
      vertex 30.8903 11.2433 4.5
      vertex 30.8903 11.2433 3
    endloop
  endfacet
  facet normal -0.896921 -0.442191 0
    outer loop
      vertex 30.8903 11.2433 4.5
      vertex 31.0349 10.95 3
      vertex 31.0349 10.95 4.5
    endloop
  endfacet
  facet normal -0.659262 -0.751913 0
    outer loop
      vertex 31.4322 10.4322 3
      vertex 31.6781 10.2166 4.5
      vertex 31.4322 10.4322 4.5
    endloop
  endfacet
  facet normal -0.659262 -0.751913 -0
    outer loop
      vertex 31.6781 10.2166 4.5
      vertex 31.4322 10.4322 3
      vertex 31.6781 10.2166 3
    endloop
  endfacet
  facet normal 0.195116 0.98078 -0
    outer loop
      vertex 33.847 14.6148 3
      vertex 33.5263 14.6786 4.5
      vertex 33.847 14.6148 4.5
    endloop
  endfacet
  facet normal 0.195116 0.98078 0
    outer loop
      vertex 33.5263 14.6786 4.5
      vertex 33.847 14.6148 3
      vertex 33.5263 14.6786 3
    endloop
  endfacet
  facet normal -0.946957 0.32136 0
    outer loop
      vertex 30.7852 12.847 3
      vertex 30.8903 13.1567 4.5
      vertex 30.8903 13.1567 3
    endloop
  endfacet
  facet normal -0.946957 0.32136 0
    outer loop
      vertex 30.8903 13.1567 4.5
      vertex 30.7852 12.847 3
      vertex 30.7852 12.847 4.5
    endloop
  endfacet
  facet normal 0.831438 0.555617 0
    outer loop
      vertex 35.3651 13.45 4.5
      vertex 35.1834 13.7219 3
      vertex 35.1834 13.7219 4.5
    endloop
  endfacet
  facet normal 0.831438 0.555617 0
    outer loop
      vertex 35.1834 13.7219 3
      vertex 35.3651 13.45 4.5
      vertex 35.3651 13.45 3
    endloop
  endfacet
  facet normal 0.751913 -0.659262 0
    outer loop
      vertex 34.9678 10.4322 4.5
      vertex 35.1834 10.6781 3
      vertex 35.1834 10.6781 4.5
    endloop
  endfacet
  facet normal 0.751913 -0.659262 0
    outer loop
      vertex 35.1834 10.6781 3
      vertex 34.9678 10.4322 4.5
      vertex 34.9678 10.4322 3
    endloop
  endfacet
  facet normal 0.896921 0.442191 0
    outer loop
      vertex 35.5097 13.1567 4.5
      vertex 35.3651 13.45 3
      vertex 35.3651 13.45 4.5
    endloop
  endfacet
  facet normal 0.896921 0.442191 0
    outer loop
      vertex 35.3651 13.45 3
      vertex 35.5097 13.1567 4.5
      vertex 35.5097 13.1567 3
    endloop
  endfacet
  facet normal 0.751913 0.659262 0
    outer loop
      vertex 35.1834 13.7219 4.5
      vertex 34.9678 13.9678 3
      vertex 34.9678 13.9678 4.5
    endloop
  endfacet
  facet normal 0.751913 0.659262 0
    outer loop
      vertex 34.9678 13.9678 3
      vertex 35.1834 13.7219 4.5
      vertex 35.1834 13.7219 3
    endloop
  endfacet
  facet normal 0.0654432 0.997856 -0
    outer loop
      vertex 33.5263 14.6786 3
      vertex 33.2 14.7 4.5
      vertex 33.5263 14.6786 4.5
    endloop
  endfacet
  facet normal 0.0654432 0.997856 0
    outer loop
      vertex 33.2 14.7 4.5
      vertex 33.5263 14.6786 3
      vertex 33.2 14.7 3
    endloop
  endfacet
  facet normal 0.896921 -0.442191 0
    outer loop
      vertex 35.3651 10.95 4.5
      vertex 35.5097 11.2433 3
      vertex 35.5097 11.2433 4.5
    endloop
  endfacet
  facet normal 0.896921 -0.442191 0
    outer loop
      vertex 35.5097 11.2433 3
      vertex 35.3651 10.95 4.5
      vertex 35.3651 10.95 3
    endloop
  endfacet
  facet normal -0.0654128 -0.997858 0
    outer loop
      vertex 32.8737 9.72139 3
      vertex 33.2 9.7 4.5
      vertex 32.8737 9.72139 4.5
    endloop
  endfacet
  facet normal -0.0654128 -0.997858 -0
    outer loop
      vertex 33.2 9.7 4.5
      vertex 32.8737 9.72139 3
      vertex 33.2 9.7 3
    endloop
  endfacet
  facet normal -0.321415 -0.946938 0
    outer loop
      vertex 32.2433 9.8903 3
      vertex 32.553 9.78518 4.5
      vertex 32.2433 9.8903 4.5
    endloop
  endfacet
  facet normal -0.321415 -0.946938 -0
    outer loop
      vertex 32.553 9.78518 4.5
      vertex 32.2433 9.8903 3
      vertex 32.553 9.78518 3
    endloop
  endfacet
  facet normal 0.321415 -0.946938 0
    outer loop
      vertex 33.847 9.78518 3
      vertex 34.1567 9.8903 4.5
      vertex 33.847 9.78518 4.5
    endloop
  endfacet
  facet normal 0.321415 -0.946938 0
    outer loop
      vertex 34.1567 9.8903 4.5
      vertex 33.847 9.78518 3
      vertex 34.1567 9.8903 3
    endloop
  endfacet
  facet normal 0.442191 -0.896921 0
    outer loop
      vertex 34.1567 9.8903 3
      vertex 34.45 10.0349 4.5
      vertex 34.1567 9.8903 4.5
    endloop
  endfacet
  facet normal 0.442191 -0.896921 0
    outer loop
      vertex 34.45 10.0349 4.5
      vertex 34.1567 9.8903 3
      vertex 34.45 10.0349 3
    endloop
  endfacet
  facet normal -0.555617 -0.831438 0
    outer loop
      vertex 31.6781 10.2166 3
      vertex 31.95 10.0349 4.5
      vertex 31.6781 10.2166 4.5
    endloop
  endfacet
  facet normal -0.555617 -0.831438 -0
    outer loop
      vertex 31.95 10.0349 4.5
      vertex 31.6781 10.2166 3
      vertex 31.95 10.0349 3
    endloop
  endfacet
  facet normal 0.659262 -0.751913 0
    outer loop
      vertex 34.7219 10.2166 3
      vertex 34.9678 10.4322 4.5
      vertex 34.7219 10.2166 4.5
    endloop
  endfacet
  facet normal 0.659262 -0.751913 0
    outer loop
      vertex 34.9678 10.4322 4.5
      vertex 34.7219 10.2166 3
      vertex 34.9678 10.4322 3
    endloop
  endfacet
  facet normal -0.0649964 0.997886 0
    outer loop
      vertex -33.0956 -12.9932 1
      vertex -33.2 -13 4.5
      vertex -33.0956 -12.9932 4.5
    endloop
  endfacet
  facet normal -0.0649964 0.997886 0
    outer loop
      vertex -33.2 -13 4.5
      vertex -33.0956 -12.9932 1
      vertex -33.2 -13 1
    endloop
  endfacet
  facet normal -0.980654 -0.195749 0
    outer loop
      vertex -32.4068 -12.0956 1
      vertex -32.4273 -11.9929 4.5
      vertex -32.4273 -11.9929 1
    endloop
  endfacet
  facet normal -0.980654 -0.195749 0
    outer loop
      vertex -32.4273 -11.9929 4.5
      vertex -32.4068 -12.0956 1
      vertex -32.4068 -12.0956 4.5
    endloop
  endfacet
  facet normal -0.997886 -0.0649964 0
    outer loop
      vertex -32.4 -12.2 1
      vertex -32.4068 -12.0956 4.5
      vertex -32.4068 -12.0956 1
    endloop
  endfacet
  facet normal -0.997886 -0.0649964 0
    outer loop
      vertex -32.4068 -12.0956 4.5
      vertex -32.4 -12.2 1
      vertex -32.4 -12.2 4.5
    endloop
  endfacet
  facet normal -0.946948 -0.321388 0
    outer loop
      vertex -32.4273 -11.9929 1
      vertex -32.4609 -11.8939 4.5
      vertex -32.4609 -11.8939 1
    endloop
  endfacet
  facet normal -0.946948 -0.321388 0
    outer loop
      vertex -32.4609 -11.8939 4.5
      vertex -32.4273 -11.9929 1
      vertex -32.4273 -11.9929 4.5
    endloop
  endfacet
  facet normal -0.946948 0.321388 0
    outer loop
      vertex -32.4609 -12.5061 1
      vertex -32.4273 -12.4071 4.5
      vertex -32.4273 -12.4071 1
    endloop
  endfacet
  facet normal -0.946948 0.321388 0
    outer loop
      vertex -32.4273 -12.4071 4.5
      vertex -32.4609 -12.5061 1
      vertex -32.4609 -12.5061 4.5
    endloop
  endfacet
  facet normal -0.896897 -0.44224 0
    outer loop
      vertex -32.4609 -11.8939 1
      vertex -32.5072 -11.8 4.5
      vertex -32.5072 -11.8 1
    endloop
  endfacet
  facet normal -0.896897 -0.44224 0
    outer loop
      vertex -32.5072 -11.8 4.5
      vertex -32.4609 -11.8939 1
      vertex -32.4609 -11.8939 4.5
    endloop
  endfacet
  facet normal -0.659248 -0.751925 0
    outer loop
      vertex -32.713 -11.5653 1
      vertex -32.6343 -11.6343 4.5
      vertex -32.713 -11.5653 4.5
    endloop
  endfacet
  facet normal -0.659248 -0.751925 -0
    outer loop
      vertex -32.6343 -11.6343 4.5
      vertex -32.713 -11.5653 1
      vertex -32.6343 -11.6343 1
    endloop
  endfacet
  facet normal 0.195749 -0.980654 0
    outer loop
      vertex -33.4071 -11.4273 1
      vertex -33.3044 -11.4068 4.5
      vertex -33.4071 -11.4273 4.5
    endloop
  endfacet
  facet normal 0.195749 -0.980654 0
    outer loop
      vertex -33.3044 -11.4068 4.5
      vertex -33.4071 -11.4273 1
      vertex -33.3044 -11.4068 1
    endloop
  endfacet
  facet normal -0.44224 -0.896897 0
    outer loop
      vertex -32.8939 -11.4609 1
      vertex -32.8 -11.5072 4.5
      vertex -32.8939 -11.4609 4.5
    endloop
  endfacet
  facet normal -0.44224 -0.896897 -0
    outer loop
      vertex -32.8 -11.5072 4.5
      vertex -32.8939 -11.4609 1
      vertex -32.8 -11.5072 1
    endloop
  endfacet
  facet normal 0.195749 0.980654 -0
    outer loop
      vertex -33.3044 -12.9932 1
      vertex -33.4071 -12.9727 4.5
      vertex -33.3044 -12.9932 4.5
    endloop
  endfacet
  facet normal 0.195749 0.980654 0
    outer loop
      vertex -33.4071 -12.9727 4.5
      vertex -33.3044 -12.9932 1
      vertex -33.4071 -12.9727 1
    endloop
  endfacet
  facet normal 0.751925 0.659248 0
    outer loop
      vertex -33.7657 -12.7657 4.5
      vertex -33.8347 -12.687 1
      vertex -33.8347 -12.687 4.5
    endloop
  endfacet
  facet normal 0.751925 0.659248 0
    outer loop
      vertex -33.8347 -12.687 1
      vertex -33.7657 -12.7657 4.5
      vertex -33.7657 -12.7657 1
    endloop
  endfacet
  facet normal 0.946948 -0.321388 0
    outer loop
      vertex -33.9727 -11.9929 4.5
      vertex -33.9391 -11.8939 1
      vertex -33.9391 -11.8939 4.5
    endloop
  endfacet
  facet normal 0.946948 -0.321388 0
    outer loop
      vertex -33.9391 -11.8939 1
      vertex -33.9727 -11.9929 4.5
      vertex -33.9727 -11.9929 1
    endloop
  endfacet
  facet normal 0.555362 -0.831609 0
    outer loop
      vertex -33.687 -11.5653 1
      vertex -33.6 -11.5072 4.5
      vertex -33.687 -11.5653 4.5
    endloop
  endfacet
  facet normal 0.555362 -0.831609 0
    outer loop
      vertex -33.6 -11.5072 4.5
      vertex -33.687 -11.5653 1
      vertex -33.6 -11.5072 1
    endloop
  endfacet
  facet normal 0.321388 -0.946948 0
    outer loop
      vertex -33.5061 -11.4609 1
      vertex -33.4071 -11.4273 4.5
      vertex -33.5061 -11.4609 4.5
    endloop
  endfacet
  facet normal 0.321388 -0.946948 0
    outer loop
      vertex -33.4071 -11.4273 4.5
      vertex -33.5061 -11.4609 1
      vertex -33.4071 -11.4273 1
    endloop
  endfacet
  facet normal 0.896897 0.44224 0
    outer loop
      vertex -33.8928 -12.6 4.5
      vertex -33.9391 -12.5061 1
      vertex -33.9391 -12.5061 4.5
    endloop
  endfacet
  facet normal 0.896897 0.44224 0
    outer loop
      vertex -33.9391 -12.5061 1
      vertex -33.8928 -12.6 4.5
      vertex -33.8928 -12.6 1
    endloop
  endfacet
  facet normal -0.751925 -0.659248 0
    outer loop
      vertex -32.5653 -11.713 1
      vertex -32.6343 -11.6343 4.5
      vertex -32.6343 -11.6343 1
    endloop
  endfacet
  facet normal -0.751925 -0.659248 0
    outer loop
      vertex -32.6343 -11.6343 4.5
      vertex -32.5653 -11.713 1
      vertex -32.5653 -11.713 4.5
    endloop
  endfacet
  facet normal 0.896897 -0.44224 0
    outer loop
      vertex -33.9391 -11.8939 4.5
      vertex -33.8928 -11.8 1
      vertex -33.8928 -11.8 4.5
    endloop
  endfacet
  facet normal 0.896897 -0.44224 0
    outer loop
      vertex -33.8928 -11.8 1
      vertex -33.9391 -11.8939 4.5
      vertex -33.9391 -11.8939 1
    endloop
  endfacet
  facet normal -0.997886 0.0649964 0
    outer loop
      vertex -32.4068 -12.3044 1
      vertex -32.4 -12.2 4.5
      vertex -32.4 -12.2 1
    endloop
  endfacet
  facet normal -0.997886 0.0649964 0
    outer loop
      vertex -32.4 -12.2 4.5
      vertex -32.4068 -12.3044 1
      vertex -32.4068 -12.3044 4.5
    endloop
  endfacet
  facet normal -0.831609 -0.555362 0
    outer loop
      vertex -32.5072 -11.8 1
      vertex -32.5653 -11.713 4.5
      vertex -32.5653 -11.713 1
    endloop
  endfacet
  facet normal -0.831609 -0.555362 0
    outer loop
      vertex -32.5653 -11.713 4.5
      vertex -32.5072 -11.8 1
      vertex -32.5072 -11.8 4.5
    endloop
  endfacet
  facet normal 0.659248 -0.751925 0
    outer loop
      vertex -33.7657 -11.6343 1
      vertex -33.687 -11.5653 4.5
      vertex -33.7657 -11.6343 4.5
    endloop
  endfacet
  facet normal 0.659248 -0.751925 0
    outer loop
      vertex -33.687 -11.5653 4.5
      vertex -33.7657 -11.6343 1
      vertex -33.687 -11.5653 1
    endloop
  endfacet
  facet normal 0.997886 -0.0649964 0
    outer loop
      vertex -34 -12.2 4.5
      vertex -33.9932 -12.0956 1
      vertex -33.9932 -12.0956 4.5
    endloop
  endfacet
  facet normal 0.997886 -0.0649964 0
    outer loop
      vertex -33.9932 -12.0956 1
      vertex -34 -12.2 4.5
      vertex -34 -12.2 1
    endloop
  endfacet
  facet normal 0.44224 0.896897 -0
    outer loop
      vertex -33.5061 -12.9391 1
      vertex -33.6 -12.8928 4.5
      vertex -33.5061 -12.9391 4.5
    endloop
  endfacet
  facet normal 0.44224 0.896897 0
    outer loop
      vertex -33.6 -12.8928 4.5
      vertex -33.5061 -12.9391 1
      vertex -33.6 -12.8928 1
    endloop
  endfacet
  facet normal -0.555362 -0.831609 0
    outer loop
      vertex -32.8 -11.5072 1
      vertex -32.713 -11.5653 4.5
      vertex -32.8 -11.5072 4.5
    endloop
  endfacet
  facet normal -0.555362 -0.831609 -0
    outer loop
      vertex -32.713 -11.5653 4.5
      vertex -32.8 -11.5072 1
      vertex -32.713 -11.5653 1
    endloop
  endfacet
  facet normal -0.751925 0.659248 0
    outer loop
      vertex -32.6343 -12.7657 1
      vertex -32.5653 -12.687 4.5
      vertex -32.5653 -12.687 1
    endloop
  endfacet
  facet normal -0.751925 0.659248 0
    outer loop
      vertex -32.5653 -12.687 4.5
      vertex -32.6343 -12.7657 1
      vertex -32.6343 -12.7657 4.5
    endloop
  endfacet
  facet normal -0.896897 0.44224 0
    outer loop
      vertex -32.5072 -12.6 1
      vertex -32.4609 -12.5061 4.5
      vertex -32.4609 -12.5061 1
    endloop
  endfacet
  facet normal -0.896897 0.44224 0
    outer loop
      vertex -32.4609 -12.5061 4.5
      vertex -32.5072 -12.6 1
      vertex -32.5072 -12.6 4.5
    endloop
  endfacet
  facet normal 0.44224 -0.896897 0
    outer loop
      vertex -33.6 -11.5072 1
      vertex -33.5061 -11.4609 4.5
      vertex -33.6 -11.5072 4.5
    endloop
  endfacet
  facet normal 0.44224 -0.896897 0
    outer loop
      vertex -33.5061 -11.4609 4.5
      vertex -33.6 -11.5072 1
      vertex -33.5061 -11.4609 1
    endloop
  endfacet
  facet normal -0.195749 -0.980654 0
    outer loop
      vertex -33.0956 -11.4068 1
      vertex -32.9929 -11.4273 4.5
      vertex -33.0956 -11.4068 4.5
    endloop
  endfacet
  facet normal -0.195749 -0.980654 -0
    outer loop
      vertex -32.9929 -11.4273 4.5
      vertex -33.0956 -11.4068 1
      vertex -32.9929 -11.4273 1
    endloop
  endfacet
  facet normal 0.980654 0.195749 0
    outer loop
      vertex -33.9727 -12.4071 4.5
      vertex -33.9932 -12.3044 1
      vertex -33.9932 -12.3044 4.5
    endloop
  endfacet
  facet normal 0.980654 0.195749 0
    outer loop
      vertex -33.9932 -12.3044 1
      vertex -33.9727 -12.4071 4.5
      vertex -33.9727 -12.4071 1
    endloop
  endfacet
  facet normal 0 0 1
    outer loop
      vertex -32.4068 -12.0956 1
      vertex -32.4068 -12.3044 1
      vertex -32.4 -12.2 1
    endloop
  endfacet
  facet normal 0 0 1
    outer loop
      vertex -32.4273 -11.9929 1
      vertex -32.4068 -12.3044 1
      vertex -32.4068 -12.0956 1
    endloop
  endfacet
  facet normal 0 0 1
    outer loop
      vertex -32.4273 -11.9929 1
      vertex -32.4273 -12.4071 1
      vertex -32.4068 -12.3044 1
    endloop
  endfacet
  facet normal 0 0 1
    outer loop
      vertex -32.4609 -11.8939 1
      vertex -32.4273 -12.4071 1
      vertex -32.4273 -11.9929 1
    endloop
  endfacet
  facet normal 0 0 1
    outer loop
      vertex -32.4609 -11.8939 1
      vertex -32.4609 -12.5061 1
      vertex -32.4273 -12.4071 1
    endloop
  endfacet
  facet normal 0 0 1
    outer loop
      vertex -32.5072 -11.8 1
      vertex -32.4609 -12.5061 1
      vertex -32.4609 -11.8939 1
    endloop
  endfacet
  facet normal 0 0 1
    outer loop
      vertex -32.5072 -11.8 1
      vertex -32.5072 -12.6 1
      vertex -32.4609 -12.5061 1
    endloop
  endfacet
  facet normal 0 0 1
    outer loop
      vertex -32.5653 -11.713 1
      vertex -32.5072 -12.6 1
      vertex -32.5072 -11.8 1
    endloop
  endfacet
  facet normal 0 0 1
    outer loop
      vertex -32.5653 -11.713 1
      vertex -32.5653 -12.687 1
      vertex -32.5072 -12.6 1
    endloop
  endfacet
  facet normal 0 0 1
    outer loop
      vertex -32.6343 -11.6343 1
      vertex -32.5653 -12.687 1
      vertex -32.5653 -11.713 1
    endloop
  endfacet
  facet normal 0 0 1
    outer loop
      vertex -32.6343 -11.6343 1
      vertex -32.6343 -12.7657 1
      vertex -32.5653 -12.687 1
    endloop
  endfacet
  facet normal 0 0 1
    outer loop
      vertex -32.713 -11.5653 1
      vertex -32.6343 -12.7657 1
      vertex -32.6343 -11.6343 1
    endloop
  endfacet
  facet normal 0 0 1
    outer loop
      vertex -32.713 -11.5653 1
      vertex -32.713 -12.8347 1
      vertex -32.6343 -12.7657 1
    endloop
  endfacet
  facet normal 0 0 1
    outer loop
      vertex -32.8 -11.5072 1
      vertex -32.713 -12.8347 1
      vertex -32.713 -11.5653 1
    endloop
  endfacet
  facet normal 0 0 1
    outer loop
      vertex -32.8 -11.5072 1
      vertex -32.8 -12.8928 1
      vertex -32.713 -12.8347 1
    endloop
  endfacet
  facet normal 0 0 1
    outer loop
      vertex -32.8939 -11.4609 1
      vertex -32.8 -12.8928 1
      vertex -32.8 -11.5072 1
    endloop
  endfacet
  facet normal 0 0 1
    outer loop
      vertex -32.8939 -11.4609 1
      vertex -32.8939 -12.9391 1
      vertex -32.8 -12.8928 1
    endloop
  endfacet
  facet normal 0 0 1
    outer loop
      vertex -32.9929 -11.4273 1
      vertex -32.8939 -12.9391 1
      vertex -32.8939 -11.4609 1
    endloop
  endfacet
  facet normal 0 0 1
    outer loop
      vertex -32.9929 -11.4273 1
      vertex -32.9929 -12.9727 1
      vertex -32.8939 -12.9391 1
    endloop
  endfacet
  facet normal 0 0 1
    outer loop
      vertex -33.0956 -11.4068 1
      vertex -32.9929 -12.9727 1
      vertex -32.9929 -11.4273 1
    endloop
  endfacet
  facet normal 0 0 1
    outer loop
      vertex -33.0956 -11.4068 1
      vertex -33.0956 -12.9932 1
      vertex -32.9929 -12.9727 1
    endloop
  endfacet
  facet normal 0 0 1
    outer loop
      vertex -33.2 -11.4 1
      vertex -33.0956 -12.9932 1
      vertex -33.0956 -11.4068 1
    endloop
  endfacet
  facet normal 0 0 1
    outer loop
      vertex -33.2 -11.4 1
      vertex -33.2 -13 1
      vertex -33.0956 -12.9932 1
    endloop
  endfacet
  facet normal -0 0 1
    outer loop
      vertex -33.3044 -11.4068 1
      vertex -33.2 -13 1
      vertex -33.2 -11.4 1
    endloop
  endfacet
  facet normal 0 0 1
    outer loop
      vertex -33.3044 -11.4068 1
      vertex -33.3044 -12.9932 1
      vertex -33.2 -13 1
    endloop
  endfacet
  facet normal -0 0 1
    outer loop
      vertex -33.4071 -11.4273 1
      vertex -33.3044 -12.9932 1
      vertex -33.3044 -11.4068 1
    endloop
  endfacet
  facet normal 0 0 1
    outer loop
      vertex -33.4071 -11.4273 1
      vertex -33.4071 -12.9727 1
      vertex -33.3044 -12.9932 1
    endloop
  endfacet
  facet normal -0 0 1
    outer loop
      vertex -33.5061 -11.4609 1
      vertex -33.4071 -12.9727 1
      vertex -33.4071 -11.4273 1
    endloop
  endfacet
  facet normal 0 0 1
    outer loop
      vertex -33.5061 -11.4609 1
      vertex -33.5061 -12.9391 1
      vertex -33.4071 -12.9727 1
    endloop
  endfacet
  facet normal -0 0 1
    outer loop
      vertex -33.6 -11.5072 1
      vertex -33.5061 -12.9391 1
      vertex -33.5061 -11.4609 1
    endloop
  endfacet
  facet normal 0 0 1
    outer loop
      vertex -33.6 -11.5072 1
      vertex -33.6 -12.8928 1
      vertex -33.5061 -12.9391 1
    endloop
  endfacet
  facet normal -0 0 1
    outer loop
      vertex -33.687 -11.5653 1
      vertex -33.6 -12.8928 1
      vertex -33.6 -11.5072 1
    endloop
  endfacet
  facet normal 0 0 1
    outer loop
      vertex -33.687 -11.5653 1
      vertex -33.687 -12.8347 1
      vertex -33.6 -12.8928 1
    endloop
  endfacet
  facet normal -0 0 1
    outer loop
      vertex -33.7657 -11.6343 1
      vertex -33.687 -12.8347 1
      vertex -33.687 -11.5653 1
    endloop
  endfacet
  facet normal 0 0 1
    outer loop
      vertex -33.7657 -11.6343 1
      vertex -33.7657 -12.7657 1
      vertex -33.687 -12.8347 1
    endloop
  endfacet
  facet normal -0 0 1
    outer loop
      vertex -33.8347 -11.713 1
      vertex -33.7657 -12.7657 1
      vertex -33.7657 -11.6343 1
    endloop
  endfacet
  facet normal 0 0 1
    outer loop
      vertex -33.8347 -11.713 1
      vertex -33.8347 -12.687 1
      vertex -33.7657 -12.7657 1
    endloop
  endfacet
  facet normal -0 0 1
    outer loop
      vertex -33.8928 -11.8 1
      vertex -33.8347 -12.687 1
      vertex -33.8347 -11.713 1
    endloop
  endfacet
  facet normal 0 0 1
    outer loop
      vertex -33.8928 -11.8 1
      vertex -33.8928 -12.6 1
      vertex -33.8347 -12.687 1
    endloop
  endfacet
  facet normal -0 0 1
    outer loop
      vertex -33.9391 -11.8939 1
      vertex -33.8928 -12.6 1
      vertex -33.8928 -11.8 1
    endloop
  endfacet
  facet normal 0 0 1
    outer loop
      vertex -33.9391 -11.8939 1
      vertex -33.9391 -12.5061 1
      vertex -33.8928 -12.6 1
    endloop
  endfacet
  facet normal -0 0 1
    outer loop
      vertex -33.9727 -11.9929 1
      vertex -33.9391 -12.5061 1
      vertex -33.9391 -11.8939 1
    endloop
  endfacet
  facet normal 0 0 1
    outer loop
      vertex -33.9727 -11.9929 1
      vertex -33.9727 -12.4071 1
      vertex -33.9391 -12.5061 1
    endloop
  endfacet
  facet normal -0 0 1
    outer loop
      vertex -33.9932 -12.0956 1
      vertex -33.9727 -12.4071 1
      vertex -33.9727 -11.9929 1
    endloop
  endfacet
  facet normal 0 0 1
    outer loop
      vertex -33.9932 -12.0956 1
      vertex -33.9932 -12.3044 1
      vertex -33.9727 -12.4071 1
    endloop
  endfacet
  facet normal 0 -0 1
    outer loop
      vertex -33.9932 -12.3044 1
      vertex -33.9932 -12.0956 1
      vertex -34 -12.2 1
    endloop
  endfacet
  facet normal -0.44224 0.896897 0
    outer loop
      vertex -32.8 -12.8928 1
      vertex -32.8939 -12.9391 4.5
      vertex -32.8 -12.8928 4.5
    endloop
  endfacet
  facet normal -0.44224 0.896897 0
    outer loop
      vertex -32.8939 -12.9391 4.5
      vertex -32.8 -12.8928 1
      vertex -32.8939 -12.9391 1
    endloop
  endfacet
  facet normal -0.831609 0.555362 0
    outer loop
      vertex -32.5653 -12.687 1
      vertex -32.5072 -12.6 4.5
      vertex -32.5072 -12.6 1
    endloop
  endfacet
  facet normal -0.831609 0.555362 0
    outer loop
      vertex -32.5072 -12.6 4.5
      vertex -32.5653 -12.687 1
      vertex -32.5653 -12.687 4.5
    endloop
  endfacet
  facet normal -0.659248 0.751925 0
    outer loop
      vertex -32.6343 -12.7657 1
      vertex -32.713 -12.8347 4.5
      vertex -32.6343 -12.7657 4.5
    endloop
  endfacet
  facet normal -0.659248 0.751925 0
    outer loop
      vertex -32.713 -12.8347 4.5
      vertex -32.6343 -12.7657 1
      vertex -32.713 -12.8347 1
    endloop
  endfacet
  facet normal 0.751925 -0.659248 0
    outer loop
      vertex -33.8347 -11.713 4.5
      vertex -33.7657 -11.6343 1
      vertex -33.7657 -11.6343 4.5
    endloop
  endfacet
  facet normal 0.751925 -0.659248 0
    outer loop
      vertex -33.7657 -11.6343 1
      vertex -33.8347 -11.713 4.5
      vertex -33.8347 -11.713 1
    endloop
  endfacet
  facet normal 0.946948 0.321388 0
    outer loop
      vertex -33.9391 -12.5061 4.5
      vertex -33.9727 -12.4071 1
      vertex -33.9727 -12.4071 4.5
    endloop
  endfacet
  facet normal 0.946948 0.321388 0
    outer loop
      vertex -33.9727 -12.4071 1
      vertex -33.9391 -12.5061 4.5
      vertex -33.9391 -12.5061 1
    endloop
  endfacet
  facet normal -0.321388 -0.946948 0
    outer loop
      vertex -32.9929 -11.4273 1
      vertex -32.8939 -11.4609 4.5
      vertex -32.9929 -11.4273 4.5
    endloop
  endfacet
  facet normal -0.321388 -0.946948 -0
    outer loop
      vertex -32.8939 -11.4609 4.5
      vertex -32.9929 -11.4273 1
      vertex -32.8939 -11.4609 1
    endloop
  endfacet
  facet normal 0.555362 0.831609 -0
    outer loop
      vertex -33.6 -12.8928 1
      vertex -33.687 -12.8347 4.5
      vertex -33.6 -12.8928 4.5
    endloop
  endfacet
  facet normal 0.555362 0.831609 0
    outer loop
      vertex -33.687 -12.8347 4.5
      vertex -33.6 -12.8928 1
      vertex -33.687 -12.8347 1
    endloop
  endfacet
  facet normal -0.980654 0.195749 0
    outer loop
      vertex -32.4273 -12.4071 1
      vertex -32.4068 -12.3044 4.5
      vertex -32.4068 -12.3044 1
    endloop
  endfacet
  facet normal -0.980654 0.195749 0
    outer loop
      vertex -32.4068 -12.3044 4.5
      vertex -32.4273 -12.4071 1
      vertex -32.4273 -12.4071 4.5
    endloop
  endfacet
  facet normal -0.321388 0.946948 0
    outer loop
      vertex -32.8939 -12.9391 1
      vertex -32.9929 -12.9727 4.5
      vertex -32.8939 -12.9391 4.5
    endloop
  endfacet
  facet normal -0.321388 0.946948 0
    outer loop
      vertex -32.9929 -12.9727 4.5
      vertex -32.8939 -12.9391 1
      vertex -32.9929 -12.9727 1
    endloop
  endfacet
  facet normal 0.997886 0.0649964 0
    outer loop
      vertex -33.9932 -12.3044 4.5
      vertex -34 -12.2 1
      vertex -34 -12.2 4.5
    endloop
  endfacet
  facet normal 0.997886 0.0649964 0
    outer loop
      vertex -34 -12.2 1
      vertex -33.9932 -12.3044 4.5
      vertex -33.9932 -12.3044 1
    endloop
  endfacet
  facet normal 0.321388 0.946948 -0
    outer loop
      vertex -33.4071 -12.9727 1
      vertex -33.5061 -12.9391 4.5
      vertex -33.4071 -12.9727 4.5
    endloop
  endfacet
  facet normal 0.321388 0.946948 0
    outer loop
      vertex -33.5061 -12.9391 4.5
      vertex -33.4071 -12.9727 1
      vertex -33.5061 -12.9391 1
    endloop
  endfacet
  facet normal -0.195749 0.980654 0
    outer loop
      vertex -32.9929 -12.9727 1
      vertex -33.0956 -12.9932 4.5
      vertex -32.9929 -12.9727 4.5
    endloop
  endfacet
  facet normal -0.195749 0.980654 0
    outer loop
      vertex -33.0956 -12.9932 4.5
      vertex -32.9929 -12.9727 1
      vertex -33.0956 -12.9932 1
    endloop
  endfacet
  facet normal 0.659248 0.751925 -0
    outer loop
      vertex -33.687 -12.8347 1
      vertex -33.7657 -12.7657 4.5
      vertex -33.687 -12.8347 4.5
    endloop
  endfacet
  facet normal 0.659248 0.751925 0
    outer loop
      vertex -33.7657 -12.7657 4.5
      vertex -33.687 -12.8347 1
      vertex -33.7657 -12.7657 1
    endloop
  endfacet
  facet normal 0.980654 -0.195749 0
    outer loop
      vertex -33.9932 -12.0956 4.5
      vertex -33.9727 -11.9929 1
      vertex -33.9727 -11.9929 4.5
    endloop
  endfacet
  facet normal 0.980654 -0.195749 0
    outer loop
      vertex -33.9727 -11.9929 1
      vertex -33.9932 -12.0956 4.5
      vertex -33.9932 -12.0956 1
    endloop
  endfacet
  facet normal 0.831609 -0.555362 0
    outer loop
      vertex -33.8928 -11.8 4.5
      vertex -33.8347 -11.713 1
      vertex -33.8347 -11.713 4.5
    endloop
  endfacet
  facet normal 0.831609 -0.555362 0
    outer loop
      vertex -33.8347 -11.713 1
      vertex -33.8928 -11.8 4.5
      vertex -33.8928 -11.8 1
    endloop
  endfacet
  facet normal -0.0649964 -0.997886 0
    outer loop
      vertex -33.2 -11.4 1
      vertex -33.0956 -11.4068 4.5
      vertex -33.2 -11.4 4.5
    endloop
  endfacet
  facet normal -0.0649964 -0.997886 -0
    outer loop
      vertex -33.0956 -11.4068 4.5
      vertex -33.2 -11.4 1
      vertex -33.0956 -11.4068 1
    endloop
  endfacet
  facet normal 0.0649964 -0.997886 0
    outer loop
      vertex -33.3044 -11.4068 1
      vertex -33.2 -11.4 4.5
      vertex -33.3044 -11.4068 4.5
    endloop
  endfacet
  facet normal 0.0649964 -0.997886 0
    outer loop
      vertex -33.2 -11.4 4.5
      vertex -33.3044 -11.4068 1
      vertex -33.2 -11.4 1
    endloop
  endfacet
  facet normal 0.0649964 0.997886 -0
    outer loop
      vertex -33.2 -13 1
      vertex -33.3044 -12.9932 4.5
      vertex -33.2 -13 4.5
    endloop
  endfacet
  facet normal 0.0649964 0.997886 0
    outer loop
      vertex -33.3044 -12.9932 4.5
      vertex -33.2 -13 1
      vertex -33.3044 -12.9932 1
    endloop
  endfacet
  facet normal -0.555362 0.831609 0
    outer loop
      vertex -32.713 -12.8347 1
      vertex -32.8 -12.8928 4.5
      vertex -32.713 -12.8347 4.5
    endloop
  endfacet
  facet normal -0.555362 0.831609 0
    outer loop
      vertex -32.8 -12.8928 4.5
      vertex -32.713 -12.8347 1
      vertex -32.8 -12.8928 1
    endloop
  endfacet
  facet normal 0.831609 0.555362 0
    outer loop
      vertex -33.8347 -12.687 4.5
      vertex -33.8928 -12.6 1
      vertex -33.8928 -12.6 4.5
    endloop
  endfacet
  facet normal 0.831609 0.555362 0
    outer loop
      vertex -33.8928 -12.6 1
      vertex -33.8347 -12.687 4.5
      vertex -33.8347 -12.687 1
    endloop
  endfacet
  facet normal -0.321388 0.946948 0
    outer loop
      vertex -32.8939 11.4609 1
      vertex -32.9929 11.4273 4.5
      vertex -32.8939 11.4609 4.5
    endloop
  endfacet
  facet normal -0.321388 0.946948 0
    outer loop
      vertex -32.9929 11.4273 4.5
      vertex -32.8939 11.4609 1
      vertex -32.9929 11.4273 1
    endloop
  endfacet
  facet normal -0.980654 -0.195749 0
    outer loop
      vertex -32.4068 12.3044 1
      vertex -32.4273 12.4071 4.5
      vertex -32.4273 12.4071 1
    endloop
  endfacet
  facet normal -0.980654 -0.195749 0
    outer loop
      vertex -32.4273 12.4071 4.5
      vertex -32.4068 12.3044 1
      vertex -32.4068 12.3044 4.5
    endloop
  endfacet
  facet normal -0.997886 -0.0649964 0
    outer loop
      vertex -32.4 12.2 1
      vertex -32.4068 12.3044 4.5
      vertex -32.4068 12.3044 1
    endloop
  endfacet
  facet normal -0.997886 -0.0649964 0
    outer loop
      vertex -32.4068 12.3044 4.5
      vertex -32.4 12.2 1
      vertex -32.4 12.2 4.5
    endloop
  endfacet
  facet normal -0.946948 -0.321388 0
    outer loop
      vertex -32.4273 12.4071 1
      vertex -32.4609 12.5061 4.5
      vertex -32.4609 12.5061 1
    endloop
  endfacet
  facet normal -0.946948 -0.321388 0
    outer loop
      vertex -32.4609 12.5061 4.5
      vertex -32.4273 12.4071 1
      vertex -32.4273 12.4071 4.5
    endloop
  endfacet
  facet normal -0.831609 -0.555362 0
    outer loop
      vertex -32.5072 12.6 1
      vertex -32.5653 12.687 4.5
      vertex -32.5653 12.687 1
    endloop
  endfacet
  facet normal -0.831609 -0.555362 0
    outer loop
      vertex -32.5653 12.687 4.5
      vertex -32.5072 12.6 1
      vertex -32.5072 12.6 4.5
    endloop
  endfacet
  facet normal 0 0 1
    outer loop
      vertex -32.4068 12.3044 1
      vertex -32.4068 12.0956 1
      vertex -32.4 12.2 1
    endloop
  endfacet
  facet normal 0 0 1
    outer loop
      vertex -32.4273 12.4071 1
      vertex -32.4068 12.0956 1
      vertex -32.4068 12.3044 1
    endloop
  endfacet
  facet normal 0 0 1
    outer loop
      vertex -32.4273 12.4071 1
      vertex -32.4273 11.9929 1
      vertex -32.4068 12.0956 1
    endloop
  endfacet
  facet normal 0 0 1
    outer loop
      vertex -32.4609 12.5061 1
      vertex -32.4273 11.9929 1
      vertex -32.4273 12.4071 1
    endloop
  endfacet
  facet normal 0 0 1
    outer loop
      vertex -32.4609 12.5061 1
      vertex -32.4609 11.8939 1
      vertex -32.4273 11.9929 1
    endloop
  endfacet
  facet normal 0 0 1
    outer loop
      vertex -32.5072 12.6 1
      vertex -32.4609 11.8939 1
      vertex -32.4609 12.5061 1
    endloop
  endfacet
  facet normal 0 0 1
    outer loop
      vertex -32.5072 12.6 1
      vertex -32.5072 11.8 1
      vertex -32.4609 11.8939 1
    endloop
  endfacet
  facet normal 0 0 1
    outer loop
      vertex -32.5653 12.687 1
      vertex -32.5072 11.8 1
      vertex -32.5072 12.6 1
    endloop
  endfacet
  facet normal 0 0 1
    outer loop
      vertex -32.5653 12.687 1
      vertex -32.5653 11.713 1
      vertex -32.5072 11.8 1
    endloop
  endfacet
  facet normal 0 0 1
    outer loop
      vertex -32.6343 12.7657 1
      vertex -32.5653 11.713 1
      vertex -32.5653 12.687 1
    endloop
  endfacet
  facet normal 0 0 1
    outer loop
      vertex -32.6343 12.7657 1
      vertex -32.6343 11.6343 1
      vertex -32.5653 11.713 1
    endloop
  endfacet
  facet normal 0 0 1
    outer loop
      vertex -32.713 12.8347 1
      vertex -32.6343 11.6343 1
      vertex -32.6343 12.7657 1
    endloop
  endfacet
  facet normal 0 0 1
    outer loop
      vertex -32.713 12.8347 1
      vertex -32.713 11.5653 1
      vertex -32.6343 11.6343 1
    endloop
  endfacet
  facet normal 0 0 1
    outer loop
      vertex -32.8 12.8928 1
      vertex -32.713 11.5653 1
      vertex -32.713 12.8347 1
    endloop
  endfacet
  facet normal 0 0 1
    outer loop
      vertex -32.8 12.8928 1
      vertex -32.8 11.5072 1
      vertex -32.713 11.5653 1
    endloop
  endfacet
  facet normal 0 0 1
    outer loop
      vertex -32.8939 12.9391 1
      vertex -32.8 11.5072 1
      vertex -32.8 12.8928 1
    endloop
  endfacet
  facet normal 0 0 1
    outer loop
      vertex -32.8939 12.9391 1
      vertex -32.8939 11.4609 1
      vertex -32.8 11.5072 1
    endloop
  endfacet
  facet normal 0 0 1
    outer loop
      vertex -32.9929 12.9727 1
      vertex -32.8939 11.4609 1
      vertex -32.8939 12.9391 1
    endloop
  endfacet
  facet normal 0 0 1
    outer loop
      vertex -32.9929 12.9727 1
      vertex -32.9929 11.4273 1
      vertex -32.8939 11.4609 1
    endloop
  endfacet
  facet normal 0 0 1
    outer loop
      vertex -33.0956 12.9932 1
      vertex -32.9929 11.4273 1
      vertex -32.9929 12.9727 1
    endloop
  endfacet
  facet normal 0 0 1
    outer loop
      vertex -33.0956 12.9932 1
      vertex -33.0956 11.4068 1
      vertex -32.9929 11.4273 1
    endloop
  endfacet
  facet normal 0 0 1
    outer loop
      vertex -33.2 13 1
      vertex -33.0956 11.4068 1
      vertex -33.0956 12.9932 1
    endloop
  endfacet
  facet normal 0 0 1
    outer loop
      vertex -33.2 13 1
      vertex -33.2 11.4 1
      vertex -33.0956 11.4068 1
    endloop
  endfacet
  facet normal -0 0 1
    outer loop
      vertex -33.3044 12.9932 1
      vertex -33.2 11.4 1
      vertex -33.2 13 1
    endloop
  endfacet
  facet normal 0 0 1
    outer loop
      vertex -33.3044 12.9932 1
      vertex -33.3044 11.4068 1
      vertex -33.2 11.4 1
    endloop
  endfacet
  facet normal -0 0 1
    outer loop
      vertex -33.4071 12.9727 1
      vertex -33.3044 11.4068 1
      vertex -33.3044 12.9932 1
    endloop
  endfacet
  facet normal 0 0 1
    outer loop
      vertex -33.4071 12.9727 1
      vertex -33.4071 11.4273 1
      vertex -33.3044 11.4068 1
    endloop
  endfacet
  facet normal -0 0 1
    outer loop
      vertex -33.5061 12.9391 1
      vertex -33.4071 11.4273 1
      vertex -33.4071 12.9727 1
    endloop
  endfacet
  facet normal 0 0 1
    outer loop
      vertex -33.5061 12.9391 1
      vertex -33.5061 11.4609 1
      vertex -33.4071 11.4273 1
    endloop
  endfacet
  facet normal -0 0 1
    outer loop
      vertex -33.6 12.8928 1
      vertex -33.5061 11.4609 1
      vertex -33.5061 12.9391 1
    endloop
  endfacet
  facet normal 0 0 1
    outer loop
      vertex -33.6 12.8928 1
      vertex -33.6 11.5072 1
      vertex -33.5061 11.4609 1
    endloop
  endfacet
  facet normal -0 0 1
    outer loop
      vertex -33.687 12.8347 1
      vertex -33.6 11.5072 1
      vertex -33.6 12.8928 1
    endloop
  endfacet
  facet normal 0 0 1
    outer loop
      vertex -33.687 12.8347 1
      vertex -33.687 11.5653 1
      vertex -33.6 11.5072 1
    endloop
  endfacet
  facet normal -0 0 1
    outer loop
      vertex -33.7657 12.7657 1
      vertex -33.687 11.5653 1
      vertex -33.687 12.8347 1
    endloop
  endfacet
  facet normal 0 0 1
    outer loop
      vertex -33.7657 12.7657 1
      vertex -33.7657 11.6343 1
      vertex -33.687 11.5653 1
    endloop
  endfacet
  facet normal -0 0 1
    outer loop
      vertex -33.8347 12.687 1
      vertex -33.7657 11.6343 1
      vertex -33.7657 12.7657 1
    endloop
  endfacet
  facet normal 0 0 1
    outer loop
      vertex -33.8347 12.687 1
      vertex -33.8347 11.713 1
      vertex -33.7657 11.6343 1
    endloop
  endfacet
  facet normal -0 0 1
    outer loop
      vertex -33.8928 12.6 1
      vertex -33.8347 11.713 1
      vertex -33.8347 12.687 1
    endloop
  endfacet
  facet normal 0 0 1
    outer loop
      vertex -33.8928 12.6 1
      vertex -33.8928 11.8 1
      vertex -33.8347 11.713 1
    endloop
  endfacet
  facet normal -0 0 1
    outer loop
      vertex -33.9391 12.5061 1
      vertex -33.8928 11.8 1
      vertex -33.8928 12.6 1
    endloop
  endfacet
  facet normal 0 0 1
    outer loop
      vertex -33.9391 12.5061 1
      vertex -33.9391 11.8939 1
      vertex -33.8928 11.8 1
    endloop
  endfacet
  facet normal -0 0 1
    outer loop
      vertex -33.9727 12.4071 1
      vertex -33.9391 11.8939 1
      vertex -33.9391 12.5061 1
    endloop
  endfacet
  facet normal 0 0 1
    outer loop
      vertex -33.9727 12.4071 1
      vertex -33.9727 11.9929 1
      vertex -33.9391 11.8939 1
    endloop
  endfacet
  facet normal -0 0 1
    outer loop
      vertex -33.9932 12.3044 1
      vertex -33.9727 11.9929 1
      vertex -33.9727 12.4071 1
    endloop
  endfacet
  facet normal 0 0 1
    outer loop
      vertex -33.9932 12.3044 1
      vertex -33.9932 12.0956 1
      vertex -33.9727 11.9929 1
    endloop
  endfacet
  facet normal 0 -0 1
    outer loop
      vertex -33.9932 12.0956 1
      vertex -33.9932 12.3044 1
      vertex -34 12.2 1
    endloop
  endfacet
  facet normal -0.44224 -0.896897 0
    outer loop
      vertex -32.8939 12.9391 1
      vertex -32.8 12.8928 4.5
      vertex -32.8939 12.9391 4.5
    endloop
  endfacet
  facet normal -0.44224 -0.896897 -0
    outer loop
      vertex -32.8 12.8928 4.5
      vertex -32.8939 12.9391 1
      vertex -32.8 12.8928 1
    endloop
  endfacet
  facet normal 0.831609 -0.555362 0
    outer loop
      vertex -33.8928 12.6 4.5
      vertex -33.8347 12.687 1
      vertex -33.8347 12.687 4.5
    endloop
  endfacet
  facet normal 0.831609 -0.555362 0
    outer loop
      vertex -33.8347 12.687 1
      vertex -33.8928 12.6 4.5
      vertex -33.8928 12.6 1
    endloop
  endfacet
  facet normal 0.831609 0.555362 0
    outer loop
      vertex -33.8347 11.713 4.5
      vertex -33.8928 11.8 1
      vertex -33.8928 11.8 4.5
    endloop
  endfacet
  facet normal 0.831609 0.555362 0
    outer loop
      vertex -33.8928 11.8 1
      vertex -33.8347 11.713 4.5
      vertex -33.8347 11.713 1
    endloop
  endfacet
  facet normal -0.997886 0.0649964 0
    outer loop
      vertex -32.4068 12.0956 1
      vertex -32.4 12.2 4.5
      vertex -32.4 12.2 1
    endloop
  endfacet
  facet normal -0.997886 0.0649964 0
    outer loop
      vertex -32.4 12.2 4.5
      vertex -32.4068 12.0956 1
      vertex -32.4068 12.0956 4.5
    endloop
  endfacet
  facet normal -0.896897 -0.44224 0
    outer loop
      vertex -32.4609 12.5061 1
      vertex -32.5072 12.6 4.5
      vertex -32.5072 12.6 1
    endloop
  endfacet
  facet normal -0.896897 -0.44224 0
    outer loop
      vertex -32.5072 12.6 4.5
      vertex -32.4609 12.5061 1
      vertex -32.4609 12.5061 4.5
    endloop
  endfacet
  facet normal -0.0649964 0.997886 0
    outer loop
      vertex -33.0956 11.4068 1
      vertex -33.2 11.4 4.5
      vertex -33.0956 11.4068 4.5
    endloop
  endfacet
  facet normal -0.0649964 0.997886 0
    outer loop
      vertex -33.2 11.4 4.5
      vertex -33.0956 11.4068 1
      vertex -33.2 11.4 1
    endloop
  endfacet
  facet normal 0.946948 0.321388 0
    outer loop
      vertex -33.9391 11.8939 4.5
      vertex -33.9727 11.9929 1
      vertex -33.9727 11.9929 4.5
    endloop
  endfacet
  facet normal 0.946948 0.321388 0
    outer loop
      vertex -33.9727 11.9929 1
      vertex -33.9391 11.8939 4.5
      vertex -33.9391 11.8939 1
    endloop
  endfacet
  facet normal 0.751925 0.659248 0
    outer loop
      vertex -33.7657 11.6343 4.5
      vertex -33.8347 11.713 1
      vertex -33.8347 11.713 4.5
    endloop
  endfacet
  facet normal 0.751925 0.659248 0
    outer loop
      vertex -33.8347 11.713 1
      vertex -33.7657 11.6343 4.5
      vertex -33.7657 11.6343 1
    endloop
  endfacet
  facet normal -0.44224 0.896897 0
    outer loop
      vertex -32.8 11.5072 1
      vertex -32.8939 11.4609 4.5
      vertex -32.8 11.5072 4.5
    endloop
  endfacet
  facet normal -0.44224 0.896897 0
    outer loop
      vertex -32.8939 11.4609 4.5
      vertex -32.8 11.5072 1
      vertex -32.8939 11.4609 1
    endloop
  endfacet
  facet normal 0.659248 -0.751925 0
    outer loop
      vertex -33.7657 12.7657 1
      vertex -33.687 12.8347 4.5
      vertex -33.7657 12.7657 4.5
    endloop
  endfacet
  facet normal 0.659248 -0.751925 0
    outer loop
      vertex -33.687 12.8347 4.5
      vertex -33.7657 12.7657 1
      vertex -33.687 12.8347 1
    endloop
  endfacet
  facet normal 0.44224 -0.896897 0
    outer loop
      vertex -33.6 12.8928 1
      vertex -33.5061 12.9391 4.5
      vertex -33.6 12.8928 4.5
    endloop
  endfacet
  facet normal 0.44224 -0.896897 0
    outer loop
      vertex -33.5061 12.9391 4.5
      vertex -33.6 12.8928 1
      vertex -33.5061 12.9391 1
    endloop
  endfacet
  facet normal -0.980654 0.195749 0
    outer loop
      vertex -32.4273 11.9929 1
      vertex -32.4068 12.0956 4.5
      vertex -32.4068 12.0956 1
    endloop
  endfacet
  facet normal -0.980654 0.195749 0
    outer loop
      vertex -32.4068 12.0956 4.5
      vertex -32.4273 11.9929 1
      vertex -32.4273 11.9929 4.5
    endloop
  endfacet
  facet normal 0.321388 -0.946948 0
    outer loop
      vertex -33.5061 12.9391 1
      vertex -33.4071 12.9727 4.5
      vertex -33.5061 12.9391 4.5
    endloop
  endfacet
  facet normal 0.321388 -0.946948 0
    outer loop
      vertex -33.4071 12.9727 4.5
      vertex -33.5061 12.9391 1
      vertex -33.4071 12.9727 1
    endloop
  endfacet
  facet normal -0.555362 0.831609 0
    outer loop
      vertex -32.713 11.5653 1
      vertex -32.8 11.5072 4.5
      vertex -32.713 11.5653 4.5
    endloop
  endfacet
  facet normal -0.555362 0.831609 0
    outer loop
      vertex -32.8 11.5072 4.5
      vertex -32.713 11.5653 1
      vertex -32.8 11.5072 1
    endloop
  endfacet
  facet normal -0.751925 0.659248 0
    outer loop
      vertex -32.6343 11.6343 1
      vertex -32.5653 11.713 4.5
      vertex -32.5653 11.713 1
    endloop
  endfacet
  facet normal -0.751925 0.659248 0
    outer loop
      vertex -32.5653 11.713 4.5
      vertex -32.6343 11.6343 1
      vertex -32.6343 11.6343 4.5
    endloop
  endfacet
  facet normal -0.896897 0.44224 0
    outer loop
      vertex -32.5072 11.8 1
      vertex -32.4609 11.8939 4.5
      vertex -32.4609 11.8939 1
    endloop
  endfacet
  facet normal -0.896897 0.44224 0
    outer loop
      vertex -32.4609 11.8939 4.5
      vertex -32.5072 11.8 1
      vertex -32.5072 11.8 4.5
    endloop
  endfacet
  facet normal 0.997886 -0.0649964 0
    outer loop
      vertex -34 12.2 4.5
      vertex -33.9932 12.3044 1
      vertex -33.9932 12.3044 4.5
    endloop
  endfacet
  facet normal 0.997886 -0.0649964 0
    outer loop
      vertex -33.9932 12.3044 1
      vertex -34 12.2 4.5
      vertex -34 12.2 1
    endloop
  endfacet
  facet normal -0.751925 -0.659248 0
    outer loop
      vertex -32.5653 12.687 1
      vertex -32.6343 12.7657 4.5
      vertex -32.6343 12.7657 1
    endloop
  endfacet
  facet normal -0.751925 -0.659248 0
    outer loop
      vertex -32.6343 12.7657 4.5
      vertex -32.5653 12.687 1
      vertex -32.5653 12.687 4.5
    endloop
  endfacet
  facet normal 0.980654 -0.195749 0
    outer loop
      vertex -33.9932 12.3044 4.5
      vertex -33.9727 12.4071 1
      vertex -33.9727 12.4071 4.5
    endloop
  endfacet
  facet normal 0.980654 -0.195749 0
    outer loop
      vertex -33.9727 12.4071 1
      vertex -33.9932 12.3044 4.5
      vertex -33.9932 12.3044 1
    endloop
  endfacet
  facet normal -0.195749 0.980654 0
    outer loop
      vertex -32.9929 11.4273 1
      vertex -33.0956 11.4068 4.5
      vertex -32.9929 11.4273 4.5
    endloop
  endfacet
  facet normal -0.195749 0.980654 0
    outer loop
      vertex -33.0956 11.4068 4.5
      vertex -32.9929 11.4273 1
      vertex -33.0956 11.4068 1
    endloop
  endfacet
  facet normal 0.195749 -0.980654 0
    outer loop
      vertex -33.4071 12.9727 1
      vertex -33.3044 12.9932 4.5
      vertex -33.4071 12.9727 4.5
    endloop
  endfacet
  facet normal 0.195749 -0.980654 0
    outer loop
      vertex -33.3044 12.9932 4.5
      vertex -33.4071 12.9727 1
      vertex -33.3044 12.9932 1
    endloop
  endfacet
  facet normal -0.831609 0.555362 0
    outer loop
      vertex -32.5653 11.713 1
      vertex -32.5072 11.8 4.5
      vertex -32.5072 11.8 1
    endloop
  endfacet
  facet normal -0.831609 0.555362 0
    outer loop
      vertex -32.5072 11.8 4.5
      vertex -32.5653 11.713 1
      vertex -32.5653 11.713 4.5
    endloop
  endfacet
  facet normal -0.555362 -0.831609 0
    outer loop
      vertex -32.8 12.8928 1
      vertex -32.713 12.8347 4.5
      vertex -32.8 12.8928 4.5
    endloop
  endfacet
  facet normal -0.555362 -0.831609 -0
    outer loop
      vertex -32.713 12.8347 4.5
      vertex -32.8 12.8928 1
      vertex -32.713 12.8347 1
    endloop
  endfacet
  facet normal 0.659248 0.751925 -0
    outer loop
      vertex -33.687 11.5653 1
      vertex -33.7657 11.6343 4.5
      vertex -33.687 11.5653 4.5
    endloop
  endfacet
  facet normal 0.659248 0.751925 0
    outer loop
      vertex -33.7657 11.6343 4.5
      vertex -33.687 11.5653 1
      vertex -33.7657 11.6343 1
    endloop
  endfacet
  facet normal 0.195749 0.980654 -0
    outer loop
      vertex -33.3044 11.4068 1
      vertex -33.4071 11.4273 4.5
      vertex -33.3044 11.4068 4.5
    endloop
  endfacet
  facet normal 0.195749 0.980654 0
    outer loop
      vertex -33.4071 11.4273 4.5
      vertex -33.3044 11.4068 1
      vertex -33.4071 11.4273 1
    endloop
  endfacet
  facet normal 0.0649964 0.997886 -0
    outer loop
      vertex -33.2 11.4 1
      vertex -33.3044 11.4068 4.5
      vertex -33.2 11.4 4.5
    endloop
  endfacet
  facet normal 0.0649964 0.997886 0
    outer loop
      vertex -33.3044 11.4068 4.5
      vertex -33.2 11.4 1
      vertex -33.3044 11.4068 1
    endloop
  endfacet
  facet normal -0.0649964 -0.997886 0
    outer loop
      vertex -33.2 13 1
      vertex -33.0956 12.9932 4.5
      vertex -33.2 13 4.5
    endloop
  endfacet
  facet normal -0.0649964 -0.997886 -0
    outer loop
      vertex -33.0956 12.9932 4.5
      vertex -33.2 13 1
      vertex -33.0956 12.9932 1
    endloop
  endfacet
  facet normal 0.980654 0.195749 0
    outer loop
      vertex -33.9727 11.9929 4.5
      vertex -33.9932 12.0956 1
      vertex -33.9932 12.0956 4.5
    endloop
  endfacet
  facet normal 0.980654 0.195749 0
    outer loop
      vertex -33.9932 12.0956 1
      vertex -33.9727 11.9929 4.5
      vertex -33.9727 11.9929 1
    endloop
  endfacet
  facet normal 0.751925 -0.659248 0
    outer loop
      vertex -33.8347 12.687 4.5
      vertex -33.7657 12.7657 1
      vertex -33.7657 12.7657 4.5
    endloop
  endfacet
  facet normal 0.751925 -0.659248 0
    outer loop
      vertex -33.7657 12.7657 1
      vertex -33.8347 12.687 4.5
      vertex -33.8347 12.687 1
    endloop
  endfacet
  facet normal -0.659248 0.751925 0
    outer loop
      vertex -32.6343 11.6343 1
      vertex -32.713 11.5653 4.5
      vertex -32.6343 11.6343 4.5
    endloop
  endfacet
  facet normal -0.659248 0.751925 0
    outer loop
      vertex -32.713 11.5653 4.5
      vertex -32.6343 11.6343 1
      vertex -32.713 11.5653 1
    endloop
  endfacet
  facet normal 0.321388 0.946948 -0
    outer loop
      vertex -33.4071 11.4273 1
      vertex -33.5061 11.4609 4.5
      vertex -33.4071 11.4273 4.5
    endloop
  endfacet
  facet normal 0.321388 0.946948 0
    outer loop
      vertex -33.5061 11.4609 4.5
      vertex -33.4071 11.4273 1
      vertex -33.5061 11.4609 1
    endloop
  endfacet
  facet normal 0.946948 -0.321388 0
    outer loop
      vertex -33.9727 12.4071 4.5
      vertex -33.9391 12.5061 1
      vertex -33.9391 12.5061 4.5
    endloop
  endfacet
  facet normal 0.946948 -0.321388 0
    outer loop
      vertex -33.9391 12.5061 1
      vertex -33.9727 12.4071 4.5
      vertex -33.9727 12.4071 1
    endloop
  endfacet
  facet normal 0.896897 0.44224 0
    outer loop
      vertex -33.8928 11.8 4.5
      vertex -33.9391 11.8939 1
      vertex -33.9391 11.8939 4.5
    endloop
  endfacet
  facet normal 0.896897 0.44224 0
    outer loop
      vertex -33.9391 11.8939 1
      vertex -33.8928 11.8 4.5
      vertex -33.8928 11.8 1
    endloop
  endfacet
  facet normal 0.44224 0.896897 -0
    outer loop
      vertex -33.5061 11.4609 1
      vertex -33.6 11.5072 4.5
      vertex -33.5061 11.4609 4.5
    endloop
  endfacet
  facet normal 0.44224 0.896897 0
    outer loop
      vertex -33.6 11.5072 4.5
      vertex -33.5061 11.4609 1
      vertex -33.6 11.5072 1
    endloop
  endfacet
  facet normal -0.659248 -0.751925 0
    outer loop
      vertex -32.713 12.8347 1
      vertex -32.6343 12.7657 4.5
      vertex -32.713 12.8347 4.5
    endloop
  endfacet
  facet normal -0.659248 -0.751925 -0
    outer loop
      vertex -32.6343 12.7657 4.5
      vertex -32.713 12.8347 1
      vertex -32.6343 12.7657 1
    endloop
  endfacet
  facet normal 0.0649964 -0.997886 0
    outer loop
      vertex -33.3044 12.9932 1
      vertex -33.2 13 4.5
      vertex -33.3044 12.9932 4.5
    endloop
  endfacet
  facet normal 0.0649964 -0.997886 0
    outer loop
      vertex -33.2 13 4.5
      vertex -33.3044 12.9932 1
      vertex -33.2 13 1
    endloop
  endfacet
  facet normal -0.321388 -0.946948 0
    outer loop
      vertex -32.9929 12.9727 1
      vertex -32.8939 12.9391 4.5
      vertex -32.9929 12.9727 4.5
    endloop
  endfacet
  facet normal -0.321388 -0.946948 -0
    outer loop
      vertex -32.8939 12.9391 4.5
      vertex -32.9929 12.9727 1
      vertex -32.8939 12.9391 1
    endloop
  endfacet
  facet normal -0.946948 0.321388 0
    outer loop
      vertex -32.4609 11.8939 1
      vertex -32.4273 11.9929 4.5
      vertex -32.4273 11.9929 1
    endloop
  endfacet
  facet normal -0.946948 0.321388 0
    outer loop
      vertex -32.4273 11.9929 4.5
      vertex -32.4609 11.8939 1
      vertex -32.4609 11.8939 4.5
    endloop
  endfacet
  facet normal 0.896897 -0.44224 0
    outer loop
      vertex -33.9391 12.5061 4.5
      vertex -33.8928 12.6 1
      vertex -33.8928 12.6 4.5
    endloop
  endfacet
  facet normal 0.896897 -0.44224 0
    outer loop
      vertex -33.8928 12.6 1
      vertex -33.9391 12.5061 4.5
      vertex -33.9391 12.5061 1
    endloop
  endfacet
  facet normal 0.997886 0.0649964 0
    outer loop
      vertex -33.9932 12.0956 4.5
      vertex -34 12.2 1
      vertex -34 12.2 4.5
    endloop
  endfacet
  facet normal 0.997886 0.0649964 0
    outer loop
      vertex -34 12.2 1
      vertex -33.9932 12.0956 4.5
      vertex -33.9932 12.0956 1
    endloop
  endfacet
  facet normal 0.555362 -0.831609 0
    outer loop
      vertex -33.687 12.8347 1
      vertex -33.6 12.8928 4.5
      vertex -33.687 12.8347 4.5
    endloop
  endfacet
  facet normal 0.555362 -0.831609 0
    outer loop
      vertex -33.6 12.8928 4.5
      vertex -33.687 12.8347 1
      vertex -33.6 12.8928 1
    endloop
  endfacet
  facet normal 0.555362 0.831609 -0
    outer loop
      vertex -33.6 11.5072 1
      vertex -33.687 11.5653 4.5
      vertex -33.6 11.5072 4.5
    endloop
  endfacet
  facet normal 0.555362 0.831609 0
    outer loop
      vertex -33.687 11.5653 4.5
      vertex -33.6 11.5072 1
      vertex -33.687 11.5653 1
    endloop
  endfacet
  facet normal -0.195749 -0.980654 0
    outer loop
      vertex -33.0956 12.9932 1
      vertex -32.9929 12.9727 4.5
      vertex -33.0956 12.9932 4.5
    endloop
  endfacet
  facet normal -0.195749 -0.980654 -0
    outer loop
      vertex -32.9929 12.9727 4.5
      vertex -33.0956 12.9932 1
      vertex -32.9929 12.9727 1
    endloop
  endfacet
  facet normal 0.896897 0.44224 0
    outer loop
      vertex 32.5072 -12.6 4.5
      vertex 32.4609 -12.5061 1
      vertex 32.4609 -12.5061 4.5
    endloop
  endfacet
  facet normal 0.896897 0.44224 0
    outer loop
      vertex 32.4609 -12.5061 1
      vertex 32.5072 -12.6 4.5
      vertex 32.5072 -12.6 1
    endloop
  endfacet
  facet normal -0.321388 0.946948 0
    outer loop
      vertex 33.5061 -12.9391 1
      vertex 33.4071 -12.9727 4.5
      vertex 33.5061 -12.9391 4.5
    endloop
  endfacet
  facet normal -0.321388 0.946948 0
    outer loop
      vertex 33.4071 -12.9727 4.5
      vertex 33.5061 -12.9391 1
      vertex 33.4071 -12.9727 1
    endloop
  endfacet
  facet normal -0.980654 -0.195749 0
    outer loop
      vertex 33.9932 -12.0956 1
      vertex 33.9727 -11.9929 4.5
      vertex 33.9727 -11.9929 1
    endloop
  endfacet
  facet normal -0.980654 -0.195749 0
    outer loop
      vertex 33.9727 -11.9929 4.5
      vertex 33.9932 -12.0956 1
      vertex 33.9932 -12.0956 4.5
    endloop
  endfacet
  facet normal -0.997886 -0.0649964 0
    outer loop
      vertex 34 -12.2 1
      vertex 33.9932 -12.0956 4.5
      vertex 33.9932 -12.0956 1
    endloop
  endfacet
  facet normal -0.997886 -0.0649964 0
    outer loop
      vertex 33.9932 -12.0956 4.5
      vertex 34 -12.2 1
      vertex 34 -12.2 4.5
    endloop
  endfacet
  facet normal -0.946948 -0.321388 0
    outer loop
      vertex 33.9727 -11.9929 1
      vertex 33.9391 -11.8939 4.5
      vertex 33.9391 -11.8939 1
    endloop
  endfacet
  facet normal -0.946948 -0.321388 0
    outer loop
      vertex 33.9391 -11.8939 4.5
      vertex 33.9727 -11.9929 1
      vertex 33.9727 -11.9929 4.5
    endloop
  endfacet
  facet normal 0.751925 0.659248 0
    outer loop
      vertex 32.6343 -12.7657 4.5
      vertex 32.5653 -12.687 1
      vertex 32.5653 -12.687 4.5
    endloop
  endfacet
  facet normal 0.751925 0.659248 0
    outer loop
      vertex 32.5653 -12.687 1
      vertex 32.6343 -12.7657 4.5
      vertex 32.6343 -12.7657 1
    endloop
  endfacet
  facet normal 0.555362 -0.831609 0
    outer loop
      vertex 32.713 -11.5653 1
      vertex 32.8 -11.5072 4.5
      vertex 32.713 -11.5653 4.5
    endloop
  endfacet
  facet normal 0.555362 -0.831609 0
    outer loop
      vertex 32.8 -11.5072 4.5
      vertex 32.713 -11.5653 1
      vertex 32.8 -11.5072 1
    endloop
  endfacet
  facet normal -0.321388 -0.946948 0
    outer loop
      vertex 33.4071 -11.4273 1
      vertex 33.5061 -11.4609 4.5
      vertex 33.4071 -11.4273 4.5
    endloop
  endfacet
  facet normal -0.321388 -0.946948 -0
    outer loop
      vertex 33.5061 -11.4609 4.5
      vertex 33.4071 -11.4273 1
      vertex 33.5061 -11.4609 1
    endloop
  endfacet
  facet normal -0.896897 0.44224 0
    outer loop
      vertex 33.8928 -12.6 1
      vertex 33.9391 -12.5061 4.5
      vertex 33.9391 -12.5061 1
    endloop
  endfacet
  facet normal -0.896897 0.44224 0
    outer loop
      vertex 33.9391 -12.5061 4.5
      vertex 33.8928 -12.6 1
      vertex 33.8928 -12.6 4.5
    endloop
  endfacet
  facet normal 0.980654 0.195749 0
    outer loop
      vertex 32.4273 -12.4071 4.5
      vertex 32.4068 -12.3044 1
      vertex 32.4068 -12.3044 4.5
    endloop
  endfacet
  facet normal 0.980654 0.195749 0
    outer loop
      vertex 32.4068 -12.3044 1
      vertex 32.4273 -12.4071 4.5
      vertex 32.4273 -12.4071 1
    endloop
  endfacet
  facet normal 0.659248 0.751925 -0
    outer loop
      vertex 32.713 -12.8347 1
      vertex 32.6343 -12.7657 4.5
      vertex 32.713 -12.8347 4.5
    endloop
  endfacet
  facet normal 0.659248 0.751925 0
    outer loop
      vertex 32.6343 -12.7657 4.5
      vertex 32.713 -12.8347 1
      vertex 32.6343 -12.7657 1
    endloop
  endfacet
  facet normal -0.896897 -0.44224 0
    outer loop
      vertex 33.9391 -11.8939 1
      vertex 33.8928 -11.8 4.5
      vertex 33.8928 -11.8 1
    endloop
  endfacet
  facet normal -0.896897 -0.44224 0
    outer loop
      vertex 33.8928 -11.8 4.5
      vertex 33.9391 -11.8939 1
      vertex 33.9391 -11.8939 4.5
    endloop
  endfacet
  facet normal -0.946948 0.321388 0
    outer loop
      vertex 33.9391 -12.5061 1
      vertex 33.9727 -12.4071 4.5
      vertex 33.9727 -12.4071 1
    endloop
  endfacet
  facet normal -0.946948 0.321388 0
    outer loop
      vertex 33.9727 -12.4071 4.5
      vertex 33.9391 -12.5061 1
      vertex 33.9391 -12.5061 4.5
    endloop
  endfacet
  facet normal -0.751925 0.659248 0
    outer loop
      vertex 33.7657 -12.7657 1
      vertex 33.8347 -12.687 4.5
      vertex 33.8347 -12.687 1
    endloop
  endfacet
  facet normal -0.751925 0.659248 0
    outer loop
      vertex 33.8347 -12.687 4.5
      vertex 33.7657 -12.7657 1
      vertex 33.7657 -12.7657 4.5
    endloop
  endfacet
  facet normal 0.751925 -0.659248 0
    outer loop
      vertex 32.5653 -11.713 4.5
      vertex 32.6343 -11.6343 1
      vertex 32.6343 -11.6343 4.5
    endloop
  endfacet
  facet normal 0.751925 -0.659248 0
    outer loop
      vertex 32.6343 -11.6343 1
      vertex 32.5653 -11.713 4.5
      vertex 32.5653 -11.713 1
    endloop
  endfacet
  facet normal -0.980654 0.195749 0
    outer loop
      vertex 33.9727 -12.4071 1
      vertex 33.9932 -12.3044 4.5
      vertex 33.9932 -12.3044 1
    endloop
  endfacet
  facet normal -0.980654 0.195749 0
    outer loop
      vertex 33.9932 -12.3044 4.5
      vertex 33.9727 -12.4071 1
      vertex 33.9727 -12.4071 4.5
    endloop
  endfacet
  facet normal -0.751925 -0.659248 0
    outer loop
      vertex 33.8347 -11.713 1
      vertex 33.7657 -11.6343 4.5
      vertex 33.7657 -11.6343 1
    endloop
  endfacet
  facet normal -0.751925 -0.659248 0
    outer loop
      vertex 33.7657 -11.6343 4.5
      vertex 33.8347 -11.713 1
      vertex 33.8347 -11.713 4.5
    endloop
  endfacet
  facet normal 0.195749 -0.980654 0
    outer loop
      vertex 32.9929 -11.4273 1
      vertex 33.0956 -11.4068 4.5
      vertex 32.9929 -11.4273 4.5
    endloop
  endfacet
  facet normal 0.195749 -0.980654 0
    outer loop
      vertex 33.0956 -11.4068 4.5
      vertex 32.9929 -11.4273 1
      vertex 33.0956 -11.4068 1
    endloop
  endfacet
  facet normal 0.555362 0.831609 -0
    outer loop
      vertex 32.8 -12.8928 1
      vertex 32.713 -12.8347 4.5
      vertex 32.8 -12.8928 4.5
    endloop
  endfacet
  facet normal 0.555362 0.831609 0
    outer loop
      vertex 32.713 -12.8347 4.5
      vertex 32.8 -12.8928 1
      vertex 32.713 -12.8347 1
    endloop
  endfacet
  facet normal 0.44224 0.896897 -0
    outer loop
      vertex 32.8939 -12.9391 1
      vertex 32.8 -12.8928 4.5
      vertex 32.8939 -12.9391 4.5
    endloop
  endfacet
  facet normal 0.44224 0.896897 0
    outer loop
      vertex 32.8 -12.8928 4.5
      vertex 32.8939 -12.9391 1
      vertex 32.8 -12.8928 1
    endloop
  endfacet
  facet normal 0.44224 -0.896897 0
    outer loop
      vertex 32.8 -11.5072 1
      vertex 32.8939 -11.4609 4.5
      vertex 32.8 -11.5072 4.5
    endloop
  endfacet
  facet normal 0.44224 -0.896897 0
    outer loop
      vertex 32.8939 -11.4609 4.5
      vertex 32.8 -11.5072 1
      vertex 32.8939 -11.4609 1
    endloop
  endfacet
  facet normal -0.195749 -0.980654 0
    outer loop
      vertex 33.3044 -11.4068 1
      vertex 33.4071 -11.4273 4.5
      vertex 33.3044 -11.4068 4.5
    endloop
  endfacet
  facet normal -0.195749 -0.980654 -0
    outer loop
      vertex 33.4071 -11.4273 4.5
      vertex 33.3044 -11.4068 1
      vertex 33.4071 -11.4273 1
    endloop
  endfacet
  facet normal 0.659248 -0.751925 0
    outer loop
      vertex 32.6343 -11.6343 1
      vertex 32.713 -11.5653 4.5
      vertex 32.6343 -11.6343 4.5
    endloop
  endfacet
  facet normal 0.659248 -0.751925 0
    outer loop
      vertex 32.713 -11.5653 4.5
      vertex 32.6343 -11.6343 1
      vertex 32.713 -11.5653 1
    endloop
  endfacet
  facet normal 0.980654 -0.195749 0
    outer loop
      vertex 32.4068 -12.0956 4.5
      vertex 32.4273 -11.9929 1
      vertex 32.4273 -11.9929 4.5
    endloop
  endfacet
  facet normal 0.980654 -0.195749 0
    outer loop
      vertex 32.4273 -11.9929 1
      vertex 32.4068 -12.0956 4.5
      vertex 32.4068 -12.0956 1
    endloop
  endfacet
  facet normal 0.831609 -0.555362 0
    outer loop
      vertex 32.5072 -11.8 4.5
      vertex 32.5653 -11.713 1
      vertex 32.5653 -11.713 4.5
    endloop
  endfacet
  facet normal 0.831609 -0.555362 0
    outer loop
      vertex 32.5653 -11.713 1
      vertex 32.5072 -11.8 4.5
      vertex 32.5072 -11.8 1
    endloop
  endfacet
  facet normal 0.997886 -0.0649964 0
    outer loop
      vertex 32.4 -12.2 4.5
      vertex 32.4068 -12.0956 1
      vertex 32.4068 -12.0956 4.5
    endloop
  endfacet
  facet normal 0.997886 -0.0649964 0
    outer loop
      vertex 32.4068 -12.0956 1
      vertex 32.4 -12.2 4.5
      vertex 32.4 -12.2 1
    endloop
  endfacet
  facet normal -0.195749 0.980654 0
    outer loop
      vertex 33.4071 -12.9727 1
      vertex 33.3044 -12.9932 4.5
      vertex 33.4071 -12.9727 4.5
    endloop
  endfacet
  facet normal -0.195749 0.980654 0
    outer loop
      vertex 33.3044 -12.9932 4.5
      vertex 33.4071 -12.9727 1
      vertex 33.3044 -12.9932 1
    endloop
  endfacet
  facet normal -0.555362 -0.831609 0
    outer loop
      vertex 33.6 -11.5072 1
      vertex 33.687 -11.5653 4.5
      vertex 33.6 -11.5072 4.5
    endloop
  endfacet
  facet normal -0.555362 -0.831609 -0
    outer loop
      vertex 33.687 -11.5653 4.5
      vertex 33.6 -11.5072 1
      vertex 33.687 -11.5653 1
    endloop
  endfacet
  facet normal 0.997886 0.0649964 0
    outer loop
      vertex 32.4068 -12.3044 4.5
      vertex 32.4 -12.2 1
      vertex 32.4 -12.2 4.5
    endloop
  endfacet
  facet normal 0.997886 0.0649964 0
    outer loop
      vertex 32.4 -12.2 1
      vertex 32.4068 -12.3044 4.5
      vertex 32.4068 -12.3044 1
    endloop
  endfacet
  facet normal -0.831609 -0.555362 0
    outer loop
      vertex 33.8928 -11.8 1
      vertex 33.8347 -11.713 4.5
      vertex 33.8347 -11.713 1
    endloop
  endfacet
  facet normal -0.831609 -0.555362 0
    outer loop
      vertex 33.8347 -11.713 4.5
      vertex 33.8928 -11.8 1
      vertex 33.8928 -11.8 4.5
    endloop
  endfacet
  facet normal -0.997886 0.0649964 0
    outer loop
      vertex 33.9932 -12.3044 1
      vertex 34 -12.2 4.5
      vertex 34 -12.2 1
    endloop
  endfacet
  facet normal -0.997886 0.0649964 0
    outer loop
      vertex 34 -12.2 4.5
      vertex 33.9932 -12.3044 1
      vertex 33.9932 -12.3044 4.5
    endloop
  endfacet
  facet normal -0.555362 0.831609 0
    outer loop
      vertex 33.687 -12.8347 1
      vertex 33.6 -12.8928 4.5
      vertex 33.687 -12.8347 4.5
    endloop
  endfacet
  facet normal -0.555362 0.831609 0
    outer loop
      vertex 33.6 -12.8928 4.5
      vertex 33.687 -12.8347 1
      vertex 33.6 -12.8928 1
    endloop
  endfacet
  facet normal 0.946948 0.321388 0
    outer loop
      vertex 32.4609 -12.5061 4.5
      vertex 32.4273 -12.4071 1
      vertex 32.4273 -12.4071 4.5
    endloop
  endfacet
  facet normal 0.946948 0.321388 0
    outer loop
      vertex 32.4273 -12.4071 1
      vertex 32.4609 -12.5061 4.5
      vertex 32.4609 -12.5061 1
    endloop
  endfacet
  facet normal 0.321388 0.946948 -0
    outer loop
      vertex 32.9929 -12.9727 1
      vertex 32.8939 -12.9391 4.5
      vertex 32.9929 -12.9727 4.5
    endloop
  endfacet
  facet normal 0.321388 0.946948 0
    outer loop
      vertex 32.8939 -12.9391 4.5
      vertex 32.9929 -12.9727 1
      vertex 32.8939 -12.9391 1
    endloop
  endfacet
  facet normal -0.659248 -0.751925 0
    outer loop
      vertex 33.687 -11.5653 1
      vertex 33.7657 -11.6343 4.5
      vertex 33.687 -11.5653 4.5
    endloop
  endfacet
  facet normal -0.659248 -0.751925 -0
    outer loop
      vertex 33.7657 -11.6343 4.5
      vertex 33.687 -11.5653 1
      vertex 33.7657 -11.6343 1
    endloop
  endfacet
  facet normal 0.321388 -0.946948 0
    outer loop
      vertex 32.8939 -11.4609 1
      vertex 32.9929 -11.4273 4.5
      vertex 32.8939 -11.4609 4.5
    endloop
  endfacet
  facet normal 0.321388 -0.946948 0
    outer loop
      vertex 32.9929 -11.4273 4.5
      vertex 32.8939 -11.4609 1
      vertex 32.9929 -11.4273 1
    endloop
  endfacet
  facet normal 0 0 1
    outer loop
      vertex 33.9932 -12.0956 1
      vertex 33.9932 -12.3044 1
      vertex 34 -12.2 1
    endloop
  endfacet
  facet normal 0 0 1
    outer loop
      vertex 33.9727 -11.9929 1
      vertex 33.9932 -12.3044 1
      vertex 33.9932 -12.0956 1
    endloop
  endfacet
  facet normal 0 0 1
    outer loop
      vertex 33.9727 -11.9929 1
      vertex 33.9727 -12.4071 1
      vertex 33.9932 -12.3044 1
    endloop
  endfacet
  facet normal 0 0 1
    outer loop
      vertex 33.9391 -11.8939 1
      vertex 33.9727 -12.4071 1
      vertex 33.9727 -11.9929 1
    endloop
  endfacet
  facet normal 0 0 1
    outer loop
      vertex 33.9391 -11.8939 1
      vertex 33.9391 -12.5061 1
      vertex 33.9727 -12.4071 1
    endloop
  endfacet
  facet normal 0 0 1
    outer loop
      vertex 33.8928 -11.8 1
      vertex 33.9391 -12.5061 1
      vertex 33.9391 -11.8939 1
    endloop
  endfacet
  facet normal 0 0 1
    outer loop
      vertex 33.8928 -11.8 1
      vertex 33.8928 -12.6 1
      vertex 33.9391 -12.5061 1
    endloop
  endfacet
  facet normal 0 0 1
    outer loop
      vertex 33.8347 -11.713 1
      vertex 33.8928 -12.6 1
      vertex 33.8928 -11.8 1
    endloop
  endfacet
  facet normal 0 0 1
    outer loop
      vertex 33.8347 -11.713 1
      vertex 33.8347 -12.687 1
      vertex 33.8928 -12.6 1
    endloop
  endfacet
  facet normal 0 0 1
    outer loop
      vertex 33.7657 -11.6343 1
      vertex 33.8347 -12.687 1
      vertex 33.8347 -11.713 1
    endloop
  endfacet
  facet normal 0 0 1
    outer loop
      vertex 33.7657 -11.6343 1
      vertex 33.7657 -12.7657 1
      vertex 33.8347 -12.687 1
    endloop
  endfacet
  facet normal 0 0 1
    outer loop
      vertex 33.687 -11.5653 1
      vertex 33.7657 -12.7657 1
      vertex 33.7657 -11.6343 1
    endloop
  endfacet
  facet normal 0 0 1
    outer loop
      vertex 33.687 -11.5653 1
      vertex 33.687 -12.8347 1
      vertex 33.7657 -12.7657 1
    endloop
  endfacet
  facet normal 0 0 1
    outer loop
      vertex 33.6 -11.5072 1
      vertex 33.687 -12.8347 1
      vertex 33.687 -11.5653 1
    endloop
  endfacet
  facet normal 0 0 1
    outer loop
      vertex 33.6 -11.5072 1
      vertex 33.6 -12.8928 1
      vertex 33.687 -12.8347 1
    endloop
  endfacet
  facet normal 0 0 1
    outer loop
      vertex 33.5061 -11.4609 1
      vertex 33.6 -12.8928 1
      vertex 33.6 -11.5072 1
    endloop
  endfacet
  facet normal 0 0 1
    outer loop
      vertex 33.5061 -11.4609 1
      vertex 33.5061 -12.9391 1
      vertex 33.6 -12.8928 1
    endloop
  endfacet
  facet normal 0 0 1
    outer loop
      vertex 33.4071 -11.4273 1
      vertex 33.5061 -12.9391 1
      vertex 33.5061 -11.4609 1
    endloop
  endfacet
  facet normal 0 0 1
    outer loop
      vertex 33.4071 -11.4273 1
      vertex 33.4071 -12.9727 1
      vertex 33.5061 -12.9391 1
    endloop
  endfacet
  facet normal 0 0 1
    outer loop
      vertex 33.3044 -11.4068 1
      vertex 33.4071 -12.9727 1
      vertex 33.4071 -11.4273 1
    endloop
  endfacet
  facet normal 0 0 1
    outer loop
      vertex 33.3044 -11.4068 1
      vertex 33.3044 -12.9932 1
      vertex 33.4071 -12.9727 1
    endloop
  endfacet
  facet normal 0 0 1
    outer loop
      vertex 33.2 -11.4 1
      vertex 33.3044 -12.9932 1
      vertex 33.3044 -11.4068 1
    endloop
  endfacet
  facet normal 0 0 1
    outer loop
      vertex 33.2 -11.4 1
      vertex 33.2 -13 1
      vertex 33.3044 -12.9932 1
    endloop
  endfacet
  facet normal -0 0 1
    outer loop
      vertex 33.0956 -11.4068 1
      vertex 33.2 -13 1
      vertex 33.2 -11.4 1
    endloop
  endfacet
  facet normal 0 0 1
    outer loop
      vertex 33.0956 -11.4068 1
      vertex 33.0956 -12.9932 1
      vertex 33.2 -13 1
    endloop
  endfacet
  facet normal -0 0 1
    outer loop
      vertex 32.9929 -11.4273 1
      vertex 33.0956 -12.9932 1
      vertex 33.0956 -11.4068 1
    endloop
  endfacet
  facet normal 0 0 1
    outer loop
      vertex 32.9929 -11.4273 1
      vertex 32.9929 -12.9727 1
      vertex 33.0956 -12.9932 1
    endloop
  endfacet
  facet normal -0 0 1
    outer loop
      vertex 32.8939 -11.4609 1
      vertex 32.9929 -12.9727 1
      vertex 32.9929 -11.4273 1
    endloop
  endfacet
  facet normal 0 0 1
    outer loop
      vertex 32.8939 -11.4609 1
      vertex 32.8939 -12.9391 1
      vertex 32.9929 -12.9727 1
    endloop
  endfacet
  facet normal -0 0 1
    outer loop
      vertex 32.8 -11.5072 1
      vertex 32.8939 -12.9391 1
      vertex 32.8939 -11.4609 1
    endloop
  endfacet
  facet normal 0 0 1
    outer loop
      vertex 32.8 -11.5072 1
      vertex 32.8 -12.8928 1
      vertex 32.8939 -12.9391 1
    endloop
  endfacet
  facet normal -0 0 1
    outer loop
      vertex 32.713 -11.5653 1
      vertex 32.8 -12.8928 1
      vertex 32.8 -11.5072 1
    endloop
  endfacet
  facet normal 0 0 1
    outer loop
      vertex 32.713 -11.5653 1
      vertex 32.713 -12.8347 1
      vertex 32.8 -12.8928 1
    endloop
  endfacet
  facet normal -0 0 1
    outer loop
      vertex 32.6343 -11.6343 1
      vertex 32.713 -12.8347 1
      vertex 32.713 -11.5653 1
    endloop
  endfacet
  facet normal 0 0 1
    outer loop
      vertex 32.6343 -11.6343 1
      vertex 32.6343 -12.7657 1
      vertex 32.713 -12.8347 1
    endloop
  endfacet
  facet normal -0 0 1
    outer loop
      vertex 32.5653 -11.713 1
      vertex 32.6343 -12.7657 1
      vertex 32.6343 -11.6343 1
    endloop
  endfacet
  facet normal 0 0 1
    outer loop
      vertex 32.5653 -11.713 1
      vertex 32.5653 -12.687 1
      vertex 32.6343 -12.7657 1
    endloop
  endfacet
  facet normal -0 0 1
    outer loop
      vertex 32.5072 -11.8 1
      vertex 32.5653 -12.687 1
      vertex 32.5653 -11.713 1
    endloop
  endfacet
  facet normal 0 0 1
    outer loop
      vertex 32.5072 -11.8 1
      vertex 32.5072 -12.6 1
      vertex 32.5653 -12.687 1
    endloop
  endfacet
  facet normal -0 0 1
    outer loop
      vertex 32.4609 -11.8939 1
      vertex 32.5072 -12.6 1
      vertex 32.5072 -11.8 1
    endloop
  endfacet
  facet normal 0 0 1
    outer loop
      vertex 32.4609 -11.8939 1
      vertex 32.4609 -12.5061 1
      vertex 32.5072 -12.6 1
    endloop
  endfacet
  facet normal -0 0 1
    outer loop
      vertex 32.4273 -11.9929 1
      vertex 32.4609 -12.5061 1
      vertex 32.4609 -11.8939 1
    endloop
  endfacet
  facet normal 0 0 1
    outer loop
      vertex 32.4273 -11.9929 1
      vertex 32.4273 -12.4071 1
      vertex 32.4609 -12.5061 1
    endloop
  endfacet
  facet normal -0 0 1
    outer loop
      vertex 32.4068 -12.0956 1
      vertex 32.4273 -12.4071 1
      vertex 32.4273 -11.9929 1
    endloop
  endfacet
  facet normal 0 0 1
    outer loop
      vertex 32.4068 -12.0956 1
      vertex 32.4068 -12.3044 1
      vertex 32.4273 -12.4071 1
    endloop
  endfacet
  facet normal 0 -0 1
    outer loop
      vertex 32.4068 -12.3044 1
      vertex 32.4068 -12.0956 1
      vertex 32.4 -12.2 1
    endloop
  endfacet
  facet normal -0.44224 0.896897 0
    outer loop
      vertex 33.6 -12.8928 1
      vertex 33.5061 -12.9391 4.5
      vertex 33.6 -12.8928 4.5
    endloop
  endfacet
  facet normal -0.44224 0.896897 0
    outer loop
      vertex 33.5061 -12.9391 4.5
      vertex 33.6 -12.8928 1
      vertex 33.5061 -12.9391 1
    endloop
  endfacet
  facet normal 0.195749 0.980654 -0
    outer loop
      vertex 33.0956 -12.9932 1
      vertex 32.9929 -12.9727 4.5
      vertex 33.0956 -12.9932 4.5
    endloop
  endfacet
  facet normal 0.195749 0.980654 0
    outer loop
      vertex 32.9929 -12.9727 4.5
      vertex 33.0956 -12.9932 1
      vertex 32.9929 -12.9727 1
    endloop
  endfacet
  facet normal -0.0649964 0.997886 0
    outer loop
      vertex 33.3044 -12.9932 1
      vertex 33.2 -13 4.5
      vertex 33.3044 -12.9932 4.5
    endloop
  endfacet
  facet normal -0.0649964 0.997886 0
    outer loop
      vertex 33.2 -13 4.5
      vertex 33.3044 -12.9932 1
      vertex 33.2 -13 1
    endloop
  endfacet
  facet normal -0.44224 -0.896897 0
    outer loop
      vertex 33.5061 -11.4609 1
      vertex 33.6 -11.5072 4.5
      vertex 33.5061 -11.4609 4.5
    endloop
  endfacet
  facet normal -0.44224 -0.896897 -0
    outer loop
      vertex 33.6 -11.5072 4.5
      vertex 33.5061 -11.4609 1
      vertex 33.6 -11.5072 1
    endloop
  endfacet
  facet normal 0.831609 0.555362 0
    outer loop
      vertex 32.5653 -12.687 4.5
      vertex 32.5072 -12.6 1
      vertex 32.5072 -12.6 4.5
    endloop
  endfacet
  facet normal 0.831609 0.555362 0
    outer loop
      vertex 32.5072 -12.6 1
      vertex 32.5653 -12.687 4.5
      vertex 32.5653 -12.687 1
    endloop
  endfacet
  facet normal -0.0649964 -0.997886 0
    outer loop
      vertex 33.2 -11.4 1
      vertex 33.3044 -11.4068 4.5
      vertex 33.2 -11.4 4.5
    endloop
  endfacet
  facet normal -0.0649964 -0.997886 -0
    outer loop
      vertex 33.3044 -11.4068 4.5
      vertex 33.2 -11.4 1
      vertex 33.3044 -11.4068 1
    endloop
  endfacet
  facet normal 0.0649964 -0.997886 0
    outer loop
      vertex 33.0956 -11.4068 1
      vertex 33.2 -11.4 4.5
      vertex 33.0956 -11.4068 4.5
    endloop
  endfacet
  facet normal 0.0649964 -0.997886 0
    outer loop
      vertex 33.2 -11.4 4.5
      vertex 33.0956 -11.4068 1
      vertex 33.2 -11.4 1
    endloop
  endfacet
  facet normal -0.831609 0.555362 0
    outer loop
      vertex 33.8347 -12.687 1
      vertex 33.8928 -12.6 4.5
      vertex 33.8928 -12.6 1
    endloop
  endfacet
  facet normal -0.831609 0.555362 0
    outer loop
      vertex 33.8928 -12.6 4.5
      vertex 33.8347 -12.687 1
      vertex 33.8347 -12.687 4.5
    endloop
  endfacet
  facet normal 0.0649964 0.997886 -0
    outer loop
      vertex 33.2 -13 1
      vertex 33.0956 -12.9932 4.5
      vertex 33.2 -13 4.5
    endloop
  endfacet
  facet normal 0.0649964 0.997886 0
    outer loop
      vertex 33.0956 -12.9932 4.5
      vertex 33.2 -13 1
      vertex 33.0956 -12.9932 1
    endloop
  endfacet
  facet normal 0.946948 -0.321388 0
    outer loop
      vertex 32.4273 -11.9929 4.5
      vertex 32.4609 -11.8939 1
      vertex 32.4609 -11.8939 4.5
    endloop
  endfacet
  facet normal 0.946948 -0.321388 0
    outer loop
      vertex 32.4609 -11.8939 1
      vertex 32.4273 -11.9929 4.5
      vertex 32.4273 -11.9929 1
    endloop
  endfacet
  facet normal -0.659248 0.751925 0
    outer loop
      vertex 33.7657 -12.7657 1
      vertex 33.687 -12.8347 4.5
      vertex 33.7657 -12.7657 4.5
    endloop
  endfacet
  facet normal -0.659248 0.751925 0
    outer loop
      vertex 33.687 -12.8347 4.5
      vertex 33.7657 -12.7657 1
      vertex 33.687 -12.8347 1
    endloop
  endfacet
  facet normal 0.896897 -0.44224 0
    outer loop
      vertex 32.4609 -11.8939 4.5
      vertex 32.5072 -11.8 1
      vertex 32.5072 -11.8 4.5
    endloop
  endfacet
  facet normal 0.896897 -0.44224 0
    outer loop
      vertex 32.5072 -11.8 1
      vertex 32.4609 -11.8939 4.5
      vertex 32.4609 -11.8939 1
    endloop
  endfacet
  facet normal 0.659248 -0.751925 0
    outer loop
      vertex 32.6343 12.7657 1
      vertex 32.713 12.8347 4.5
      vertex 32.6343 12.7657 4.5
    endloop
  endfacet
  facet normal 0.659248 -0.751925 0
    outer loop
      vertex 32.713 12.8347 4.5
      vertex 32.6343 12.7657 1
      vertex 32.713 12.8347 1
    endloop
  endfacet
  facet normal -0.980654 -0.195749 0
    outer loop
      vertex 33.9932 12.3044 1
      vertex 33.9727 12.4071 4.5
      vertex 33.9727 12.4071 1
    endloop
  endfacet
  facet normal -0.980654 -0.195749 0
    outer loop
      vertex 33.9727 12.4071 4.5
      vertex 33.9932 12.3044 1
      vertex 33.9932 12.3044 4.5
    endloop
  endfacet
  facet normal -0.997886 -0.0649964 0
    outer loop
      vertex 34 12.2 1
      vertex 33.9932 12.3044 4.5
      vertex 33.9932 12.3044 1
    endloop
  endfacet
  facet normal -0.997886 -0.0649964 0
    outer loop
      vertex 33.9932 12.3044 4.5
      vertex 34 12.2 1
      vertex 34 12.2 4.5
    endloop
  endfacet
  facet normal -0.946948 -0.321388 0
    outer loop
      vertex 33.9727 12.4071 1
      vertex 33.9391 12.5061 4.5
      vertex 33.9391 12.5061 1
    endloop
  endfacet
  facet normal -0.946948 -0.321388 0
    outer loop
      vertex 33.9391 12.5061 4.5
      vertex 33.9727 12.4071 1
      vertex 33.9727 12.4071 4.5
    endloop
  endfacet
  facet normal 0.751925 0.659248 0
    outer loop
      vertex 32.6343 11.6343 4.5
      vertex 32.5653 11.713 1
      vertex 32.5653 11.713 4.5
    endloop
  endfacet
  facet normal 0.751925 0.659248 0
    outer loop
      vertex 32.5653 11.713 1
      vertex 32.6343 11.6343 4.5
      vertex 32.6343 11.6343 1
    endloop
  endfacet
  facet normal 0.751925 -0.659248 0
    outer loop
      vertex 32.5653 12.687 4.5
      vertex 32.6343 12.7657 1
      vertex 32.6343 12.7657 4.5
    endloop
  endfacet
  facet normal 0.751925 -0.659248 0
    outer loop
      vertex 32.6343 12.7657 1
      vertex 32.5653 12.687 4.5
      vertex 32.5653 12.687 1
    endloop
  endfacet
  facet normal -0.321388 -0.946948 0
    outer loop
      vertex 33.4071 12.9727 1
      vertex 33.5061 12.9391 4.5
      vertex 33.4071 12.9727 4.5
    endloop
  endfacet
  facet normal -0.321388 -0.946948 -0
    outer loop
      vertex 33.5061 12.9391 4.5
      vertex 33.4071 12.9727 1
      vertex 33.5061 12.9391 1
    endloop
  endfacet
  facet normal -0.195749 -0.980654 0
    outer loop
      vertex 33.3044 12.9932 1
      vertex 33.4071 12.9727 4.5
      vertex 33.3044 12.9932 4.5
    endloop
  endfacet
  facet normal -0.195749 -0.980654 -0
    outer loop
      vertex 33.4071 12.9727 4.5
      vertex 33.3044 12.9932 1
      vertex 33.4071 12.9727 1
    endloop
  endfacet
  facet normal 0.321388 -0.946948 0
    outer loop
      vertex 32.8939 12.9391 1
      vertex 32.9929 12.9727 4.5
      vertex 32.8939 12.9391 4.5
    endloop
  endfacet
  facet normal 0.321388 -0.946948 0
    outer loop
      vertex 32.9929 12.9727 4.5
      vertex 32.8939 12.9391 1
      vertex 32.9929 12.9727 1
    endloop
  endfacet
  facet normal -0.896897 -0.44224 0
    outer loop
      vertex 33.9391 12.5061 1
      vertex 33.8928 12.6 4.5
      vertex 33.8928 12.6 1
    endloop
  endfacet
  facet normal -0.896897 -0.44224 0
    outer loop
      vertex 33.8928 12.6 4.5
      vertex 33.9391 12.5061 1
      vertex 33.9391 12.5061 4.5
    endloop
  endfacet
  facet normal -0.831609 -0.555362 0
    outer loop
      vertex 33.8928 12.6 1
      vertex 33.8347 12.687 4.5
      vertex 33.8347 12.687 1
    endloop
  endfacet
  facet normal -0.831609 -0.555362 0
    outer loop
      vertex 33.8347 12.687 4.5
      vertex 33.8928 12.6 1
      vertex 33.8928 12.6 4.5
    endloop
  endfacet
  facet normal 0.555362 -0.831609 0
    outer loop
      vertex 32.713 12.8347 1
      vertex 32.8 12.8928 4.5
      vertex 32.713 12.8347 4.5
    endloop
  endfacet
  facet normal 0.555362 -0.831609 0
    outer loop
      vertex 32.8 12.8928 4.5
      vertex 32.713 12.8347 1
      vertex 32.8 12.8928 1
    endloop
  endfacet
  facet normal -0.751925 0.659248 0
    outer loop
      vertex 33.7657 11.6343 1
      vertex 33.8347 11.713 4.5
      vertex 33.8347 11.713 1
    endloop
  endfacet
  facet normal -0.751925 0.659248 0
    outer loop
      vertex 33.8347 11.713 4.5
      vertex 33.7657 11.6343 1
      vertex 33.7657 11.6343 4.5
    endloop
  endfacet
  facet normal 0.555362 0.831609 -0
    outer loop
      vertex 32.8 11.5072 1
      vertex 32.713 11.5653 4.5
      vertex 32.8 11.5072 4.5
    endloop
  endfacet
  facet normal 0.555362 0.831609 0
    outer loop
      vertex 32.713 11.5653 4.5
      vertex 32.8 11.5072 1
      vertex 32.713 11.5653 1
    endloop
  endfacet
  facet normal 0.997886 -0.0649964 0
    outer loop
      vertex 32.4 12.2 4.5
      vertex 32.4068 12.3044 1
      vertex 32.4068 12.3044 4.5
    endloop
  endfacet
  facet normal 0.997886 -0.0649964 0
    outer loop
      vertex 32.4068 12.3044 1
      vertex 32.4 12.2 4.5
      vertex 32.4 12.2 1
    endloop
  endfacet
  facet normal -0.751925 -0.659248 0
    outer loop
      vertex 33.8347 12.687 1
      vertex 33.7657 12.7657 4.5
      vertex 33.7657 12.7657 1
    endloop
  endfacet
  facet normal -0.751925 -0.659248 0
    outer loop
      vertex 33.7657 12.7657 4.5
      vertex 33.8347 12.687 1
      vertex 33.8347 12.687 4.5
    endloop
  endfacet
  facet normal 0.946948 -0.321388 0
    outer loop
      vertex 32.4273 12.4071 4.5
      vertex 32.4609 12.5061 1
      vertex 32.4609 12.5061 4.5
    endloop
  endfacet
  facet normal 0.946948 -0.321388 0
    outer loop
      vertex 32.4609 12.5061 1
      vertex 32.4273 12.4071 4.5
      vertex 32.4273 12.4071 1
    endloop
  endfacet
  facet normal -0.321388 0.946948 0
    outer loop
      vertex 33.5061 11.4609 1
      vertex 33.4071 11.4273 4.5
      vertex 33.5061 11.4609 4.5
    endloop
  endfacet
  facet normal -0.321388 0.946948 0
    outer loop
      vertex 33.4071 11.4273 4.5
      vertex 33.5061 11.4609 1
      vertex 33.4071 11.4273 1
    endloop
  endfacet
  facet normal -0.946948 0.321388 0
    outer loop
      vertex 33.9391 11.8939 1
      vertex 33.9727 11.9929 4.5
      vertex 33.9727 11.9929 1
    endloop
  endfacet
  facet normal -0.946948 0.321388 0
    outer loop
      vertex 33.9727 11.9929 4.5
      vertex 33.9391 11.8939 1
      vertex 33.9391 11.8939 4.5
    endloop
  endfacet
  facet normal 0.659248 0.751925 -0
    outer loop
      vertex 32.713 11.5653 1
      vertex 32.6343 11.6343 4.5
      vertex 32.713 11.5653 4.5
    endloop
  endfacet
  facet normal 0.659248 0.751925 0
    outer loop
      vertex 32.6343 11.6343 4.5
      vertex 32.713 11.5653 1
      vertex 32.6343 11.6343 1
    endloop
  endfacet
  facet normal 0.195749 -0.980654 0
    outer loop
      vertex 32.9929 12.9727 1
      vertex 33.0956 12.9932 4.5
      vertex 32.9929 12.9727 4.5
    endloop
  endfacet
  facet normal 0.195749 -0.980654 0
    outer loop
      vertex 33.0956 12.9932 4.5
      vertex 32.9929 12.9727 1
      vertex 33.0956 12.9932 1
    endloop
  endfacet
  facet normal -0.659248 0.751925 0
    outer loop
      vertex 33.7657 11.6343 1
      vertex 33.687 11.5653 4.5
      vertex 33.7657 11.6343 4.5
    endloop
  endfacet
  facet normal -0.659248 0.751925 0
    outer loop
      vertex 33.687 11.5653 4.5
      vertex 33.7657 11.6343 1
      vertex 33.687 11.5653 1
    endloop
  endfacet
  facet normal -0.44224 0.896897 0
    outer loop
      vertex 33.6 11.5072 1
      vertex 33.5061 11.4609 4.5
      vertex 33.6 11.5072 4.5
    endloop
  endfacet
  facet normal -0.44224 0.896897 0
    outer loop
      vertex 33.5061 11.4609 4.5
      vertex 33.6 11.5072 1
      vertex 33.5061 11.4609 1
    endloop
  endfacet
  facet normal -0.659248 -0.751925 0
    outer loop
      vertex 33.687 12.8347 1
      vertex 33.7657 12.7657 4.5
      vertex 33.687 12.8347 4.5
    endloop
  endfacet
  facet normal -0.659248 -0.751925 -0
    outer loop
      vertex 33.7657 12.7657 4.5
      vertex 33.687 12.8347 1
      vertex 33.7657 12.7657 1
    endloop
  endfacet
  facet normal -0.195749 0.980654 0
    outer loop
      vertex 33.4071 11.4273 1
      vertex 33.3044 11.4068 4.5
      vertex 33.4071 11.4273 4.5
    endloop
  endfacet
  facet normal -0.195749 0.980654 0
    outer loop
      vertex 33.3044 11.4068 4.5
      vertex 33.4071 11.4273 1
      vertex 33.3044 11.4068 1
    endloop
  endfacet
  facet normal -0.831609 0.555362 0
    outer loop
      vertex 33.8347 11.713 1
      vertex 33.8928 11.8 4.5
      vertex 33.8928 11.8 1
    endloop
  endfacet
  facet normal -0.831609 0.555362 0
    outer loop
      vertex 33.8928 11.8 4.5
      vertex 33.8347 11.713 1
      vertex 33.8347 11.713 4.5
    endloop
  endfacet
  facet normal 0.195749 0.980654 -0
    outer loop
      vertex 33.0956 11.4068 1
      vertex 32.9929 11.4273 4.5
      vertex 33.0956 11.4068 4.5
    endloop
  endfacet
  facet normal 0.195749 0.980654 0
    outer loop
      vertex 32.9929 11.4273 4.5
      vertex 33.0956 11.4068 1
      vertex 32.9929 11.4273 1
    endloop
  endfacet
  facet normal 0.896897 -0.44224 0
    outer loop
      vertex 32.4609 12.5061 4.5
      vertex 32.5072 12.6 1
      vertex 32.5072 12.6 4.5
    endloop
  endfacet
  facet normal 0.896897 -0.44224 0
    outer loop
      vertex 32.5072 12.6 1
      vertex 32.4609 12.5061 4.5
      vertex 32.4609 12.5061 1
    endloop
  endfacet
  facet normal -0.980654 0.195749 0
    outer loop
      vertex 33.9727 11.9929 1
      vertex 33.9932 12.0956 4.5
      vertex 33.9932 12.0956 1
    endloop
  endfacet
  facet normal -0.980654 0.195749 0
    outer loop
      vertex 33.9932 12.0956 4.5
      vertex 33.9727 11.9929 1
      vertex 33.9727 11.9929 4.5
    endloop
  endfacet
  facet normal 0.946948 0.321388 0
    outer loop
      vertex 32.4609 11.8939 4.5
      vertex 32.4273 11.9929 1
      vertex 32.4273 11.9929 4.5
    endloop
  endfacet
  facet normal 0.946948 0.321388 0
    outer loop
      vertex 32.4273 11.9929 1
      vertex 32.4609 11.8939 4.5
      vertex 32.4609 11.8939 1
    endloop
  endfacet
  facet normal 0.980654 0.195749 0
    outer loop
      vertex 32.4273 11.9929 4.5
      vertex 32.4068 12.0956 1
      vertex 32.4068 12.0956 4.5
    endloop
  endfacet
  facet normal 0.980654 0.195749 0
    outer loop
      vertex 32.4068 12.0956 1
      vertex 32.4273 11.9929 4.5
      vertex 32.4273 11.9929 1
    endloop
  endfacet
  facet normal -0.0649964 0.997886 0
    outer loop
      vertex 33.3044 11.4068 1
      vertex 33.2 11.4 4.5
      vertex 33.3044 11.4068 4.5
    endloop
  endfacet
  facet normal -0.0649964 0.997886 0
    outer loop
      vertex 33.2 11.4 4.5
      vertex 33.3044 11.4068 1
      vertex 33.2 11.4 1
    endloop
  endfacet
  facet normal -0.555362 -0.831609 0
    outer loop
      vertex 33.6 12.8928 1
      vertex 33.687 12.8347 4.5
      vertex 33.6 12.8928 4.5
    endloop
  endfacet
  facet normal -0.555362 -0.831609 -0
    outer loop
      vertex 33.687 12.8347 4.5
      vertex 33.6 12.8928 1
      vertex 33.687 12.8347 1
    endloop
  endfacet
  facet normal -0.997886 0.0649964 0
    outer loop
      vertex 33.9932 12.0956 1
      vertex 34 12.2 4.5
      vertex 34 12.2 1
    endloop
  endfacet
  facet normal -0.997886 0.0649964 0
    outer loop
      vertex 34 12.2 4.5
      vertex 33.9932 12.0956 1
      vertex 33.9932 12.0956 4.5
    endloop
  endfacet
  facet normal 0.44224 -0.896897 0
    outer loop
      vertex 32.8 12.8928 1
      vertex 32.8939 12.9391 4.5
      vertex 32.8 12.8928 4.5
    endloop
  endfacet
  facet normal 0.44224 -0.896897 0
    outer loop
      vertex 32.8939 12.9391 4.5
      vertex 32.8 12.8928 1
      vertex 32.8939 12.9391 1
    endloop
  endfacet
  facet normal 0.0649964 0.997886 -0
    outer loop
      vertex 33.2 11.4 1
      vertex 33.0956 11.4068 4.5
      vertex 33.2 11.4 4.5
    endloop
  endfacet
  facet normal 0.0649964 0.997886 0
    outer loop
      vertex 33.0956 11.4068 4.5
      vertex 33.2 11.4 1
      vertex 33.0956 11.4068 1
    endloop
  endfacet
  facet normal 0 0 1
    outer loop
      vertex 33.9932 12.3044 1
      vertex 33.9932 12.0956 1
      vertex 34 12.2 1
    endloop
  endfacet
  facet normal 0 0 1
    outer loop
      vertex 33.9727 12.4071 1
      vertex 33.9932 12.0956 1
      vertex 33.9932 12.3044 1
    endloop
  endfacet
  facet normal 0 0 1
    outer loop
      vertex 33.9727 12.4071 1
      vertex 33.9727 11.9929 1
      vertex 33.9932 12.0956 1
    endloop
  endfacet
  facet normal 0 0 1
    outer loop
      vertex 33.9391 12.5061 1
      vertex 33.9727 11.9929 1
      vertex 33.9727 12.4071 1
    endloop
  endfacet
  facet normal 0 0 1
    outer loop
      vertex 33.9391 12.5061 1
      vertex 33.9391 11.8939 1
      vertex 33.9727 11.9929 1
    endloop
  endfacet
  facet normal 0 0 1
    outer loop
      vertex 33.8928 12.6 1
      vertex 33.9391 11.8939 1
      vertex 33.9391 12.5061 1
    endloop
  endfacet
  facet normal 0 0 1
    outer loop
      vertex 33.8928 12.6 1
      vertex 33.8928 11.8 1
      vertex 33.9391 11.8939 1
    endloop
  endfacet
  facet normal 0 0 1
    outer loop
      vertex 33.8347 12.687 1
      vertex 33.8928 11.8 1
      vertex 33.8928 12.6 1
    endloop
  endfacet
  facet normal 0 0 1
    outer loop
      vertex 33.8347 12.687 1
      vertex 33.8347 11.713 1
      vertex 33.8928 11.8 1
    endloop
  endfacet
  facet normal 0 0 1
    outer loop
      vertex 33.7657 12.7657 1
      vertex 33.8347 11.713 1
      vertex 33.8347 12.687 1
    endloop
  endfacet
  facet normal 0 0 1
    outer loop
      vertex 33.7657 12.7657 1
      vertex 33.7657 11.6343 1
      vertex 33.8347 11.713 1
    endloop
  endfacet
  facet normal 0 0 1
    outer loop
      vertex 33.687 12.8347 1
      vertex 33.7657 11.6343 1
      vertex 33.7657 12.7657 1
    endloop
  endfacet
  facet normal 0 0 1
    outer loop
      vertex 33.687 12.8347 1
      vertex 33.687 11.5653 1
      vertex 33.7657 11.6343 1
    endloop
  endfacet
  facet normal 0 0 1
    outer loop
      vertex 33.6 12.8928 1
      vertex 33.687 11.5653 1
      vertex 33.687 12.8347 1
    endloop
  endfacet
  facet normal 0 0 1
    outer loop
      vertex 33.6 12.8928 1
      vertex 33.6 11.5072 1
      vertex 33.687 11.5653 1
    endloop
  endfacet
  facet normal 0 0 1
    outer loop
      vertex 33.5061 12.9391 1
      vertex 33.6 11.5072 1
      vertex 33.6 12.8928 1
    endloop
  endfacet
  facet normal 0 0 1
    outer loop
      vertex 33.5061 12.9391 1
      vertex 33.5061 11.4609 1
      vertex 33.6 11.5072 1
    endloop
  endfacet
  facet normal 0 0 1
    outer loop
      vertex 33.4071 12.9727 1
      vertex 33.5061 11.4609 1
      vertex 33.5061 12.9391 1
    endloop
  endfacet
  facet normal 0 0 1
    outer loop
      vertex 33.4071 12.9727 1
      vertex 33.4071 11.4273 1
      vertex 33.5061 11.4609 1
    endloop
  endfacet
  facet normal 0 0 1
    outer loop
      vertex 33.3044 12.9932 1
      vertex 33.4071 11.4273 1
      vertex 33.4071 12.9727 1
    endloop
  endfacet
  facet normal 0 0 1
    outer loop
      vertex 33.3044 12.9932 1
      vertex 33.3044 11.4068 1
      vertex 33.4071 11.4273 1
    endloop
  endfacet
  facet normal 0 0 1
    outer loop
      vertex 33.2 13 1
      vertex 33.3044 11.4068 1
      vertex 33.3044 12.9932 1
    endloop
  endfacet
  facet normal 0 0 1
    outer loop
      vertex 33.2 13 1
      vertex 33.2 11.4 1
      vertex 33.3044 11.4068 1
    endloop
  endfacet
  facet normal -0 0 1
    outer loop
      vertex 33.0956 12.9932 1
      vertex 33.2 11.4 1
      vertex 33.2 13 1
    endloop
  endfacet
  facet normal 0 0 1
    outer loop
      vertex 33.0956 12.9932 1
      vertex 33.0956 11.4068 1
      vertex 33.2 11.4 1
    endloop
  endfacet
  facet normal -0 0 1
    outer loop
      vertex 32.9929 12.9727 1
      vertex 33.0956 11.4068 1
      vertex 33.0956 12.9932 1
    endloop
  endfacet
  facet normal 0 0 1
    outer loop
      vertex 32.9929 12.9727 1
      vertex 32.9929 11.4273 1
      vertex 33.0956 11.4068 1
    endloop
  endfacet
  facet normal -0 0 1
    outer loop
      vertex 32.8939 12.9391 1
      vertex 32.9929 11.4273 1
      vertex 32.9929 12.9727 1
    endloop
  endfacet
  facet normal 0 0 1
    outer loop
      vertex 32.8939 12.9391 1
      vertex 32.8939 11.4609 1
      vertex 32.9929 11.4273 1
    endloop
  endfacet
  facet normal -0 0 1
    outer loop
      vertex 32.8 12.8928 1
      vertex 32.8939 11.4609 1
      vertex 32.8939 12.9391 1
    endloop
  endfacet
  facet normal 0 0 1
    outer loop
      vertex 32.8 12.8928 1
      vertex 32.8 11.5072 1
      vertex 32.8939 11.4609 1
    endloop
  endfacet
  facet normal -0 0 1
    outer loop
      vertex 32.713 12.8347 1
      vertex 32.8 11.5072 1
      vertex 32.8 12.8928 1
    endloop
  endfacet
  facet normal 0 0 1
    outer loop
      vertex 32.713 12.8347 1
      vertex 32.713 11.5653 1
      vertex 32.8 11.5072 1
    endloop
  endfacet
  facet normal -0 0 1
    outer loop
      vertex 32.6343 12.7657 1
      vertex 32.713 11.5653 1
      vertex 32.713 12.8347 1
    endloop
  endfacet
  facet normal 0 0 1
    outer loop
      vertex 32.6343 12.7657 1
      vertex 32.6343 11.6343 1
      vertex 32.713 11.5653 1
    endloop
  endfacet
  facet normal -0 0 1
    outer loop
      vertex 32.5653 12.687 1
      vertex 32.6343 11.6343 1
      vertex 32.6343 12.7657 1
    endloop
  endfacet
  facet normal 0 0 1
    outer loop
      vertex 32.5653 12.687 1
      vertex 32.5653 11.713 1
      vertex 32.6343 11.6343 1
    endloop
  endfacet
  facet normal -0 0 1
    outer loop
      vertex 32.5072 12.6 1
      vertex 32.5653 11.713 1
      vertex 32.5653 12.687 1
    endloop
  endfacet
  facet normal 0 0 1
    outer loop
      vertex 32.5072 12.6 1
      vertex 32.5072 11.8 1
      vertex 32.5653 11.713 1
    endloop
  endfacet
  facet normal -0 0 1
    outer loop
      vertex 32.4609 12.5061 1
      vertex 32.5072 11.8 1
      vertex 32.5072 12.6 1
    endloop
  endfacet
  facet normal 0 0 1
    outer loop
      vertex 32.4609 12.5061 1
      vertex 32.4609 11.8939 1
      vertex 32.5072 11.8 1
    endloop
  endfacet
  facet normal -0 0 1
    outer loop
      vertex 32.4273 12.4071 1
      vertex 32.4609 11.8939 1
      vertex 32.4609 12.5061 1
    endloop
  endfacet
  facet normal 0 0 1
    outer loop
      vertex 32.4273 12.4071 1
      vertex 32.4273 11.9929 1
      vertex 32.4609 11.8939 1
    endloop
  endfacet
  facet normal -0 0 1
    outer loop
      vertex 32.4068 12.3044 1
      vertex 32.4273 11.9929 1
      vertex 32.4273 12.4071 1
    endloop
  endfacet
  facet normal 0 0 1
    outer loop
      vertex 32.4068 12.3044 1
      vertex 32.4068 12.0956 1
      vertex 32.4273 11.9929 1
    endloop
  endfacet
  facet normal 0 -0 1
    outer loop
      vertex 32.4068 12.0956 1
      vertex 32.4068 12.3044 1
      vertex 32.4 12.2 1
    endloop
  endfacet
  facet normal 0.896897 0.44224 0
    outer loop
      vertex 32.5072 11.8 4.5
      vertex 32.4609 11.8939 1
      vertex 32.4609 11.8939 4.5
    endloop
  endfacet
  facet normal 0.896897 0.44224 0
    outer loop
      vertex 32.4609 11.8939 1
      vertex 32.5072 11.8 4.5
      vertex 32.5072 11.8 1
    endloop
  endfacet
  facet normal -0.896897 0.44224 0
    outer loop
      vertex 33.8928 11.8 1
      vertex 33.9391 11.8939 4.5
      vertex 33.9391 11.8939 1
    endloop
  endfacet
  facet normal -0.896897 0.44224 0
    outer loop
      vertex 33.9391 11.8939 4.5
      vertex 33.8928 11.8 1
      vertex 33.8928 11.8 4.5
    endloop
  endfacet
  facet normal 0.831609 -0.555362 0
    outer loop
      vertex 32.5072 12.6 4.5
      vertex 32.5653 12.687 1
      vertex 32.5653 12.687 4.5
    endloop
  endfacet
  facet normal 0.831609 -0.555362 0
    outer loop
      vertex 32.5653 12.687 1
      vertex 32.5072 12.6 4.5
      vertex 32.5072 12.6 1
    endloop
  endfacet
  facet normal -0.555362 0.831609 0
    outer loop
      vertex 33.687 11.5653 1
      vertex 33.6 11.5072 4.5
      vertex 33.687 11.5653 4.5
    endloop
  endfacet
  facet normal -0.555362 0.831609 0
    outer loop
      vertex 33.6 11.5072 4.5
      vertex 33.687 11.5653 1
      vertex 33.6 11.5072 1
    endloop
  endfacet
  facet normal -0.44224 -0.896897 0
    outer loop
      vertex 33.5061 12.9391 1
      vertex 33.6 12.8928 4.5
      vertex 33.5061 12.9391 4.5
    endloop
  endfacet
  facet normal -0.44224 -0.896897 -0
    outer loop
      vertex 33.6 12.8928 4.5
      vertex 33.5061 12.9391 1
      vertex 33.6 12.8928 1
    endloop
  endfacet
  facet normal 0.831609 0.555362 0
    outer loop
      vertex 32.5653 11.713 4.5
      vertex 32.5072 11.8 1
      vertex 32.5072 11.8 4.5
    endloop
  endfacet
  facet normal 0.831609 0.555362 0
    outer loop
      vertex 32.5072 11.8 1
      vertex 32.5653 11.713 4.5
      vertex 32.5653 11.713 1
    endloop
  endfacet
  facet normal -0.0649964 -0.997886 0
    outer loop
      vertex 33.2 13 1
      vertex 33.3044 12.9932 4.5
      vertex 33.2 13 4.5
    endloop
  endfacet
  facet normal -0.0649964 -0.997886 -0
    outer loop
      vertex 33.3044 12.9932 4.5
      vertex 33.2 13 1
      vertex 33.3044 12.9932 1
    endloop
  endfacet
  facet normal 0.0649964 -0.997886 0
    outer loop
      vertex 33.0956 12.9932 1
      vertex 33.2 13 4.5
      vertex 33.0956 12.9932 4.5
    endloop
  endfacet
  facet normal 0.0649964 -0.997886 0
    outer loop
      vertex 33.2 13 4.5
      vertex 33.0956 12.9932 1
      vertex 33.2 13 1
    endloop
  endfacet
  facet normal 0.980654 -0.195749 0
    outer loop
      vertex 32.4068 12.3044 4.5
      vertex 32.4273 12.4071 1
      vertex 32.4273 12.4071 4.5
    endloop
  endfacet
  facet normal 0.980654 -0.195749 0
    outer loop
      vertex 32.4273 12.4071 1
      vertex 32.4068 12.3044 4.5
      vertex 32.4068 12.3044 1
    endloop
  endfacet
  facet normal 0.44224 0.896897 -0
    outer loop
      vertex 32.8939 11.4609 1
      vertex 32.8 11.5072 4.5
      vertex 32.8939 11.4609 4.5
    endloop
  endfacet
  facet normal 0.44224 0.896897 0
    outer loop
      vertex 32.8 11.5072 4.5
      vertex 32.8939 11.4609 1
      vertex 32.8 11.5072 1
    endloop
  endfacet
  facet normal 0.321388 0.946948 -0
    outer loop
      vertex 32.9929 11.4273 1
      vertex 32.8939 11.4609 4.5
      vertex 32.9929 11.4273 4.5
    endloop
  endfacet
  facet normal 0.321388 0.946948 0
    outer loop
      vertex 32.8939 11.4609 4.5
      vertex 32.9929 11.4273 1
      vertex 32.8939 11.4609 1
    endloop
  endfacet
  facet normal 0.997886 0.0649964 0
    outer loop
      vertex 32.4068 12.0956 4.5
      vertex 32.4 12.2 1
      vertex 32.4 12.2 4.5
    endloop
  endfacet
  facet normal 0.997886 0.0649964 0
    outer loop
      vertex 32.4 12.2 1
      vertex 32.4068 12.0956 4.5
      vertex 32.4068 12.0956 1
    endloop
  endfacet
endsolid OpenSCAD_Model
